lon,lat,name,address,pname,cityname,business_area,type,typecode,id,type1,type2,type3,type4
104.62385938395543,26.770144202184312,六盘水福运宾馆,山根脚村,贵州省,六盘水市,,住宿服务;宾馆酒店;宾馆酒店,100100,B0G1ZR5GAL,住宿服务,宾馆酒店,宾馆酒店,
104.65840662537143,26.749813920657495,敏诗宾馆,鑫源加油站东南侧150米,贵州省,六盘水市,,住宿服务;宾馆酒店;宾馆酒店,100100,B0JKKS8MBL,住宿服务,宾馆酒店,宾馆酒店,
104.63378732809184,26.772889297402788,六盘水胡成云民宿,大湾镇烟堆山,贵州省,六盘水市,,住宿服务;住宿服务相关;住宿服务相关,100000,B0FFK1M6GW,住宿服务,住宿服务相关,住宿服务相关,
104.63521874117934,26.77303322615622,六盘水来福旅社,212省道与韭菜坪大道交叉口西80米,贵州省,六盘水市,,住宿服务;住宿服务相关;住宿服务相关,100000,B0FFK72R1M,住宿服务,住宿服务相关,住宿服务相关,
104.63366762880008,26.772785477132977,九天宾馆,212省道与韭菜坪大道交叉口西240米,贵州省,六盘水市,,住宿服务;宾馆酒店;宾馆酒店,100100,B0GRPAK01Z,住宿服务,宾馆酒店,宾馆酒店,
104.64149539226811,26.771504749985922,景程客栈,大湾镇农业银行二塘支行左50米,贵州省,六盘水市,,住宿服务;住宿服务相关;住宿服务相关,100000,B0J63U1WDT,住宿服务,住宿服务相关,住宿服务相关,
104.64721176739926,26.766498705754707,六盘水逸居客栈,大湾镇新寨村二组101号通达汽车修理厂东北150米,贵州省,六盘水市,,住宿服务;住宿服务相关;住宿服务相关,100000,B0H3TNFOFI,住宿服务,住宿服务相关,住宿服务相关,
104.6199619655594,26.781025203393117,佳豪宾馆,大湾加油站后面20米处,贵州省,六盘水市,,住宿服务;旅馆招待所;旅馆招待所,100200,B0FFJJ3GFH,住宿服务,旅馆招待所,旅馆招待所,
104.64187142676397,26.770217268172367,福旺旅社,大湾镇二塘街上,贵州省,六盘水市,,住宿服务;旅馆招待所;旅馆招待所,100200,B0G1Z76P72,住宿服务,旅馆招待所,旅馆招待所,
104.64905243451905,26.76860231810583,六盘水凉都十九度客栈,大湾镇新寨村三组小台湾123号,贵州省,六盘水市,,住宿服务;旅馆招待所;旅馆招待所,100200,B0HRDSX0JN,住宿服务,旅馆招待所,旅馆招待所,
104.65329534758685,26.762371321776868,比女街生态园精品酒店,大湾镇,贵州省,六盘水市,,住宿服务;住宿服务相关;住宿服务相关,100000,B0FFIR8NV2,住宿服务,住宿服务相关,住宿服务相关,
104.63792760572812,26.777772710057533,碧宇宾馆,大湾镇大湾派出所文化路,贵州省,六盘水市,,住宿服务;宾馆酒店;宾馆酒店,100100,B0GR0AW9U6,住宿服务,宾馆酒店,宾馆酒店,
104.62659174069266,26.787214245380028,六盘水林香源山庄,大湾镇大湾村三组雷打山,贵州省,六盘水市,,住宿服务;住宿服务相关;住宿服务相关,100000,B0LRAX0ZQU,住宿服务,住宿服务相关,住宿服务相关,
104.65928867397001,26.781683381344624,钟山区润琳田园,大湾镇新寨村四组,贵州省,六盘水市,,住宿服务;住宿服务相关;住宿服务相关,100000,B0JRXZ46D7,住宿服务,住宿服务相关,住宿服务相关,
104.65750490102046,26.78529931588843,郭家大院民宿山庄,大湾镇新寨村五组42号,贵州省,六盘水市,,住宿服务;住宿服务相关;住宿服务相关,100000,B0KUSCYBER,住宿服务,住宿服务相关,住宿服务相关,
104.73447943787264,26.634603679442904,六盘水梅花山度假别墅,梅花山度假公园内,贵州省,六盘水市,,住宿服务;住宿服务相关;住宿服务相关,100000,B0FFINDG77,住宿服务,住宿服务相关,住宿服务相关,
104.74612930449132,26.60069435577998,盘布拉格度假酒店(六盘水梅花山景区店),双戛乡梅花山景区内(近滑雪场),贵州省,六盘水市,,住宿服务;住宿服务相关;住宿服务相关,100000,B0FFI7SYN5,住宿服务,住宿服务相关,住宿服务相关,
104.74848449848142,26.561257781673298,晨辰·那山村晓非凡品宿,玉舍镇前进小学西北100米,贵州省,六盘水市,,住宿服务;住宿服务相关;住宿服务相关,100000,B0L6G7GL3Y,住宿服务,住宿服务相关,住宿服务相关,
104.64307925571624,26.491269770480784,青山隐晏,[],贵州省,六盘水市,,住宿服务;住宿服务相关;住宿服务相关,100000,B0L1TX5M27,住宿服务,住宿服务相关,住宿服务相关,
104.77308370357778,26.619418219544556,诚信招待所,双戛街道马戛村一组马姚路1356号,贵州省,六盘水市,,住宿服务;旅馆招待所;旅馆招待所,100200,B0FFMGKT3O,住宿服务,旅馆招待所,旅馆招待所,
104.77228775453666,26.618997456724024,祥文元商务宾馆,001乡道南50米,贵州省,六盘水市,,住宿服务;住宿服务相关;住宿服务相关,100000,B0FFKPVLAA,住宿服务,住宿服务相关,住宿服务相关,
104.77289371082118,26.6193850415075,雅清招待所,001乡道东北侧,贵州省,六盘水市,,住宿服务;旅馆招待所;旅馆招待所,100200,B0G11UETD0,住宿服务,旅馆招待所,旅馆招待所,
104.75073145083978,26.55909758210598,何栖居·篱间别院,玉舍镇前进村草莓基地西侧60米,贵州省,六盘水市,,住宿服务;住宿服务相关;住宿服务相关,100000,B0LU6ULH4A,住宿服务,住宿服务相关,住宿服务相关,
104.77803507572887,26.6176380376741,霜嘎招待所,钟山区人民法院德坞人民法庭东侧,贵州省,六盘水市,,住宿服务;旅馆招待所;旅馆招待所,100200,B0FFKYS034,住宿服务,旅馆招待所,旅馆招待所,
104.77811809378822,26.617499115170585,桐博宾馆,钟山区人民法院德坞人民法庭东侧50米,贵州省,六盘水市,,住宿服务;宾馆酒店;宾馆酒店,100100,B0JRSUK202,住宿服务,宾馆酒店,宾馆酒店,
104.78032287921816,26.608560720034074,利民小区1号楼一单元观山居民宿,德坞西客运站对面,贵州省,六盘水市,,住宿服务;旅馆招待所;旅馆招待所,100200,B0L1NAWLBX,住宿服务,旅馆招待所,旅馆招待所,
104.79282987330801,26.611986689255552,六盘水悦宾酒店,钟山大道西宁一号二期三层,贵州省,六盘水市,,住宿服务;住宿服务相关;住宿服务相关,100000,B0LRKZHKFT,住宿服务,住宿服务相关,住宿服务相关,
104.79260573871441,26.612084365375143,莱希智能酒店(六盘水职业技术院店),钟山大道钟山区大风车幼儿园西南侧约90米,贵州省,六盘水市,,住宿服务;住宿服务相关;住宿服务相关,100000,B0LRSO41FY,住宿服务,住宿服务相关,住宿服务相关,
104.79323609141247,26.612498346735258,六盘水凯泰大酒店,钟山大道与西宁路交汇处西宁1号,贵州省,六盘水市,,住宿服务;宾馆酒店;宾馆酒店,100100,B0G0HHHVNH,住宿服务,宾馆酒店,宾馆酒店,
104.78040092374522,26.60791774376511,水墨人家民宿(钟山大道分店),钟山大道德坞利民小区-A栋,贵州省,六盘水市,,住宿服务;住宿服务相关;住宿服务相关,100000,B0L1XUQJZK,住宿服务,住宿服务相关,住宿服务相关,
104.78870806302307,26.603006814718018,六盘水济泓假日酒店,红桥大道西段860号(德坞明景小区旁边),贵州省,六盘水市,,住宿服务;宾馆酒店;宾馆酒店,100100,B0HDPSIMI7,住宿服务,宾馆酒店,宾馆酒店,
104.79243763942851,26.612138121322513,六盘水瑞枫酒店,德坞街道西宁一号二期一单元五楼瑞枫酒店,贵州省,六盘水市,,住宿服务;宾馆酒店;宾馆酒店,100100,B0I3J581OV,住宿服务,宾馆酒店,宾馆酒店,
104.79237160704653,26.612007010696033,六盘水漫廷酒店,钟山大道西宁一号2期1单元701室,贵州省,六盘水市,,住宿服务;宾馆酒店;宾馆酒店,100100,B0L66G6IH3,住宿服务,宾馆酒店,宾馆酒店,
104.78050092095116,26.608517921576613,希尔克民宿(内环快线分店),内环快线德坞利民小区-1栋,贵州省,六盘水市,,住宿服务;住宿服务相关;住宿服务相关,100000,B0L1JK7SNP,住宿服务,住宿服务相关,住宿服务相关,
104.79275581115672,26.612434622817954,书予酒店,西宁路西宁一号二期一单元6楼,贵州省,六盘水市,,住宿服务;宾馆酒店;宾馆酒店,100100,B0KAXHDY59,住宿服务,宾馆酒店,宾馆酒店,
104.79265575294745,26.61243447396247,尚品美宿(六盘水职业技术学院店),西宁路西宁一号二期二单元1802室,贵州省,六盘水市,,住宿服务;住宿服务相关;住宿服务相关,100000,B0LRXU08VE,住宿服务,住宿服务相关,住宿服务相关,
104.79310702565986,26.61224112819602,六盘水古月小栈民宿(六盘水市人民医院店),德坞街道羊汤锅街西宁1号2单元602-605室,贵州省,六盘水市,,住宿服务;旅馆招待所;旅馆招待所,100200,B0H64KH76D,住宿服务,旅馆招待所,旅馆招待所,
104.7925306972614,26.612038249463357,六盘水三熹酒店(市医院店),钟山大道西宁一号二期B栋1楼,贵州省,六盘水市,,住宿服务;住宿服务相关;住宿服务相关,100000,B0KG4MKDYK,住宿服务,住宿服务相关,住宿服务相关,
104.79423164006454,26.613827979915158,初舍民宿(六盘水职业技术学院店),西宁路聚福新城3号楼1601室,贵州省,六盘水市,,住宿服务;旅馆招待所;旅馆招待所,100200,B0K1PS6J98,住宿服务,旅馆招待所,旅馆招待所,
104.7940044558222,26.66223971493796,鑫澜民宿,汪家寨镇新塘村8组99号,贵州省,六盘水市,,住宿服务;旅馆招待所;旅馆招待所,100200,B0L1Z7OHR1,住宿服务,旅馆招待所,旅馆招待所,
104.79250568088612,26.6120842168736,六盘水岚朵公寓(职业技术学院店),钟山大道西宁一号2期A栋1单元13楼,贵州省,六盘水市,,住宿服务;宾馆酒店;宾馆酒店,100100,B0LRA50WU9,住宿服务,宾馆酒店,宾馆酒店,
104.79361628739002,26.613258992502423,鸿程酒店(六盘水职业技术学院店),西宁路61号,贵州省,六盘水市,,住宿服务;宾馆酒店;宾馆酒店,100100,B0LR7CIQ9L,住宿服务,宾馆酒店,宾馆酒店,
104.79398555169618,26.6123254604346,六盘水弘泰宾馆,白鹤便民市场旁,贵州省,六盘水市,,住宿服务;住宿服务相关;住宿服务相关,100000,B0FFJE2GF7,住宿服务,住宿服务相关,住宿服务相关,
104.79375643238605,26.611836065400368,栖枫院民宿(六盘水职业技术学院店),钟山大道海源大厦一单元1405号,贵州省,六盘水市,,住宿服务;旅馆招待所;旅馆招待所,100200,B0KAA19XCS,住宿服务,旅馆招待所,旅馆招待所,
104.80244225662794,26.66657739212953,恒溪客栈,汪家寨镇新塘村九组63号,贵州省,六盘水市,,住宿服务;旅馆招待所;旅馆招待所,100200,B0KULOFD74,住宿服务,旅馆招待所,旅馆招待所,
104.78041392572922,26.60793976108713,房东欧阳夏公寓(钟山大道分店),356国道与内环快线入口交叉口东南220米,贵州省,六盘水市,,住宿服务;住宿服务相关;住宿服务相关|商务住宅;商务住宅相关;商务住宅相关,100000|120000,B0J1UN160G,住宿服务,住宿服务相关,住宿服务相关|商务住宅,商务住宅相关
104.79243963749711,26.612211131438492,景云公寓,钟山大道西宁一号二期B栋501号,贵州省,六盘水市,,住宿服务;住宿服务相关;住宿服务相关,100000,B0LDOU1R22,住宿服务,住宿服务相关,住宿服务相关,
104.79349626635899,26.61204169305516,希璟酒店(六盘水市人民医院店),德坞街道钟山大道与西宁路交叉口东北40米海源大厦二楼,贵州省,六盘水市,,住宿服务;宾馆酒店;宾馆酒店,100100,B0K1CSMILG,住宿服务,宾馆酒店,宾馆酒店,
104.792520684689,26.612199250404913,云逸美宿(六盘水市人民医院店),西宁路西宁一号二期B栋1002号,贵州省,六盘水市,,住宿服务;住宿服务相关;住宿服务相关,100000,B0LK9OC209,住宿服务,住宿服务相关,住宿服务相关,
104.80411158726437,26.667106244821465,焱峰民宿,六盘水市钟山区新塘村九组75号,贵州省,六盘水市,,住宿服务;宾馆酒店;宾馆酒店,100100,B0LUPL55EF,住宿服务,宾馆酒店,宾馆酒店,
104.78501243041029,26.60468404573646,亿家民宿,钟山大道40号,贵州省,六盘水市,,住宿服务;旅馆招待所;旅馆招待所,100200,B0LAFL011Y,住宿服务,旅馆招待所,旅馆招待所,
104.80271891629093,26.608742146846758,盛世龙腾度假酒店,钟山大道139号,贵州省,六盘水市,,住宿服务;住宿服务相关;住宿服务相关,100000,B0H3UA6SLR,住宿服务,住宿服务相关,住宿服务相关,
104.80465999023319,26.66834021819724,鑫宇民宿,汪家寨镇新塘村9组64号,贵州省,六盘水市,,住宿服务;宾馆酒店;宾馆酒店,100100,B0LD37KOKG,住宿服务,宾馆酒店,宾馆酒店,
104.79933050905208,26.698874427224663,六盘水星星宾馆,建强路与艺红路交叉口南60米,贵州省,六盘水市,,住宿服务;住宿服务相关;住宿服务相关,100000,B0FFLI9QKQ,住宿服务,住宿服务相关,住宿服务相关,
104.79374542578034,26.611834048562397,六盘水怡舍间民宿,西宁路海源大厦一单元1201室,贵州省,六盘水市,,住宿服务;旅馆招待所;旅馆招待所,100200,B0KDVCSVUX,住宿服务,旅馆招待所,旅馆招待所,
104.79323609217236,26.61248034497951,六盘水凯泰大酒店大堂,西宁路与钟山大道交叉口北80米,贵州省,六盘水市,,住宿服务;宾馆酒店;宾馆酒店,100100,B0H0C5YC8X,住宿服务,宾馆酒店,宾馆酒店,
104.78585257781033,26.608774570199625,惠民小区的民宿,德坞惠民小区东门旁,贵州省,六盘水市,,住宿服务;旅馆招待所;旅馆招待所,100200,B0MB1DW7FV,住宿服务,旅馆招待所,旅馆招待所,
104.7923205805709,26.6119419288282,瑞枫旅居公寓(钟山大道分店),钟山大道瑞枫酒店,贵州省,六盘水市,,住宿服务;住宿服务相关;住宿服务相关,100000,B0JGZLB3V0,住宿服务,住宿服务相关,住宿服务相关,
104.80357416547974,26.666652314001837,青云旅馆,汪家寨镇新塘村九组大自然度假村,贵州省,六盘水市,,住宿服务;旅馆招待所;旅馆招待所,100200,B0KU31E8KN,住宿服务,旅馆招待所,旅馆招待所,
104.79838979914163,26.699532893328048,俊丰客栈,艺红路与建强路交叉口西100米,贵州省,六盘水市,,住宿服务;住宿服务相关;住宿服务相关,100000,B0HR3MBNKA,住宿服务,住宿服务相关,住宿服务相关,
104.79374542573812,26.611835048660826,旧时小院民宿(钟山大道德坞街道店),钟山大道海源大厦,贵州省,六盘水市,,住宿服务;住宿服务相关;住宿服务相关,100000,B0K15NT0HK,住宿服务,住宿服务相关,住宿服务相关,
104.79838979914163,26.699532893328048,俊丰客栈,艺红路与建强路交叉口西100米,贵州省,六盘水市,,住宿服务;住宿服务相关;住宿服务相关,100000,B0HR3MBNKA,住宿服务,住宿服务相关,住宿服务相关,
104.79374542573812,26.611835048660826,旧时小院民宿(钟山大道德坞街道店),钟山大道海源大厦,贵州省,六盘水市,,住宿服务;住宿服务相关;住宿服务相关,100000,B0K15NT0HK,住宿服务,住宿服务相关,住宿服务相关,
104.78495746407076,26.579705848373145,六盘水山涧客栈,明湖村五组243号,贵州省,六盘水市,,住宿服务;住宿服务相关;住宿服务相关,100000,B0FFKX2TX3,住宿服务,住宿服务相关,住宿服务相关,
104.79935754008628,26.698610474925516,六和旅馆,建强路与艺红路交叉口南80米,贵州省,六盘水市,,住宿服务;旅馆招待所;旅馆招待所,100200,B0I249W8MY,住宿服务,旅馆招待所,旅馆招待所,
104.80311220610918,26.609365877063755,六盘水希尔曼酒店,德坞街道钟山大道西段712号,贵州省,六盘水市,,住宿服务;宾馆酒店;宾馆酒店,100100,B0FFKXAD8K,住宿服务,宾馆酒店,宾馆酒店,
104.79261172931555,26.612389404146686,云逸民宿,西宁路1号,贵州省,六盘水市,,住宿服务;旅馆招待所;旅馆招待所,100200,B0L2GDS9YP,住宿服务,旅馆招待所,旅馆招待所,
104.80244268902906,26.608906697224448,六盘水凉亭度假酒店(六盘水职业技术学院店),德坞街道钟山西路139号,贵州省,六盘水市,,住宿服务;宾馆酒店;宾馆酒店,100100,B0KBKRA1RS,住宿服务,宾馆酒店,宾馆酒店,
104.80250874107774,26.60891880989649,富屿酒店(六盘水职业技术学院店),德坞街道钟山西路139号3层,贵州省,六盘水市,,住宿服务;宾馆酒店;宾馆酒店,100100,B0KKP7UJEG,住宿服务,宾馆酒店,宾馆酒店,
104.79934851679059,26.699004454750153,捌捌宾馆,建强路与艺红路交叉口南40米,贵州省,六盘水市,,住宿服务;旅馆招待所;旅馆招待所,100200,B0G1YUUAAW,住宿服务,旅馆招待所,旅馆招待所,
104.80185420013414,26.609480766365,六盘水润毅索菲特酒店,"钟山大道与德阳路交汇处,德馨园正对面",贵州省,六盘水市,,住宿服务;住宿服务相关;住宿服务相关,100000,B0HRHP1RFN,住宿服务,住宿服务相关,住宿服务相关,
104.79252067079892,26.612528282551654,景云酒店,德坞街道钟山大道西宁一号二期二单元5楼,贵州省,六盘水市,,住宿服务;宾馆酒店;宾馆酒店,100100,B0LD2UJO0R,住宿服务,宾馆酒店,宾馆酒店,
104.803062754241,26.666565441603854,万峰民宿,汪家寨镇新塘村9组58号,贵州省,六盘水市,,住宿服务;宾馆酒店;宾馆酒店,100100,B0LUAHJ5AP,住宿服务,宾馆酒店,宾馆酒店,
104.79557969542633,26.6091265875422,遇见归宿民宿(六盘水店),钟山大道170号德馨桃源居11号楼21层2107,贵州省,六盘水市,,住宿服务;旅馆招待所;旅馆招待所,100200,B0KK2CEDGS,住宿服务,旅馆招待所,旅馆招待所,
104.80572636989655,26.609490383437834,六盘水竹园民宿(德月北路店),德坞街道西锦华府2号楼2单元3楼,贵州省,六盘水市,,住宿服务;旅馆招待所;旅馆招待所,100200,B0H0VSZRBU,住宿服务,旅馆招待所,旅馆招待所,
104.80549217316323,26.60943797117238,宏锦酒店(六盘水白鹤公园店),德坞街道德月北路20号盘古·西锦华府一楼,贵州省,六盘水市,,住宿服务;住宿服务相关;住宿服务相关,100000,B0ID5AJN66,住宿服务,住宿服务相关,住宿服务相关,
104.80287357433383,26.69089738999749,福绿客栈,汪家寨镇沙坝场村6组17号,贵州省,六盘水市,,住宿服务;旅馆招待所;旅馆招待所,100200,B0JD1C2NLZ,住宿服务,旅馆招待所,旅馆招待所,
104.79225589202326,26.603682975001174,希尔克民宿(夜郎大道店),明景小区-10栋,贵州省,六盘水市,,住宿服务;住宿服务相关;住宿服务相关,100000,B0L17K7DI2,住宿服务,住宿服务相关,住宿服务相关,
104.79566574720249,26.609230731850403,岳墅湾民宿(九龙路分店),九龙路桃源居的民宿(德坞店),贵州省,六盘水市,,住宿服务;旅馆招待所;旅馆招待所,100200,B0J16BP125,住宿服务,旅馆招待所,旅馆招待所,
104.80175411488288,26.609643615231008,索菲大酒店,阳光铭苑1-504,贵州省,六盘水市,,住宿服务;宾馆酒店;宾馆酒店,100100,B0FFGAWN6O,住宿服务,宾馆酒店,宾馆酒店,
104.56735185084028,26.201189022634537,可馨民宿,乌蒙镇二台坡居委会搬迁小区,贵州省,六盘水市,,住宿服务;旅馆招待所;旅馆招待所,100200,B0K1RH3826,住宿服务,旅馆招待所,旅馆招待所,
104.57835046908315,26.19802828394172,盘州十里春风主题酒店,乌蒙大草原乌蒙镇盘水路83号,贵州省,六盘水市,,住宿服务;住宿服务相关;住宿服务相关,100000,B0FFKJ6QOW,住宿服务,住宿服务相关,住宿服务相关,
104.57828246401174,26.198089268432017,伴山云度民宿,盘水路盘水中心餐馆东南约100米,贵州省,六盘水市,,住宿服务;旅馆招待所;旅馆招待所,100200,B0LD47NLUR,住宿服务,旅馆招待所,旅馆招待所,
104.57712031394473,26.19983139550318,云巅民宿酒店(乌蒙店),乌蒙镇十万人家服装城旁,贵州省,六盘水市,,住宿服务;旅馆招待所;旅馆招待所,100200,B0H3F59ZMR,住宿服务,旅馆招待所,旅馆招待所,
104.57790940099952,26.19923367137446,昱森酒店,距乌蒙镇客运站东南方向180米处,贵州省,六盘水市,,住宿服务;宾馆酒店;宾馆酒店,100100,B0KR6RZ6FQ,住宿服务,宾馆酒店,宾馆酒店,
104.57642921515249,26.20026007325848,云腾民宿,政府路乌蒙镇客运站向北50米,贵州省,六盘水市,,住宿服务;旅馆招待所;旅馆招待所,100200,B0L165SDIY,住宿服务,旅馆招待所,旅馆招待所,
104.5781614094916,26.199371953318085,盘县平安宾馆,四格乡212省道盘源酒店旁,贵州省,六盘水市,,住宿服务;住宿服务相关;住宿服务相关,100000,B0FFIBH4TN,住宿服务,住宿服务相关,住宿服务相关,
104.57796138524017,26.19972701177264,盘州金蒙宾馆,乌蒙镇盘水路中国体育彩票北侧约30米,贵州省,六盘水市,,住宿服务;宾馆酒店;宾馆酒店,100100,B0FFG2T9DL,住宿服务,宾馆酒店,宾馆酒店,
104.5805254926129,26.14409399210391,润程祥民宿(乌蒙大草原店),坪地彝族乡格青底村村委会北约260米,贵州省,六盘水市,,住宿服务;旅馆招待所;旅馆招待所,100200,B0LR4MOST6,住宿服务,旅馆招待所,旅馆招待所,
104.5777663876025,26.19934162323994,文惠超市旅馆,盘水路与政府路交叉口北20米,贵州省,六盘水市,,住宿服务;旅馆招待所;旅馆招待所,100200,B0FFG2T9D2,住宿服务,旅馆招待所,旅馆招待所,
104.5811003925198,26.197724050819367,枕山民宿,盘水路金派KTV东南80米,贵州省,六盘水市,,住宿服务;旅馆招待所;旅馆招待所,100200,B0LRPSQCVI,住宿服务,旅馆招待所,旅馆招待所,
104.57836939142504,26.200077542550176,六盘水一如既往民宿(盘县高原草场店),盘水路与政府路交叉口东北120米,贵州省,六盘水市,,住宿服务;旅馆招待所;旅馆招待所,100200,B0K3U6J47G,住宿服务,旅馆招待所,旅馆招待所,
104.57830139357687,26.199951413564833,盘县四格旅游招待所,盘水路与政府路交叉口东北100米,贵州省,六盘水市,,住宿服务;旅馆招待所;旅馆招待所,100200,B0FFL0SO67,住宿服务,旅馆招待所,旅馆招待所,
104.57683722602007,26.201325064539763,中心民宿,乌蒙镇政府路四格派出所对面,贵州省,六盘水市,,住宿服务;住宿服务相关;住宿服务相关,100000,B0M6RH0PPL,住宿服务,住宿服务相关,住宿服务相关,
104.57863740737172,26.199875625095242,温馨民宿,盘水路与政府路交叉口东北120米,贵州省,六盘水市,,住宿服务;旅馆招待所;旅馆招待所,100200,B0MBX5Z697,住宿服务,旅馆招待所,旅馆招待所,
104.57914238206381,26.200680490309413,君晨禧亭酒店,乌蒙镇盘水路76号,贵州省,六盘水市,,住宿服务;宾馆酒店;宾馆酒店,100100,B0FFL0BGWI,住宿服务,宾馆酒店,宾馆酒店,
104.59724462293212,26.182827509466634,繁花·见山民宿(盘州乌蒙大草原店),乌蒙镇乌蒙大草原景区售票处西南方向1公里处,贵州省,六盘水市,,住宿服务;住宿服务相关;住宿服务相关,100000,B0KG35OA18,住宿服务,住宿服务相关,住宿服务相关,
104.58148276784524,26.134437348653098,盘州市漫居别院,坪地彝族乡格青底村5组78号,贵州省,六盘水市,,住宿服务;旅馆招待所;旅馆招待所,100200,B0LRSS4MRG,住宿服务,旅馆招待所,旅馆招待所,
104.60662571117436,26.18464205595585,春阅阁民宿,乌蒙镇坡上村乌蒙大草原2号门西南方向140米,贵州省,六盘水市,,住宿服务;旅馆招待所;旅馆招待所,100200,B0K1N5FYB7,住宿服务,旅馆招待所,旅馆招待所,
104.58054404988994,26.129458483716228,山涧彝畔民宿,坪地彝族乡包包寨村五组18号,贵州省,六盘水市,,住宿服务;旅馆招待所;旅馆招待所,100200,B0LA25OFMR,住宿服务,旅馆招待所,旅馆招待所,
104.60752836564168,26.18672089714167,与山民宿(乌蒙大草原店),乌蒙镇坡上村乌蒙大草原2号门旁,贵州省,六盘水市,,住宿服务;旅馆招待所;旅馆招待所,100200,B0LRDD7ARU,住宿服务,旅馆招待所,旅馆招待所,
104.60807761191376,26.185814052146217,圣屿·牧戈民宿(乌蒙大草原店),乌蒙镇坡上村牧场组乌蒙大草原2号门西50米,贵州省,六盘水市,,住宿服务;住宿服务相关;住宿服务相关,100000,B0LRU5DBOJ,住宿服务,住宿服务相关,住宿服务相关,
104.60735858439847,26.187297338247483,依微民宿,乌蒙镇坡上村乌蒙大草原2号门北200米,贵州省,六盘水市,,住宿服务;旅馆招待所;旅馆招待所,100200,B0K15731XX,住宿服务,旅馆招待所,旅馆招待所,
104.60819241860592,26.186507418807693,半山逸居酒店(乌蒙大草原景区店),乌蒙镇坡上村牧场组乌蒙大草原2号门西北100米,贵州省,六盘水市,,住宿服务;宾馆酒店;宾馆酒店,100100,B0LUZDFLBY,住宿服务,宾馆酒店,宾馆酒店,
104.6078868599621,26.186526592374893,州黔民宿(乌蒙大草原店),乌蒙镇坡上村,贵州省,六盘水市,,住宿服务;旅馆招待所;旅馆招待所,100200,B0KRKA23K5,住宿服务,旅馆招待所,旅馆招待所,
104.60779398515697,26.186742774113064,盘州市曼棋民宿,乌蒙镇坡上村乌蒙大草原2号门旁,贵州省,六盘水市,,住宿服务;旅馆招待所;旅馆招待所,100200,B0KRYZZDK4,住宿服务,旅馆招待所,旅馆招待所,
104.6077540799939,26.185766192227995,云隐里民宿,乌蒙镇坡上村牧场组乌蒙大草原2号门西北方向80米,贵州省,六盘水市,,住宿服务;住宿服务相关;住宿服务相关,100000,B0LR9KO3W9,住宿服务,住宿服务相关,住宿服务相关,
104.60802068671016,26.186011203999584,鸿涛民宿,乌蒙镇坡上村乌蒙大草原2号门西北方向50米,贵州省,六盘水市,,住宿服务;旅馆招待所;旅馆招待所,100200,B0LRUCE5BE,住宿服务,旅馆招待所,旅馆招待所,
104.60836518437712,26.18604904286383,星辰酒店(乌蒙大草原店),乌蒙大草原2号门旁,贵州省,六盘水市,,住宿服务;宾馆酒店;宾馆酒店,100100,B0FFKYQBU6,住宿服务,宾馆酒店,宾馆酒店,
104.60781699533277,26.185620069349447,喜夏客栈,乌蒙大草原2号门西80米,贵州省,六盘水市,,住宿服务;旅馆招待所;旅馆招待所,100200,B0K15ZTRSS,住宿服务,旅馆招待所,旅馆招待所,
104.60825034086459,26.186337282764956,安伈民宿(乌蒙大草原店),乌蒙大草原2号门西北方向20米,贵州省,六盘水市,,住宿服务;旅馆招待所;旅馆招待所,100200,B0LAF71647,住宿服务,旅馆招待所,旅馆招待所,
104.60806163339741,26.185857087191003,昌喜民宿,乌蒙大草原2号门西50米,贵州省,六盘水市,,住宿服务;旅馆招待所;旅馆招待所,100200,B0K1NZLPYP,住宿服务,旅馆招待所,旅馆招待所,
104.61047929558009,26.152178487180244,悠悠然木屋酒店,坪地乡乌蒙大草原天池景区落水口,贵州省,六盘水市,,住宿服务;宾馆酒店;宾馆酒店,100100,B0JUVY3L7V,住宿服务,宾馆酒店,宾馆酒店,
104.57950748877947,26.223913603308066,飞逸民宿,乌蒙镇糯迤安村十组8号,贵州省,六盘水市,,住宿服务;旅馆招待所;旅馆招待所,100200,B0KAOH01CV,住宿服务,旅馆招待所,旅馆招待所,
104.61598650776088,26.191877347958076,盘县七彩蜗牛房车露营地,239县道,贵州省,六盘水市,,住宿服务;住宿服务相关;住宿服务相关|体育休闲服务;休闲场所;露营地,100000|080504,B0FFHC47OZ,住宿服务,住宿服务相关,住宿服务相关|体育休闲服务,休闲场所
104.58614224152005,26.11868545972331,鑫馨民宿,坪地乡蒋底村退役军人服务站西边40米,贵州省,六盘水市,,住宿服务;旅馆招待所;旅馆招待所,100200,B0KUFS290N,住宿服务,旅馆招待所,旅馆招待所,
104.5850536271067,26.11810359062827,蒋底彝家民宿(坪地彝族乡店),盘州市盘州市坪地乡蒋底村七组,贵州省,六盘水市,,住宿服务;住宿服务相关;住宿服务相关,100000,B0JGMR88MY,住宿服务,住宿服务相关,住宿服务相关,
104.59006150266018,26.1167744997045,盘州市文浩民宿,蒋底村一组二号友谊路,贵州省,六盘水市,,住宿服务;宾馆酒店;宾馆酒店,100100,B0LUZDOJ4F,住宿服务,宾馆酒店,宾馆酒店,
104.59065816416492,26.1166105291869,贵水商贸度假酒店(乌蒙大草原店),坪地彝族乡贵水商贸度假酒店,贵州省,六盘水市,,住宿服务;住宿服务相关;住宿服务相关,100000,B0JUFHI6BQ,住宿服务,住宿服务相关,住宿服务相关,
104.61859824766226,26.202522508689395,此门中·阚牧场度假庄园(乌蒙大草原店),[],贵州省,六盘水市,,住宿服务;住宿服务相关;住宿服务相关|体育休闲服务;度假疗养场所;度假村,100000|080401,B0LR3UCLN3,住宿服务,住宿服务相关,住宿服务相关|体育休闲服务,度假疗养场所
104.59296270177119,26.115580230909035,彝间民宿,坪地乡中学支部委员会西南方向100米处,贵州省,六盘水市,,住宿服务;旅馆招待所;旅馆招待所,100200,B0KRAD7YX7,住宿服务,旅馆招待所,旅馆招待所,
104.59393501421766,26.114877856750223,涵博民宿,坪地彝族乡蒋底村七组顺利羊肉粉东南约40米,贵州省,六盘水市,,住宿服务;住宿服务相关;住宿服务相关,100000,B0L1JZ7OUY,住宿服务,住宿服务相关,住宿服务相关,
104.59432072825977,26.114598696304522,安然民宿,坪地彝族乡莫西里村5组36号,贵州省,六盘水市,,住宿服务;旅馆招待所;旅馆招待所,100200,B0KBO5D7LS,住宿服务,旅馆招待所,旅馆招待所,
104.5962761498769,26.113538016536115,印象乌蒙田园客栈(乌蒙大草原店),莫西里村5组,贵州省,六盘水市,,住宿服务;旅馆招待所;旅馆招待所,100200,B0FFLFXPD5,住宿服务,旅馆招待所,旅馆招待所,
104.59547684455534,26.113283858749956,盘州泰鸿酒店,乌蒙大草原脚下坪地乡街上,贵州省,六盘水市,,住宿服务;住宿服务相关;住宿服务相关,100000,B0H1NZ8B23,住宿服务,住宿服务相关,住宿服务相关,
104.60087845786661,26.116936663906465,盘州松涛谷彝人风情庄园,坪地乡乌蒙大草原游客接待中心下方三岔路口进入,贵州省,六盘水市,,住宿服务;住宿服务相关;住宿服务相关,100000,B0FFJX36Y7,住宿服务,住宿服务相关,住宿服务相关,
104.59502622274576,26.11312274557291,盘州腾辉大酒店,坪地乡莫西村5组,贵州省,六盘水市,,住宿服务;宾馆酒店;宾馆酒店,100100,B0FFL01TLS,住宿服务,宾馆酒店,宾馆酒店,
104.59439076131736,26.11230417828018,盘州苍顺酒店,乌蒙大草原,贵州省,六盘水市,,住宿服务;宾馆酒店;宾馆酒店,100100,B0H3LSLIQK,住宿服务,宾馆酒店,宾馆酒店,
104.63363674630759,26.16253392720233,乌蒙大草原十方·云舍民宿,盘州市乌蒙山大草原大海子,贵州省,六盘水市,,住宿服务;旅馆招待所;旅馆招待所,100200,B0FFL8Y16O,住宿服务,旅馆招待所,旅馆招待所,
104.59539091678104,26.11327084960861,盘州市乌蒙云宿,友谊路,贵州省,六盘水市,,住宿服务;住宿服务相关;住宿服务相关,100000,B0L15SZS6B,住宿服务,住宿服务相关,住宿服务相关,
104.59615429731652,26.11246730964114,盘州万客来酒店有限公司,212省道,贵州省,六盘水市,,住宿服务;住宿服务相关;住宿服务相关,100000,B0FFJCXVRK,住宿服务,住宿服务相关,住宿服务相关,
104.59682069402089,26.112777488641857,啊沙客栈,乌蒙莫西里村十九组51号,贵州省,六盘水市,,住宿服务;旅馆招待所;旅馆招待所,100200,B0FFLFTCHF,住宿服务,旅馆招待所,旅馆招待所,
104.59655098784661,26.111423603020732,欣源民宿(乌蒙大草原店),坪地彝族乡莫西里村十五组乡政府西北侧约260米,贵州省,六盘水市,,住宿服务;旅馆招待所;旅馆招待所,100200,B0LUFC436Q,住宿服务,旅馆招待所,旅馆招待所,
104.59654700261021,26.111130408424525,贵州乌蒙风情大酒店,贵州省六盘水市盘州市坪地乡街上,贵州省,六盘水市,,住宿服务;宾馆酒店;宾馆酒店,100100,B0FFMFZYSF,住宿服务,宾馆酒店,宾馆酒店,
104.59723335468541,26.11178380267513,瑞豪宾馆(乌蒙大草原店),坪地乡道班,贵州省,六盘水市,,住宿服务;宾馆酒店;宾馆酒店,100100,B0G2MRXV3Z,住宿服务,宾馆酒店,宾馆酒店,
104.59653301333995,26.11117543893645,盘州芷妍民宿,彝族乡S212广邑门窗东北方向20米处,贵州省,六盘水市,,住宿服务;住宿服务相关;住宿服务相关,100000,B0LR5LBCQ1,住宿服务,住宿服务相关,住宿服务相关,
104.5968147678198,26.110988300955928,盘州您好客栈,坪地彝族乡人民政府西北侧210米,贵州省,六盘水市,,住宿服务;住宿服务相关;住宿服务相关,100000,B0JR9DEKDF,住宿服务,住宿服务相关,住宿服务相关,
104.59696665060007,26.110448933712863,盘州康乐酒店,坪地彝族乡莫西里村十二组82号,贵州省,六盘水市,,住宿服务;住宿服务相关;住宿服务相关,100000,B0FFJITG95,住宿服务,住宿服务相关,住宿服务相关,
104.5972893628429,26.110214756005163,盘州东彝酒店,坪地彝族乡莫西里村委会十五组汇嘉超生活超市处,贵州省,六盘水市,,住宿服务;宾馆酒店;宾馆酒店,100100,B0K07ABG5R,住宿服务,宾馆酒店,宾馆酒店,
104.5976859151012,26.112202042908397,盘州鸿祥宾馆,坪地乡友谊路外婆石锅鱼旁,贵州省,六盘水市,,住宿服务;宾馆酒店;宾馆酒店,100100,B0GRDCHQNL,住宿服务,宾馆酒店,宾馆酒店,
104.60241990116472,26.111618733394124,歇云居酒店,坪地乡莫西里村50米大街往上100米,贵州省,六盘水市,,住宿服务;住宿服务相关;住宿服务相关,100000,B0MB9UUVTZ,住宿服务,住宿服务相关,住宿服务相关,
104.59851021016988,26.109779342079214,俊晨智能民宿(乌蒙大草原店),盘州市坪地彝族乡莫西里村十一组21号,贵州省,六盘水市,,住宿服务;宾馆酒店;宾馆酒店,100100,B0LU15BVFP,住宿服务,宾馆酒店,宾馆酒店,
104.59850621407959,26.109780343257885,云端智能酒店(乌蒙大草原店),212省道盘州市公安局坪地派出所北5米,贵州省,六盘水市,,住宿服务;宾馆酒店;宾馆酒店,100100,B0LUUAQ6NV,住宿服务,宾馆酒店,宾馆酒店,
104.60239489609313,26.112520339348876,春风拾理民宿,坪乌蒙大草原售票大厅下行100米,贵州省,六盘水市,,住宿服务;旅馆招待所;旅馆招待所,100200,B0KU1DPZCI,住宿服务,旅馆招待所,旅馆招待所,
104.61252723045467,26.12048750290089,盘州避暑旅店,坪地乡小树林村八组27号,贵州省,六盘水市,,住宿服务;旅馆招待所;旅馆招待所,100200,B0J1LSTUJT,住宿服务,旅馆招待所,旅馆招待所,
104.60064894322637,26.110849680138568,盘州盛夏假日酒店,坪地乡迎宾大道安置小区4栋2号,贵州省,六盘水市,,住宿服务;宾馆酒店;宾馆酒店,100100,B0G16Z07Y3,住宿服务,宾馆酒店,宾馆酒店,
104.6027524706254,26.112548249681964,青山别院民宿,坪地乡莫西里村12组阿童启智幼儿园西南约500米,贵州省,六盘水市,,住宿服务;住宿服务相关;住宿服务相关,100000,B0K167YIE0,住宿服务,住宿服务相关,住宿服务相关,
104.61264902557988,26.120582479130096,盘州祝财旅馆,小树林村十一组,贵州省,六盘水市,,住宿服务;住宿服务相关;住宿服务相关,100000,B0HBMNKA96,住宿服务,住宿服务相关,住宿服务相关,
104.61549712849705,26.12074340259135,盘州乌蒙大草原云溪雅舍民宿,坪地乡小树林村12组32号,贵州省,六盘水市,,住宿服务;住宿服务相关;住宿服务相关,100000,B0JA6UHI0D,住宿服务,住宿服务相关,住宿服务相关,
104.59687574430812,26.11015974685655,御霆智能酒店,坪地乡莫西里村15组31号,贵州省,六盘水市,,住宿服务;宾馆酒店;宾馆酒店,100100,B0MBT5CFSN,住宿服务,宾馆酒店,宾馆酒店,
104.60192950160462,26.110891390314045,盘州汇豪酒店,坪地乡莫西里,贵州省,六盘水市,,住宿服务;宾馆酒店;宾馆酒店,100100,B0FFKZJXDK,住宿服务,宾馆酒店,宾馆酒店,
104.61405967272322,26.119924002295523,牧云雅舍,坪地彝族乡小树林村12组89号,贵州省,六盘水市,,住宿服务;住宿服务相关;住宿服务相关,100000,B0KUL5A48Z,住宿服务,住宿服务相关,住宿服务相关,
104.61609999709498,26.122069775451887,盘州坪地小丁民宿,地坪乡小树林村十六组57号,贵州省,六盘水市,,住宿服务;住宿服务相关;住宿服务相关,100000,B0JU1HP11V,住宿服务,住宿服务相关,住宿服务相关,
104.61211191837317,26.12031267791308,乌蒙农家套房,239县道乌蒙大草原售票处南50米,贵州省,六盘水市,,体育休闲服务;休闲场所;休闲场所|住宿服务;住宿服务相关;住宿服务相关,080500|100000,B0IAOPY11U,体育休闲服务,休闲场所,休闲场所|住宿服务,住宿服务相关
104.61500799813052,26.1206237204022,盘州豪景酒店(乌蒙大草原店),小树林十二组61号,贵州省,六盘水市,,住宿服务;宾馆酒店;宾馆酒店,100100,B0FFKSAA5M,住宿服务,宾馆酒店,宾馆酒店,
104.60548498520504,26.113581931254103,盘州悠闲民宿,坪地乡莫西里村海子头甜蜜小屋东北方向30米,贵州省,六盘水市,,住宿服务;旅馆招待所;旅馆招待所,100200,B0LRYLWIV3,住宿服务,旅馆招待所,旅馆招待所,
104.61905034249948,26.125873631089295,静居民宿(六盘水乌蒙大草原店),坪地彝族乡小树林村十五组6号,贵州省,六盘水市,,住宿服务;旅馆招待所;旅馆招待所,100200,B0KR29LWZN,住宿服务,旅馆招待所,旅馆招待所,
104.61844955101007,26.124383216261194,建浩民宿(乌蒙大草原店),坪地乡小树林村纸厂西100米,贵州省,六盘水市,,住宿服务;旅馆招待所;旅馆招待所,100200,B0LAHM9R5K,住宿服务,旅馆招待所,旅馆招待所,
104.60254275253143,26.111706755158053,旅安旅馆(乌蒙大草原店),坪地乡莫西里村11组15号,贵州省,六盘水市,,住宿服务;旅馆招待所;旅馆招待所,100200,B0FFLFQ260,住宿服务,旅馆招待所,旅馆招待所,
104.61211191837317,26.12031267791308,牧云山居名宿,239县道乌蒙大草原售票处南50米,贵州省,六盘水市,,住宿服务;旅馆招待所;旅馆招待所,100200,B0LRDU6BB5,住宿服务,旅馆招待所,旅馆招待所,
104.60444236035396,26.113105034936638,桃运旅馆,坪地乡莫西里村十组32号,贵州省,六盘水市,,住宿服务;旅馆招待所;旅馆招待所,100200,B0FFLFQ9JQ,住宿服务,旅馆招待所,旅馆招待所,
104.60702084901742,26.11472498836547,怡澜民宿,坪地乡莫西里居委会六组49号,贵州省,六盘水市,,住宿服务;旅馆招待所;旅馆招待所,100200,B0LROZWGSN,住宿服务,旅馆招待所,旅馆招待所,
104.61551308722309,26.12107760984851,盘州晟贤弟兄民宿,坪地乡小树林村十组,贵州省,六盘水市,,住宿服务;住宿服务相关;住宿服务相关,100000,B0FFKKSFV7,住宿服务,住宿服务相关,住宿服务相关,
104.61746345393031,26.12318632719671,盘州如春客栈,乌蒙大草原游客中心去草原方向500米,贵州省,六盘水市,,住宿服务;住宿服务相关;住宿服务相关,100000,B0FFJEZUC2,住宿服务,住宿服务相关,住宿服务相关,
104.6304233139798,26.192653093498716,平山行露营基地(乌蒙大草原店)(暂停营业),乌蒙镇小树林村乌蒙大草原(东北角),贵州省,六盘水市,,住宿服务;住宿服务相关;住宿服务相关,100000,B0L11ULK11,住宿服务,住宿服务相关,住宿服务相关,
104.61514370481233,26.122034541114182,喜叶民宿,坪地彝族乡小树林村十一组54号,贵州省,六盘水市,,住宿服务;旅馆招待所;旅馆招待所,100200,B0LRDD6QUI,住宿服务,旅馆招待所,旅馆招待所,
104.60045816413313,26.110504492043102,宜家馨客栈,江西街12组38号,贵州省,六盘水市,,住宿服务;住宿服务相关;住宿服务相关,100000,B0FFID932B,住宿服务,住宿服务相关,住宿服务相关,
104.61640244263695,26.12224263271996,春近客栈,坪地乡小树林村纸厂寨3号,贵州省,六盘水市,,住宿服务;旅馆招待所;旅馆招待所,100200,B0FFMDA72Q,住宿服务,旅馆招待所,旅馆招待所,
104.6002654061112,26.10961794274664,扬铭酒店,坪地彝族乡莫西里村11组68号,贵州省,六盘水市,,住宿服务;宾馆酒店;宾馆酒店,100100,B0LRLAMNGN,住宿服务,宾馆酒店,宾馆酒店,
104.61344167734266,26.12117129100522,山外民宿·餐馆,坪地彝族乡小树林村11组,贵州省,六盘水市,,住宿服务;旅馆招待所;旅馆招待所,100200,B0L2RUNTT9,住宿服务,旅馆招待所,旅馆招待所,
104.61556700847375,26.120629269914602,盘州乌蒙大草原良栖山院民宿,坪地乡小树林村12组18号,贵州省,六盘水市,,住宿服务;旅馆招待所;旅馆招待所,100200,B0LRHC9VEP,住宿服务,旅馆招待所,旅馆招待所,
104.60732045486328,26.114024376113157,盘州扶岚居民宿(乌蒙大草原店),坪地彝族乡莫西里居委会七组,贵州省,六盘水市,,住宿服务;旅馆招待所;旅馆招待所,100200,B0LDHSMQII,住宿服务,旅馆招待所,旅馆招待所,
104.6152256142864,26.120630549506075,东篱苑客栈(乌蒙大草原)(暂停营业),坪地乡小树林村十一组14号,贵州省,六盘水市,,住宿服务;旅馆招待所;旅馆招待所,100200,B0G0CNQICI,住宿服务,旅馆招待所,旅馆招待所,
104.61900047255708,26.124994100680137,晨航民宿(乌蒙草原店),坪地彝族乡小树林居委会十六组54号,贵州省,六盘水市,,住宿服务;住宿服务相关;住宿服务相关,100000,B0LUR74855,住宿服务,住宿服务相关,住宿服务相关,
104.5997289813419,26.10946394365208,山地避暑青年旅舍,盘州坪地乡莫西日村十一组,贵州省,六盘水市,,住宿服务;旅馆招待所;青年旅舍,100201,B0FFKG75L0,住宿服务,旅馆招待所,青年旅舍,
104.61935982912402,26.123663882920102,遇见·索玛酒店(乌蒙大草原店),坪地彝族乡小树林村17组2号,贵州省,六盘水市,,住宿服务;宾馆酒店;宾馆酒店,100100,B0LR17U9A1,住宿服务,宾馆酒店,宾馆酒店,
104.61957535469111,26.125093614903246,御墅客栈,坪地彝族乡小树林居委会十六组57号,贵州省,六盘水市,,住宿服务;旅馆招待所;旅馆招待所,100200,B0LA57V3FS,住宿服务,旅馆招待所,旅馆招待所,
104.61812618521469,26.123842158892383,盘州市夕霞暖窝民宿,坪地乡小树林村纸厂西南方向约120米,贵州省,六盘水市,,住宿服务;旅馆招待所;旅馆招待所,100200,B0J2FC2LVI,住宿服务,旅馆招待所,旅馆招待所,
104.59684088003995,26.10743693679624,盘州恒翔大酒店,盘州市坪地乡莫西里村五组临街,贵州省,六盘水市,,住宿服务;宾馆酒店;宾馆酒店,100100,B0G1THVR79,住宿服务,宾馆酒店,宾馆酒店,
104.61563889680286,26.1201999274717,沐叶·诗山民宿(乌蒙大草原店),坪地彝族乡小树林村十组十五号,贵州省,六盘水市,,住宿服务;旅馆招待所;旅馆招待所,100200,B0LRM7YRAW,住宿服务,旅馆招待所,旅馆招待所,
104.61563889680286,26.1201999274717,沐叶·诗山民宿(乌蒙大草原店),坪地彝族乡小树林村十组十五号,贵州省,六盘水市,,住宿服务;旅馆招待所;旅馆招待所,100200,B0LRM7YRAW,住宿服务,旅馆招待所,旅馆招待所,
104.6158883951152,26.121626661012332,乌蒙大草原宾霞客栈,平地乡小树林村十二组,贵州省,六盘水市,,住宿服务;旅馆招待所;旅馆招待所,100200,B0GDXPRGQQ,住宿服务,旅馆招待所,旅馆招待所,
104.61378520942279,26.11818005955651,盘州彦琴客栈(乌蒙大草原店),盘州市坪地乡小树林村四组35号,贵州省,六盘水市,,住宿服务;住宿服务相关;住宿服务相关,100000,B0FFMFZA8S,住宿服务,住宿服务相关,住宿服务相关,
104.61469655136143,26.120420834515695,莱坞观月名宿客栈(友谊路分店),友谊路贵州省六盘水市盘州市坪地彝族乡小树林村小树林村,贵州省,六盘水市,,住宿服务;旅馆招待所;旅馆招待所,100200,B0IAOPW4NL,住宿服务,旅馆招待所,旅馆招待所,
104.61532846305994,26.119831939157034,盘州小满居民宿旅店,坪地乡小树林村10组,贵州省,六盘水市,,住宿服务;住宿服务相关;住宿服务相关,100000,B0JR5CRXGW,住宿服务,住宿服务相关,住宿服务相关,
104.61561394137439,26.120198947416153,盘州煜祥旅馆,盘州市坪地乡小树林村十组14号,贵州省,六盘水市,,住宿服务;住宿服务相关;住宿服务相关,100000,B0FFKWP2K6,住宿服务,住宿服务相关,住宿服务相关,
104.61487826733867,26.119546113149802,盘州市山原云舍民宿,坪地乡小树林村十组14号,贵州省,六盘水市,,住宿服务;宾馆酒店;宾馆酒店,100100,B0LUXOQ0N4,住宿服务,宾馆酒店,宾馆酒店,
104.61306145322018,26.117623228319964,瑞祥酒店(乌蒙大草原店),坪地彝族乡小树林村三组,贵州省,六盘水市,,住宿服务;宾馆酒店;宾馆酒店,100100,B0GR6HYONL,住宿服务,宾馆酒店,宾馆酒店,
104.59896579564082,26.10871457070325,盘州久惦宾馆,坪地乡莫西里村十二组坪地派出所东150米,贵州省,六盘水市,,住宿服务;宾馆酒店;宾馆酒店,100100,B0FFJD4SKV,住宿服务,宾馆酒店,宾馆酒店,
104.61729775611172,26.123337574191414,倩颖民宿(乌蒙大草原店),坪地彝族乡小树林村十七组58号,贵州省,六盘水市,,住宿服务;旅馆招待所;旅馆招待所,100200,B0K1GKUVC1,住宿服务,旅馆招待所,旅馆招待所,
104.61485830285363,26.11953211981804,盘州竹里人家民宿,坪地彝族乡小树林社区居委会10组,贵州省,六盘水市,,住宿服务;宾馆酒店;宾馆酒店,100100,B0LU9SC8NQ,住宿服务,宾馆酒店,宾馆酒店,
104.61862119897832,26.12502347715183,遇见民宿,江西路,贵州省,六盘水市,,住宿服务;旅馆招待所;旅馆招待所,100200,B0KRF7HITS,住宿服务,旅馆招待所,旅馆招待所,
104.59858719013944,26.108311355299634,盘州蓝天招待所,坪地乡莫西里村乡政府西南方向100米,贵州省,六盘水市,,住宿服务;旅馆招待所;旅馆招待所,100200,B0FFHF2ZQW,住宿服务,旅馆招待所,旅馆招待所,
104.59673892659072,26.10862573383589,红蓝宾馆,坪地彝族乡人民政府西南侧170米,贵州省,六盘水市,,住宿服务;宾馆酒店;宾馆酒店,100100,B0IRHYP25T,住宿服务,宾馆酒店,宾馆酒店,
104.6132052152211,26.117546072293408,曼驰酒店(乌蒙大草原店),盘州市坪地乡小树林村三组,贵州省,六盘水市,,住宿服务;宾馆酒店;宾馆酒店,100100,B0GRAC4JT4,住宿服务,宾馆酒店,宾馆酒店,
104.61376623821218,26.11827213472036,盘州清逸酒店,坪地乡小树林村4组27号,贵州省,六盘水市,,住宿服务;住宿服务相关;住宿服务相关,100000,B0FFKLWRR8,住宿服务,住宿服务相关,住宿服务相关,
104.61359653033571,26.11817920085935,盘州坪地露娟客栈,坪地彝族乡小树林村4组31号,贵州省,六盘水市,,住宿服务;住宿服务相关;住宿服务相关,100000,B0GUUHZCVJ,住宿服务,住宿服务相关,住宿服务相关,
104.6154512864206,26.118760131318744,六盘水山间一宿客栈,小树林村九组,贵州省,六盘水市,,住宿服务;旅馆招待所;旅馆招待所,100200,B0FFMDB633,住宿服务,旅馆招待所,旅馆招待所,
104.61470856689746,26.119473199733083,念锐农家乐民宿(友谊路分店),友谊路乌蒙大草原内(南侧),贵州省,六盘水市,,住宿服务;住宿服务相关;住宿服务相关,100000,B0J11R2B1C,住宿服务,住宿服务相关,住宿服务相关,
104.598416363754,26.108183291915662,盘州双子酒店,坪地乡江西街39号民康医院对面,贵州省,六盘水市,,住宿服务;宾馆酒店;宾馆酒店,100100,B0FFIR6O0X,住宿服务,宾馆酒店,宾馆酒店,
104.61718996963121,26.122980434534238,果果民宿,坪地彝族乡小树林居民委员会东北500米,贵州省,六盘水市,,住宿服务;住宿服务相关;住宿服务相关,100000,B0LDLSJYKG,住宿服务,住宿服务相关,住宿服务相关,
104.59994173829863,26.109958232875545,村里人家旅馆,坪地彝族乡莫西里村12组11号,贵州省,六盘水市,,住宿服务;旅馆招待所;旅馆招待所,100200,B0FFKWUPGA,住宿服务,旅馆招待所,旅馆招待所,
104.60601228192208,26.113515657740976,闰翔双宇民宿,江西路,贵州省,六盘水市,,住宿服务;旅馆招待所;旅馆招待所,100200,B0KGYMH769,住宿服务,旅馆招待所,旅馆招待所,
104.61360256551167,26.11699941642488,云栖处民宿(乌蒙大草原店),坪地彝族乡小树林居委会四组32号,贵州省,六盘水市,,住宿服务;住宿服务相关;住宿服务相关,100000,B0LRY5X8AI,住宿服务,住宿服务相关,住宿服务相关,
104.61957832883894,26.12561295319192,晨航名宿,盘州市乌蒙大草原小树林村十六组52号,贵州省,六盘水市,,住宿服务;宾馆酒店;宾馆酒店,100100,B0LURZ2VTZ,住宿服务,宾馆酒店,宾馆酒店,
104.61957832883894,26.12561295319192,晨航名宿,盘州市乌蒙大草原小树林村十六组52号,贵州省,六盘水市,,住宿服务;宾馆酒店;宾馆酒店,100100,B0LURZ2VTZ,住宿服务,宾馆酒店,宾馆酒店,
104.60520036862519,26.11337591375729,甜蜜小屋(莫西里村站),坪地彝族乡莫西里村九组,贵州省,六盘水市,,住宿服务;旅馆招待所;旅馆招待所,100200,B0KKFMK6BJ,住宿服务,旅馆招待所,旅馆招待所,
104.6151278314181,26.119474866041248,盘县草原苗族旅馆,坪地乡小树林村十组,贵州省,六盘水市,,住宿服务;旅馆招待所;旅馆招待所,100200,B0FFLFT332,住宿服务,旅馆招待所,旅馆招待所,
104.61289576715446,26.1166527065609,盘县江景酒店,坪地彝族乡小树林村5组5号,贵州省,六盘水市,,住宿服务;住宿服务相关;住宿服务相关,100000,B0FFKLB4AT,住宿服务,住宿服务相关,住宿服务相关,
104.59833144172732,26.108323395595036,阳煜民宿,坪地彝族乡莫西里居委会十三组40号,贵州省,六盘水市,,住宿服务;旅馆招待所;旅馆招待所,100200,B0L2NUHQN8,住宿服务,旅馆招待所,旅馆招待所,
104.62047858816251,26.124811539939365,枫驿客栈,盘州市盘州市盘州市坪地乡小树林村十六组38号,贵州省,六盘水市,,住宿服务;住宿服务相关;住宿服务相关,100000,B0FFKRTNDG,住宿服务,住宿服务相关,住宿服务相关,
104.6154352271612,26.121038647962738,盘县乐途客栈,"坪地乡小树林村八组,乌蒙大草原内(南侧)",贵州省,六盘水市,,住宿服务;旅馆招待所;旅馆招待所,100200,B0FFKN42VX,住宿服务,旅馆招待所,旅馆招待所,
104.61411865688422,26.117703490551897,六盘水鑫福楼农家乐,坪地乡乌蒙山坡上草原售票厅,贵州省,六盘水市,,住宿服务;住宿服务相关;住宿服务相关,100000,B0FFHX6PAD,住宿服务,住宿服务相关,住宿服务相关,
104.61552809902177,26.120077938233752,归宿DL民宿(盘州市-乌蒙大草原2号店),坪地乡小树林村十组13号,贵州省,六盘水市,,住宿服务;住宿服务相关;住宿服务相关,100000,B0JGGYO2X3,住宿服务,住宿服务相关,住宿服务相关,
104.61478545072484,26.119002828292555,乌蒙别苑(江西路分店),坪地乡小树林村十二组205号,贵州省,六盘水市,,住宿服务;住宿服务相关;住宿服务相关,100000,B0FFKZNQ9T,住宿服务,住宿服务相关,住宿服务相关,
104.61552809902177,26.120077938233752,归宿DL民宿(盘州市-乌蒙大草原4号店),盘州坪地乡小树林村十组13号,贵州省,六盘水市,,住宿服务;住宿服务相关;住宿服务相关,100000,B0K24GB00R,住宿服务,住宿服务相关,住宿服务相关,
104.61552809902177,26.120077938233752,归宿DL故里民宿(盘州市-乌蒙大草原店),坪地乡小树林村十组13号,贵州省,六盘水市,,住宿服务;住宿服务相关;住宿服务相关,100000,B0LBAZCNAH,住宿服务,住宿服务相关,住宿服务相关,
104.6103868994585,26.11421678077269,桂花别苑,坪地乡莫西里村六组28号,贵州省,六盘水市,,住宿服务;住宿服务相关;住宿服务相关,100000,B0JRASOSLE,住宿服务,住宿服务相关,住宿服务相关,
104.61552809902177,26.120077938233752,归宿DL栖梦民宿(盘州市-乌蒙大草原店),坪地乡小树林村十组13号,贵州省,六盘水市,,住宿服务;住宿服务相关;住宿服务相关,100000,B0JGGYL5SX,住宿服务,住宿服务相关,住宿服务相关,
104.59682792184601,26.106650413421193,江东宾馆,212省道附近,贵州省,六盘水市,,住宿服务;宾馆酒店;宾馆酒店,100100,B0FFG2TCR8,住宿服务,宾馆酒店,宾馆酒店,
104.6128289013023,26.116058361428593,良栖·山舍民宿(乌蒙大草原店),坪地彝族乡小树林村三组2号,贵州省,六盘水市,,住宿服务;旅馆招待所;旅馆招待所,100200,B0LUBRJXX8,住宿服务,旅馆招待所,旅馆招待所,
104.62024808314587,26.123821118494988,归合民宿,坪地彝族乡小树林村十七组60号,贵州省,六盘水市,,住宿服务;旅馆招待所;旅馆招待所,100200,B0LAZ7W8DZ,住宿服务,旅馆招待所,旅馆招待所,
104.61920712315177,26.123712060996507,盘州容得轩大酒店,坪地彝族乡小树林村乌蒙大草原停机坪旁,贵州省,六盘水市,,住宿服务;宾馆酒店;宾馆酒店,100100,B0FFKH3RAH,住宿服务,宾馆酒店,宾馆酒店,
104.61267614379885,26.11634365958189,怡宁客栈,坪地彝族乡小树林村二组53号,贵州省,六盘水市,,住宿服务;宾馆酒店;宾馆酒店,100100,B0LUPDLKSE,住宿服务,宾馆酒店,宾馆酒店,
104.61513584038724,26.11887546383148,盘州四季和悦宾馆,坪地乡小树林村9组坪地分局,贵州省,六盘水市,,住宿服务;住宿服务相关;住宿服务相关,100000,B0H07N0430,住宿服务,住宿服务相关,住宿服务相关,
104.61412763101156,26.117974662884166,盘县再姣客栈,小树林村四组22号,贵州省,六盘水市,,住宿服务;旅馆招待所;旅馆招待所,100200,B0FFL28UC0,住宿服务,旅馆招待所,旅馆招待所,
104.61265916390126,26.11655180940464,盘州春微宾馆,乌蒙大草原售票点,贵州省,六盘水市,,住宿服务;宾馆酒店;宾馆酒店,100100,B0G15CNHEG,住宿服务,宾馆酒店,宾馆酒店,
104.61448699613113,26.118339625388003,盘县清馨幽舍民宿,坪地乡小树林村,贵州省,六盘水市,,住宿服务;宾馆酒店;宾馆酒店,100100,B0FFKT2QTP,住宿服务,宾馆酒店,宾馆酒店,
104.60568982720064,26.110593859751834,鹏安民宿(乌蒙大草原游客中心店),盘州市坪地乡莫西里村九组,贵州省,六盘水市,,住宿服务;住宿服务相关;住宿服务相关,100000,B0JDOHG5G3,住宿服务,住宿服务相关,住宿服务相关,
104.6063717794154,26.113874732745447,万豪民宿,盘州悠闲民宿东侧90米,贵州省,六盘水市,,住宿服务;旅馆招待所;旅馆招待所,100200,B0LAZRW9LV,住宿服务,旅馆招待所,旅馆招待所,
104.61448699613113,26.118339625388003,盘县清馨幽舍民宿,坪地乡小树林村,贵州省,六盘水市,,住宿服务;宾馆酒店;宾馆酒店,100100,B0FFKT2QTP,住宿服务,宾馆酒店,宾馆酒店,
104.60568982720064,26.110593859751834,鹏安民宿(乌蒙大草原游客中心店),盘州市坪地乡莫西里村九组,贵州省,六盘水市,,住宿服务;住宿服务相关;住宿服务相关,100000,B0JDOHG5G3,住宿服务,住宿服务相关,住宿服务相关,
104.6063717794154,26.113874732745447,万豪民宿,盘州悠闲民宿东侧90米,贵州省,六盘水市,,住宿服务;旅馆招待所;旅馆招待所,100200,B0LAZRW9LV,住宿服务,旅馆招待所,旅馆招待所,
104.61244454206276,26.11592954958128,盘县十九度客栈,坪地彝族乡小树林村五组,贵州省,六盘水市,,住宿服务;住宿服务相关;住宿服务相关,100000,B0FFKTK0G2,住宿服务,住宿服务相关,住宿服务相关,
104.61421653251352,26.116557657435948,盘县丽琼酒店,小树林村(乌蒙大草原服务中心西南),贵州省,六盘水市,,住宿服务;宾馆酒店;宾馆酒店,100100,B0FFJDE2MC,住宿服务,宾馆酒店,宾馆酒店,
104.61482644761932,26.117221618716417,风韵山居(乌蒙大草原景区店),X239坪地乡乌蒙大草原景区游客接待中心西南方向100米,贵州省,六盘水市,,住宿服务;住宿服务相关;住宿服务相关,100000,B0J1B7PTSQ,住宿服务,住宿服务相关,住宿服务相关,
104.61387214122833,26.116097616616607,漫时光花园客栈(乌蒙大草原店),坪地乡小树林村五组8号,贵州省,六盘水市,,住宿服务;旅馆招待所;旅馆招待所,100200,B0FFKUEJAV,住宿服务,旅馆招待所,旅馆招待所,
104.6177090828869,26.1209136096758,盘州回头客宾馆,坪地乡乌蒙大草原游客中心北行200米,贵州省,六盘水市,,住宿服务;住宿服务相关;住宿服务相关,100000,B0FFK28Y6K,住宿服务,住宿服务相关,住宿服务相关,
104.61552809902177,26.120077938233752,归宿DL民宿(盘州市-乌蒙大草原3号店),坪地乡小树林村十组13号,贵州省,六盘水市,,住宿服务;住宿服务相关;住宿服务相关,100000,B0J6Z4HU51,住宿服务,住宿服务相关,住宿服务相关,
104.6146347832835,26.117194752641435,盘州有缘客栈,小树林村5组,贵州省,六盘水市,,住宿服务;旅馆招待所;旅馆招待所,100200,B0FFKY9PDD,住宿服务,旅馆招待所,旅馆招待所,
104.61471065682663,26.11704359279508,盘州时光客栈,坪地乡小树林村五组,贵州省,六盘水市,,住宿服务;旅馆招待所;旅馆招待所,100200,B0FFKRXES3,住宿服务,旅馆招待所,旅馆招待所,
104.61178164630904,26.11532860978366,盘州应川民宿(乌蒙草原店),盘地彝族乡小树林村一组13号,贵州省,六盘水市,,住宿服务;住宿服务相关;住宿服务相关,100000,B0LUO5GYF3,住宿服务,住宿服务相关,住宿服务相关,
104.61320923750493,26.11679157040232,闲时小住,小树林村五组,贵州省,六盘水市,,住宿服务;住宿服务相关;住宿服务相关,100000,B0J2KL50X4,住宿服务,住宿服务相关,住宿服务相关,
104.61890772363326,26.12311295138015,乡涧民宿(乌蒙大草原店),坪地彝族乡小树林村十五组1号,贵州省,六盘水市,,住宿服务;旅馆招待所;旅馆招待所,100200,B0LDPZO3MO,住宿服务,旅馆招待所,旅馆招待所,
104.61152010701366,26.114300104420163,盘州彝乡风情客栈,市彝乡风情客栈,贵州省,六盘水市,,住宿服务;旅馆招待所;旅馆招待所,100200,B0FFL3WT2D,住宿服务,旅馆招待所,旅馆招待所,
104.60569381515563,26.110768974399654,盘州鑫博耀大酒店,坪地乡莫西里居委会九组68号,贵州省,六盘水市,,住宿服务;宾馆酒店;宾馆酒店,100100,B0FFLMOGPJ,住宿服务,宾馆酒店,宾馆酒店,
104.61031300930101,26.11434190964464,桂花生态园,盘州平地乡小树林村,贵州省,六盘水市,,住宿服务;住宿服务相关;住宿服务相关|体育休闲服务;休闲场所;休闲场所,100000|080500,B0FFIYJKPB,住宿服务,住宿服务相关,住宿服务相关|体育休闲服务,休闲场所
104.61385918316441,26.115583285978133,盘县乡村周全酒店,盘州市盘州市坪地乡乌蒙大草原游客服务中心200米,贵州省,六盘水市,,住宿服务;旅馆招待所;旅馆招待所,100200,B0FFJ7DT7V,住宿服务,旅馆招待所,旅馆招待所,
104.62033392648891,26.12347980861761,盘州市草原乐优宾馆,坪地乡小树林村十七组44号,贵州省,六盘水市,,住宿服务;宾馆酒店;宾馆酒店,100100,B0FFKUL1IL,住宿服务,宾馆酒店,宾馆酒店,
104.60542422107696,26.109531266799138,盘州市水上星空民宿(乌蒙大草原店),坪地乡莫西里村九组41号,贵州省,六盘水市,,住宿服务;住宿服务相关;住宿服务相关,100000,B0K2X50YGF,住宿服务,住宿服务相关,住宿服务相关,
104.60542122515602,26.109528266067166,盘州帐篷酒店,盲阿妹康养露营基地西南侧,贵州省,六盘水市,,住宿服务;住宿服务相关;住宿服务相关,100000,B0IRRNBA7G,住宿服务,住宿服务相关,住宿服务相关,
104.61179765775877,26.11435795588723,盘州聚缘招待所,坪地乡小树林村五组28号,贵州省,六盘水市,,住宿服务;旅馆招待所;旅馆招待所,100200,B0FFIEUNA6,住宿服务,旅馆招待所,旅馆招待所,
104.60900807698313,26.112159237434444,盘州草原农家乐,小树林村一组,贵州省,六盘水市,,住宿服务;住宿服务相关;住宿服务相关,100000,B0FFGA0O23,住宿服务,住宿服务相关,住宿服务相关,
104.6057517611192,26.11015754283467,渔乐民宿,坪地彝族乡莫西里村乌蒙彝寨管理委员会北方向40米,贵州省,六盘水市,,住宿服务;旅馆招待所;旅馆招待所,100200,B0J11R5WAX,住宿服务,旅馆招待所,旅馆招待所,
104.60582765332398,26.11031561474879,盘州海盛客栈,坪地乡莫西里村海子头1组41号,贵州省,六盘水市,,住宿服务;旅馆招待所;旅馆招待所,100200,B0FFJIXPJX,住宿服务,旅馆招待所,旅馆招待所,
104.6057517611192,26.11015754283467,渔乐民宿,坪地彝族乡莫西里村乌蒙彝寨管理委员会北方向40米,贵州省,六盘水市,,住宿服务;旅馆招待所;旅馆招待所,100200,B0J11R5WAX,住宿服务,旅馆招待所,旅馆招待所,
104.60582765332398,26.11031561474879,盘州海盛客栈,坪地乡莫西里村海子头1组41号,贵州省,六盘水市,,住宿服务;旅馆招待所;旅馆招待所,100200,B0FFJIXPJX,住宿服务,旅馆招待所,旅馆招待所,
104.61230176909551,26.116123778238535,余浩民宿,坪地乡小树林村五组,贵州省,六盘水市,,住宿服务;旅馆招待所;旅馆招待所,100200,B0KDR7A2XY,住宿服务,旅馆招待所,旅馆招待所,
104.59684898590692,26.104476962467608,孜莫格尼民宿,贵州省六盘水市盘州市坪地乡客运站和顺兴肉馆之间,贵州省,六盘水市,,住宿服务;宾馆酒店;宾馆酒店,100100,B0LUF14R9M,住宿服务,宾馆酒店,宾馆酒店,
104.61498120564089,26.116458990783133,盘州如意旅馆,坪地乡小树林村六组6号,贵州省,六盘水市,,住宿服务;住宿服务相关;住宿服务相关,100000,B0FFL40YMZ,住宿服务,住宿服务相关,住宿服务相关,
104.60602238119087,26.11057269943317,瑾柏瑶民宿(乌蒙大草原店),鹏安民宿(乌蒙大草原游客中心店)东侧,贵州省,六盘水市,,住宿服务;旅馆招待所;旅馆招待所,100200,B0K3UCLEEZ,住宿服务,旅馆招待所,旅馆招待所,
104.61381026904357,26.11552128197238,六盘水刘许月特色民宿(4号店),盘州市坪地彝族乡,贵州省,六盘水市,,住宿服务;住宿服务相关;住宿服务相关,100000,B0FFLMOGOE,住宿服务,住宿服务相关,住宿服务相关,
104.61421956458337,26.115589014004247,盘县四月花语阁民宿,乌蒙大草原售票向南100米,贵州省,六盘水市,,购物服务;花鸟鱼虫市场;花卉市场|住宿服务;旅馆招待所;旅馆招待所,060501|100200,B0FFKJR2ME,购物服务,花鸟鱼虫市场,花卉市场|住宿服务,旅馆招待所
104.60559301437192,26.1090798947224,盘州金福招待所,坪地乡莫西里居委会九组146号,贵州省,六盘水市,,住宿服务;住宿服务相关;住宿服务相关,100000,B0FFJIUO91,住宿服务,住宿服务相关,住宿服务相关,
104.61493032372114,26.115712537455632,盘州星辰旅馆,坪地乡小树林村六组4号,贵州省,六盘水市,,住宿服务;住宿服务相关;住宿服务相关,100000,B0I3F9ZOWP,住宿服务,住宿服务相关,住宿服务相关,
104.61482551492355,26.115516491190213,盘州天天客栈,乌蒙大草原景区游客接待中心西南侧200米,贵州省,六盘水市,,住宿服务;住宿服务相关;住宿服务相关,100000,B0J6ZK8CLC,住宿服务,住宿服务相关,住宿服务相关,
104.61465572798717,26.117683058972794,博琪之家民宿,盘州市坪地乡小树林居委会退役军人服务站南侧70米,贵州省,六盘水市,,住宿服务;旅馆招待所;旅馆招待所,100200,B0J1KM7IU5,住宿服务,旅馆招待所,旅馆招待所,
104.60590864411466,26.107717850612474,暮归云舍,坪地乡莫西里村九组,贵州省,六盘水市,,住宿服务;旅馆招待所;旅馆招待所,100200,B0MB2R1FU6,住宿服务,旅馆招待所,旅馆招待所,
104.60576181671233,26.10835734085945,盘州市暮归云舍民宿,坪地乡莫西里村九组交通警察大队第四中队南120米,贵州省,六盘水市,,住宿服务;住宿服务相关;住宿服务相关,100000,B0MBFZ2YR8,住宿服务,住宿服务相关,住宿服务相关,
104.61554215226782,26.11804658538733,乌蒙大草原民宿,盘州市坪地乡小树林居委会退役军人服务站东南侧80米,贵州省,六盘水市,,住宿服务;旅馆招待所;旅馆招待所,100200,B0JUY7QMBR,住宿服务,旅馆招待所,旅馆招待所,
104.61376034259825,26.11582151846425,周全小周公寓(友谊路分店),友谊路乡村周全酒店,贵州省,六盘水市,,住宿服务;住宿服务相关;住宿服务相关,100000,B0IAOPYYUR,住宿服务,住宿服务相关,住宿服务相关,
104.59726364940414,26.1033461803061,盘州随云民宿,盘州市坪地乡莫西里村十五组,贵州省,六盘水市,,住宿服务;旅馆招待所;旅馆招待所,100200,B0HDNHDOV4,住宿服务,旅馆招待所,旅馆招待所,
104.6098647463617,26.113123375768577,乌蒙苑民宿(乌蒙大草原),桂花别苑西南侧130米,贵州省,六盘水市,,住宿服务;旅馆招待所;旅馆招待所,100200,B0LASC4KQ2,住宿服务,旅馆招待所,旅馆招待所,
104.60590864411466,26.107717850612474,盘县兰亭民宿,坪地彝族乡海子头,贵州省,六盘水市,,住宿服务;宾馆酒店;宾馆酒店,100100,B0FFKVKK49,住宿服务,宾馆酒店,宾馆酒店,
104.5971827117992,26.103670402748364,盘州檐下四季民宿,盘州市坪地乡卫生院东侧,贵州省,六盘水市,,住宿服务;旅馆招待所;旅馆招待所,100200,B0L2P6P97S,住宿服务,旅馆招待所,旅馆招待所,
104.6066246793441,26.10742833075876,盘州瑾柏瑶民宿,莫西里村十组金豆豆幼儿园东南100米,贵州省,六盘水市,,住宿服务;旅馆招待所;旅馆招待所,100200,B0KR55Q22R,住宿服务,旅馆招待所,旅馆招待所,
104.60604743641974,26.108250143312038,盘州闲云山居,坪地乡莫西里村九组交通警察大队第四中队南110米,贵州省,六盘水市,,住宿服务;住宿服务相关;住宿服务相关,100000,B0MBT5D50R,住宿服务,住宿服务相关,住宿服务相关,
104.61801572678097,26.11520856145959,盘州润角丫口民宿,坪地乡小树林村六组,贵州省,六盘水市,,住宿服务;宾馆酒店;宾馆酒店,100100,B0FFL90WYD,住宿服务,宾馆酒店,宾馆酒店,
104.59783317792235,26.101672011872537,盘州市坪地阿舍格民宿,莫西里村村委会西北方向约80米处,贵州省,六盘水市,,住宿服务;旅馆招待所;旅馆招待所,100200,B0KAJR2EUP,住宿服务,旅馆招待所,旅馆招待所,
104.60618527368473,26.10762066204693,闲居,彝族乡莫西里居委会九组186号,贵州省,六盘水市,,住宿服务;旅馆招待所;旅馆招待所,100200,B0LRZA1VBA,住宿服务,旅馆招待所,旅馆招待所,
104.5467856478321,25.62352790857358,盘州天籁客栈,石桥镇妥乐村风景区安置区四组13号,贵州省,六盘水市,,住宿服务;旅馆招待所;旅馆招待所,100200,B0FFJTPFXM,住宿服务,旅馆招待所,旅馆招待所,
104.54708511200793,25.62327741331732,盘州占芭客栈,石桥镇妥乐村风景区安置区四组16号,贵州省,六盘水市,,住宿服务;旅馆招待所;旅馆招待所,100200,B0FFLJOXUY,住宿服务,旅馆招待所,旅馆招待所,
104.55081351538833,25.621909236105193,盘州妥乐酒店,石桥镇妥乐村,贵州省,六盘水市,,住宿服务;住宿服务相关;住宿服务相关,100000,B0FFIBTBLT,住宿服务,住宿服务相关,住宿服务相关,
104.60912026515749,25.683241946626275,麟鑫旅社,202县道,贵州省,六盘水市,,住宿服务;宾馆酒店;宾馆酒店,100100,B0HRS7QQHH,住宿服务,宾馆酒店,宾馆酒店,
104.6107437755558,25.683567136969277,丹霞宾馆,丹霞镇水塘村十组,贵州省,六盘水市,,住宿服务;住宿服务相关;住宿服务相关,100000,B0H69ZHY2K,住宿服务,住宿服务相关,住宿服务相关,
104.54715533325478,25.620217151481565,盘县古银杏客栈,石桥镇妥乐村景区接待中心商住楼28号门面,贵州省,六盘水市,,住宿服务;旅馆招待所;旅馆招待所,100200,B0HU5CN3FD,住宿服务,旅馆招待所,旅馆招待所,
104.54781534290103,25.619627235910997,静湖客栈,石桥镇馨月餐厅北80米,贵州省,六盘水市,,住宿服务;旅馆招待所;旅馆招待所,100200,B0J0BOVRD2,住宿服务,旅馆招待所,旅馆招待所,
104.61155554382661,25.682206891863867,丹霞小元林山庄,丹霞镇市政大道农贸市场路口,贵州省,六盘水市,,住宿服务;住宿服务相关;住宿服务相关,100000,B0K2GZGM2H,住宿服务,住宿服务相关,住宿服务相关,
104.54722646156041,25.61965804231702,盘州相约银杏客栈,石桥镇妥乐村东盟美食街21-22号,贵州省,六盘水市,,住宿服务;住宿服务相关;住宿服务相关,100000,B0FFKKEJWR,住宿服务,住宿服务相关,住宿服务相关,
104.55039704733753,25.61922619909647,盘县金色家园酒店,石桥镇妥乐村(妥乐古银杏景区内),贵州省,六盘水市,,住宿服务;宾馆酒店;宾馆酒店,100100,B0FFHF3UDF,住宿服务,宾馆酒店,宾馆酒店,
104.54791950587216,25.619394341770654,秋意浓民宿酒店,石桥镇妥乐村东盟街37号,贵州省,六盘水市,,住宿服务;住宿服务相关;住宿服务相关,100000,B0G0XC070M,住宿服务,住宿服务相关,住宿服务相关,
104.54734063828255,25.619526217161972,盘州山凹人家客栈,盘州市六盘水市盘州市盘州市世界古银杏之乡妥乐村东盟美食街20号单人间双人间休闲娱乐度假客栈,贵州省,六盘水市,,住宿服务;旅馆招待所;旅馆招待所,100200,B0HRAAKVOM,住宿服务,旅馆招待所,旅馆招待所,
104.54761305970663,25.61916060920848,盘州盛祥客栈,石桥镇妥乐世界古银杏风景区东盟美食街8号,贵州省,六盘水市,,住宿服务;住宿服务相关;住宿服务相关,100000,B0HR9S8586,住宿服务,住宿服务相关,住宿服务相关,
104.6115335258664,25.683609644466344,鑫鑫宾馆,202县道南侧,贵州省,六盘水市,,住宿服务;宾馆酒店;宾馆酒店,100100,B0G156O13C,住宿服务,宾馆酒店,宾馆酒店,
104.54821796073638,25.61898275998376,盘县秋思客栈,妥乐古银杏旅游景区东盟美食街,贵州省,六盘水市,,住宿服务;住宿服务相关;住宿服务相关,100000,B0FFJND4XS,住宿服务,住宿服务相关,住宿服务相关,
104.55024083017383,25.619275917348432,盘县金色家园酒店大堂,盘县千年古银杏之乡东侧200米,贵州省,六盘水市,,住宿服务;宾馆酒店;宾馆酒店,100100,B0HK9H0UHX,住宿服务,宾馆酒店,宾馆酒店,
104.56054493051181,25.613901544238946,凤荣客栈(妥乐古银杏旅游度假区店),石桥镇鱼塘村银杏园百货2楼,贵州省,六盘水市,,住宿服务;旅馆招待所;旅馆招待所,100200,B0J3V6WIF8,住宿服务,旅馆招待所,旅馆招待所,
104.54964216790434,25.61469165990581,打尖住店,贵州省六盘水市盘州市,贵州省,六盘水市,,住宿服务;旅馆招待所;旅馆招待所,100200,B0J3TCN6G3,住宿服务,旅馆招待所,旅馆招待所,
104.52780338732421,25.616805687207965,古银杏超市,古银杏酒店东侧,贵州省,六盘水市,,住宿服务;宾馆酒店;宾馆酒店|风景名胜;风景名胜相关;旅游景点|购物服务;购物相关场所;购物相关场所,100100|110000|060000,B0FFIBHGRR,住宿服务,宾馆酒店,宾馆酒店|风景名胜,风景名胜相关
104.55102925620822,25.609961239182972,盘州东盟民宿,盘州市石桥镇妥乐村世界古银杏之乡内东盟国际会议中心对面,贵州省,六盘水市,,住宿服务;住宿服务相关;住宿服务相关,100000,B0FFKC1S4L,住宿服务,住宿服务相关,住宿服务相关,
104.54975945081937,25.61154647655937,盘州古银杏民宿,古银杏食府西侧,贵州省,六盘水市,,住宿服务;旅馆招待所;旅馆招待所,100200,B0L0XGK943,住宿服务,旅馆招待所,旅馆招待所,
104.54945308557362,25.60978608463013,夜狼民居,石桥镇妥乐村古银杏之乡,贵州省,六盘水市,,住宿服务;住宿服务相关;住宿服务相关,100000,B0FFLFS47Z,住宿服务,住宿服务相关,住宿服务相关,
104.551134414016,25.609527247653602,盘州东盟国际酒店,石桥镇妥乐村世界古银杏之乡内,贵州省,六盘水市,,住宿服务;住宿服务相关;住宿服务相关,100000,B0G1FDMFJI,住宿服务,住宿服务相关,住宿服务相关,
104.54966443032492,25.608542949052605,盘县宛若故里客栈,世界古银杏之乡核心景区(南门售票处前行200米),贵州省,六盘水市,,住宿服务;住宿服务相关;住宿服务相关,100000,B0FFJRLD9S,住宿服务,住宿服务相关,住宿服务相关,
104.54927185771793,25.609009379042565,若然客栈,盘州东盟国际酒店西侧190米,贵州省,六盘水市,,住宿服务;旅馆招待所;旅馆招待所,100200,B0LR2Z5D0Q,住宿服务,旅馆招待所,旅馆招待所,
104.54986871750191,25.60851934088779,浅渡客栈,石桥镇妥乐村妥乐古银杏旅游景区内(南侧),贵州省,六盘水市,,住宿服务;旅馆招待所;旅馆招待所,100200,B0GDS1R48P,住宿服务,旅馆招待所,旅馆招待所,
104.55018916884391,25.608364900267176,盟湖民宿(六盘水鲁番站店),盘州东盟国际酒店西南侧150米,贵州省,六盘水市,,住宿服务;旅馆招待所;旅馆招待所,100200,B0M62HVED8,住宿服务,旅馆招待所,旅馆招待所,
104.55194163128952,25.605617050711654,濮家小院农家乐,妥乐古银杏旅游景区南门售票处东南侧190米,贵州省,六盘水市,,住宿服务;宾馆酒店;经济型连锁酒店,100105,B0M6CHV2V4,住宿服务,宾馆酒店,经济型连锁酒店,
104.48032818168006,25.693793594113963,仙人掌wr公寓(桃源路分店),桃源路东湖桃源-三期,贵州省,六盘水市,,住宿服务;旅馆招待所;旅馆招待所,100200,B0J1VN4KYQ,住宿服务,旅馆招待所,旅馆招待所,
104.62869606156876,25.70703742663971,景都宾馆,202县道与赵官路交叉口西南20米,贵州省,六盘水市,,住宿服务;宾馆酒店;宾馆酒店,100100,B0LBLUOH61,住宿服务,宾馆酒店,宾馆酒店,
104.47477318729248,25.700827623740093,盘州云舍酒店,翰林街道江源路东湖国际商业广场B区1层01号,贵州省,六盘水市,,住宿服务;宾馆酒店;宾馆酒店,100100,B0IROUYTL0,住宿服务,宾馆酒店,宾馆酒店,
104.63070634294098,25.708427581033504,银河旅社,赵官屯居委会八组92号,贵州省,六盘水市,,住宿服务;旅馆招待所;旅馆招待所,100200,B0H67S2BLZ,住宿服务,旅馆招待所,旅馆招待所,
104.54334722582995,25.595493070638987,石桥宾馆,盘州市X202盘州市石桥镇中学,贵州省,六盘水市,,住宿服务;宾馆酒店;宾馆酒店,100100,B0FFI95171,住宿服务,宾馆酒店,宾馆酒店,
104.47669772086374,25.704968295048367,盘州煌庭酒店,红果镇翰林街道浅水湾小区17栋B区,贵州省,六盘水市,,住宿服务;宾馆酒店;宾馆酒店,100100,B0FFJRXN04,住宿服务,宾馆酒店,宾馆酒店,
104.54424274056957,25.594331525483945,醉美客栈,石桥镇街上,贵州省,六盘水市,,住宿服务;住宿服务相关;住宿服务相关,100000,B0FFJGFGOR,住宿服务,住宿服务相关,住宿服务相关,
104.47708547722672,25.710035184547976,维也纳酒店(盘州市东湖公园店),江源路中国移动公司路东,贵州省,六盘水市,,住宿服务;宾馆酒店;宾馆酒店,100100,B0G26LMNQ9,住宿服务,宾馆酒店,宾馆酒店,
104.63418009586253,25.7050329286699,恩城民宿,丹霞镇,贵州省,六盘水市,,住宿服务;旅馆招待所;旅馆招待所,100200,B0K6FHEVIH,住宿服务,旅馆招待所,旅馆招待所,
104.47540173554103,25.700257072243865,同辉驿站,江源路与竹海东路交叉口东北140米,贵州省,六盘水市,,住宿服务;住宿服务相关;住宿服务相关,100000,B0GRTCGY58,住宿服务,住宿服务相关,住宿服务相关,
104.4747290730942,25.701016603482287,盘州云舍酒店大堂,翰林街道江源路东湖国际商业广场B区1层01号盘州云舍酒店,贵州省,六盘水市,,住宿服务;宾馆酒店;宾馆酒店,100100,B0JG25FG27,住宿服务,宾馆酒店,宾馆酒店,
104.47004173664148,25.65521484749925,帅洪客栈,320国道东40米,贵州省,六盘水市,,住宿服务;旅馆招待所;旅馆招待所,100200,B0HRGDB5H4,住宿服务,旅馆招待所,旅馆招待所,
104.47729917440336,25.705665380945067,盘县樱子客栈,红果镇江源路浅水湾小区2期,贵州省,六盘水市,,住宿服务;旅馆招待所;旅馆招待所,100200,B0I19SWMU3,住宿服务,旅馆招待所,旅馆招待所,
104.4742948899567,25.704442264841312,盘州木子公寓,翰林街道江源路王家山棚改安置房1-2-1,贵州省,六盘水市,,住宿服务;住宿服务相关;住宿服务相关,100000,B0FFL7ERFA,住宿服务,住宿服务相关,住宿服务相关,
104.47881183066478,25.708081020212372,城市一百,云盘路与江源路交叉口东南240米,贵州省,六盘水市,,住宿服务;宾馆酒店;宾馆酒店|购物服务;购物相关场所;购物相关场所,100100|060000,B0FFKZNRYC,住宿服务,宾馆酒店,宾馆酒店|购物服务,购物相关场所
104.5078168225809,25.73819520158233,忧客之家民宿(千钩桥汽博城店),泸瑞线张家树林安置区86号,贵州省,六盘水市,,住宿服务;旅馆招待所;旅馆招待所,100200,B0KUZ7HWQD,住宿服务,旅馆招待所,旅馆招待所,
104.47563700676743,25.707993970602164,逸阁大酒店,亦资街道宝福家园旁,贵州省,六盘水市,,住宿服务;宾馆酒店;宾馆酒店,100100,B0H0R7DTQI,住宿服务,宾馆酒店,宾馆酒店,
104.46936737448323,25.701277059358542,丽枫酒店(盘州东湖公园彩虹桥店),盘州市亦资街道凤鸣中路391号,贵州省,六盘水市,,住宿服务;宾馆酒店;宾馆酒店,100100,B0HKTP2ES4,住宿服务,宾馆酒店,宾馆酒店,
104.46574453441205,25.69202749432705,盘州国际花园酒店,凤鸣南路,贵州省,六盘水市,,住宿服务;宾馆酒店;宾馆酒店,100100,B0FFHLNO6G,住宿服务,宾馆酒店,宾馆酒店,
104.47441524168116,25.70287474207411,龙门客栈,江源路1065号,贵州省,六盘水市,,住宿服务;旅馆招待所;旅馆招待所,100200,B0L3AO0HV3,住宿服务,旅馆招待所,旅馆招待所,
104.46931124851153,25.701186859675712,格林豪泰酒店(盘州东湖公园彩虹桥店),竹海路与凤鸣路交叉路口309号,贵州省,六盘水市,,住宿服务;宾馆酒店;经济型连锁酒店,100105,B0HAZC6WJ3,住宿服务,宾馆酒店,经济型连锁酒店,
104.46941645756338,25.70204961240312,汉庭酒店(盘州东湖公园店),亦资街道凤鸣中路1-2号1-9层(盘州市人民法院后门对面),贵州省,六盘水市,凤鸣南路,住宿服务;宾馆酒店;宾馆酒店,100100,B0KUA5CHXA,住宿服务,宾馆酒店,宾馆酒店,
104.50871702721446,25.740782368640843,盘州邦克民宿,320国道与环东线交叉口东北420米,贵州省,六盘水市,,住宿服务;旅馆招待所;旅馆招待所,100200,B0JUVCB7G9,住宿服务,旅馆招待所,旅馆招待所,
104.47359208666805,25.707317893087634,盘州俞安酒店,东湖公园环湖路60号,贵州省,六盘水市,,住宿服务;住宿服务相关;住宿服务相关,100000,B0FFJMIO1F,住宿服务,住宿服务相关,住宿服务相关,
104.49426380465773,25.72946557552513,艺琨民宿,翰林街道温馨花园4楼,贵州省,六盘水市,,住宿服务;宾馆酒店;宾馆酒店,100100,B0LU2HPCW9,住宿服务,宾馆酒店,宾馆酒店,
104.47733012106369,25.708992301493506,轻享小栈,振兴北路与江源路交叉口东60米,贵州省,六盘水市,,住宿服务;旅馆招待所;旅馆招待所,100200,B0L3JLEW1Y,住宿服务,旅馆招待所,旅馆招待所,
104.46948962108168,25.70218988537607,云璟泊畔酒店(盘州东湖公园店),凤鸣中路367号,贵州省,六盘水市,凤鸣南路,住宿服务;宾馆酒店;宾馆酒店,100100,B0M67LZE1U,住宿服务,宾馆酒店,宾馆酒店,
104.46668240955975,25.697561921662842,盤·州丨Boutique·悦祥酒店(东湖公园银杏广场店),凤鸣南路39号,贵州省,六盘水市,亦资,住宿服务;宾馆酒店;宾馆酒店,100100,B0FFHJX1DG,住宿服务,宾馆酒店,宾馆酒店,
104.47444608274962,25.708854113523564,如你所院(私房菜),江源路486号附88号,贵州省,六盘水市,,住宿服务;住宿服务相关;住宿服务相关,100000,B0L1UC3JLL,住宿服务,住宿服务相关,住宿服务相关,
104.46763442279128,25.70096227330782,东湖里·假日酒店(东湖湿地公园店),盘州亦资孔街道胜境大道411号聚兴苑综合楼3楼3866号,贵州省,六盘水市,凤鸣南路,住宿服务;宾馆酒店;宾馆酒店,100100,B0K67UADS0,住宿服务,宾馆酒店,宾馆酒店,
104.46964781543103,25.70657271246244,IU酒店(盘州东湖公园红果小广场店),亦资街道凤鸣中路1-7层1-1号,贵州省,六盘水市,亦资,住宿服务;宾馆酒店;宾馆酒店,100100,B0J13SLOS3,住宿服务,宾馆酒店,宾馆酒店,
104.46969301203039,25.704222543673545,锦都酒店(盘州东湖公园店),红果凤鸣中路198号,贵州省,六盘水市,凤鸣南路,住宿服务;宾馆酒店;宾馆酒店,100100,B0L2VC80X5,住宿服务,宾馆酒店,宾馆酒店,
104.46937940326391,25.70125107746781,帝洲主题酒店,凤鸣中路387号,贵州省,六盘水市,,住宿服务;宾馆酒店;宾馆酒店,100100,B0FFFGLU9Q,住宿服务,宾馆酒店,宾馆酒店,
104.47681677570016,25.711065994889026,菠萝电竞民宿,江源路兰桂房仁和小区,贵州省,六盘水市,,住宿服务;住宿服务相关;住宿服务相关,100000,B0LKAN87B6,住宿服务,住宿服务相关,住宿服务相关,
104.46959585463198,25.702498339205306,爱巢酒店(盘州东湖店),亦资街道凤鸣中路357号,贵州省,六盘水市,凤鸣南路,住宿服务;宾馆酒店;宾馆酒店,100100,B0FFKZOBM3,住宿服务,宾馆酒店,宾馆酒店,
104.4695898767832,25.70157882129825,西红柿公寓酒店,亦资街道凤鸣中路383号,贵州省,六盘水市,,住宿服务;住宿服务相关;住宿服务相关,100000,B0I356LBVZ,住宿服务,住宿服务相关,住宿服务相关,
104.46981833543461,25.70337841879579,湖畔酒店,凤鸣中路313号,贵州省,六盘水市,凤鸣南路,住宿服务;宾馆酒店;三星级宾馆,100104,B0FFFGLTT4,住宿服务,宾馆酒店,三星级宾馆,
104.46934955993117,25.695486872329827,创绿家名宿,前锦路与金秋南路交叉口东60米,贵州省,六盘水市,,住宿服务;旅馆招待所;旅馆招待所,100200,B0L2B5KIPS,住宿服务,旅馆招待所,旅馆招待所,
104.46756917892482,25.70341443961789,大浪淘沙假日酒店,红果胜境大道300号(地税局对面),贵州省,六盘水市,凤鸣南路,住宿服务;宾馆酒店;三星级宾馆,100104,B0FFF3U3JS,住宿服务,宾馆酒店,三星级宾馆,
104.46915983813982,25.702755309859505,盘州城里有景·品宿(东湖公园店),亦资街道蓝湾汇典1栋2704室,贵州省,六盘水市,凤鸣南路,住宿服务;住宿服务相关;住宿服务相关,100000,B0JGOHY5ZZ,住宿服务,住宿服务相关,住宿服务相关,
104.46959276075363,25.704714543812514,盘州浪泊湾电竞酒店,亦资街道凤鸣中路253号A栋1-7层1-1-1号,贵州省,六盘水市,凤鸣南路,住宿服务;宾馆酒店;宾馆酒店,100100,B0K2TAPSI4,住宿服务,宾馆酒店,宾馆酒店,
104.47701724164084,25.71176695120874,托尼豪屋民宿(六盘水盘县国税局上西铺站店),仁和路与江源路交叉口东北80米,贵州省,六盘水市,,住宿服务;住宿服务相关;住宿服务相关,100000,B0M6JUEBHO,住宿服务,住宿服务相关,住宿服务相关,
104.46973517046604,25.702668806979414,森曼庄园酒店(东湖公园店),亦资街道凤鸣中路257号,贵州省,六盘水市,凤鸣南路,住宿服务;宾馆酒店;宾馆酒店,100100,B0FFIUWE5Z,住宿服务,宾馆酒店,宾馆酒店,
104.49708198986959,25.73506025538967,有涧民宿,响水路与盘江东路交叉口东北420米,贵州省,六盘水市,,住宿服务;旅馆招待所;旅馆招待所,100200,B0LGTRXWQT,住宿服务,旅馆招待所,旅馆招待所,
104.46327201494273,25.694984740466513,盘州漫云海庭酒店,黔锦大厦东南门旁,贵州省,六盘水市,,住宿服务;宾馆酒店;宾馆酒店,100100,B0GUAZAEVU,住宿服务,宾馆酒店,宾馆酒店,
104.46754557325056,25.69198018580267,国际花园酒店10栋,金秋南路与金海路交叉口南160米,贵州省,六盘水市,,住宿服务;宾馆酒店;宾馆酒店,100100,B0L1Y9F3AT,住宿服务,宾馆酒店,宾馆酒店,
104.46841608031264,25.70406704209271,海诗曼假日酒店,红果镇胜境大道358号,贵州省,六盘水市,凤鸣南路,住宿服务;宾馆酒店;宾馆酒店,100100,B035A01IVC,住宿服务,宾馆酒店,宾馆酒店,
104.46422999613462,25.697350456750364,全季酒店(盘州南湖公园店),丹霞南路133号物资大厦1楼,贵州省,六盘水市,,住宿服务;住宿服务相关;住宿服务相关,100000,B0K0CCE80F,住宿服务,住宿服务相关,住宿服务相关,
104.46602586474712,25.699550285216404,盘州祥瑞酒店,红果镇胜境大道金秋路1号,贵州省,六盘水市,三圆盘,住宿服务;宾馆酒店;宾馆酒店,100100,B0FFIQX1V3,住宿服务,宾馆酒店,宾馆酒店,
104.46723551546829,25.701094292916927,盘州鸿嬉酒店(东湖公园店),胜境大道411号,贵州省,六盘水市,三圆盘,住宿服务;宾馆酒店;宾馆酒店,100100,B0FFFGLVVS,住宿服务,宾馆酒店,宾馆酒店,
104.46548869969199,25.698865518285757,悦然时光酒店,亦资街道胜境大道477号,贵州省,六盘水市,亦资,住宿服务;宾馆酒店;宾馆酒店,100100,B0L1UZ3VXA,住宿服务,宾馆酒店,宾馆酒店,
104.4699884571399,25.710356718444775,盘州半岛酒店,红果环湖路38号,贵州省,六盘水市,,住宿服务;宾馆酒店;宾馆酒店,100100,B0FFFGLSCU,住宿服务,宾馆酒店,宾馆酒店,
104.46744391658542,25.702873813321922,盘州梧桐商务宾馆,胜境大道366号(近电视台),贵州省,六盘水市,凤鸣南路,住宿服务;宾馆酒店;宾馆酒店,100100,B0FFGX6GZV,住宿服务,宾馆酒店,宾馆酒店,
104.4683329311445,25.703025250804668,盘州南城云舍城市民宿,亦资街道东河居委会胜境大道465号,贵州省,六盘水市,亦资,住宿服务;住宿服务相关;住宿服务相关,100000,B0H6GZXLYW,住宿服务,住宿服务相关,住宿服务相关,
104.47417922781798,25.71425536796967,龙猫电竞酒店,翰林街道江源路恒丰园二单元2楼,贵州省,六盘水市,,住宿服务;住宿服务相关;住宿服务相关,100000,B0KBD1IG6M,住宿服务,住宿服务相关,住宿服务相关,
104.46151053202139,25.688280730483253,金城明珠度假酒店(盘州南湖公园店),胜境大道金城明珠商场(南湖公园红绿灯路口),贵州省,六盘水市,,住宿服务;住宿服务相关;住宿服务相关,100000,B0J2KC2VDW,住宿服务,住宿服务相关,住宿服务相关,
104.46969699557111,25.704878914222206,盘州东鑫宾馆,亦资街道凤鸣中路175号,贵州省,六盘水市,凤鸣南路,住宿服务;宾馆酒店;宾馆酒店,100100,B0FFKCKM9D,住宿服务,宾馆酒店,宾馆酒店,
104.48759344876468,25.727606594825563,初晴民宿(旭东大道分店),旭东大道福泽家园西区-17栋,贵州省,六盘水市,,住宿服务;住宿服务相关;住宿服务相关,100000,B0LKNNO6YE,住宿服务,住宿服务相关,住宿服务相关,
104.46230818935413,25.688993100961913,盘州祥茗酒店,盘州市文笔居委会320国道东100米,贵州省,六盘水市,,住宿服务;宾馆酒店;宾馆酒店,100100,B0FFKW30X7,住宿服务,宾馆酒店,宾馆酒店,
104.46493977938053,25.69147311569761,木浔与森民宿,顺成路与凤鸣南路交叉口南120米,贵州省,六盘水市,,住宿服务;旅馆招待所;旅馆招待所,100200,B0L31NU343,住宿服务,旅馆招待所,旅馆招待所,
104.4893598569987,25.73236556629148,盘州敏诚招待所,贵州盘江投资控股集团有限公司总医院北门西120米,贵州省,六盘水市,,住宿服务;旅馆招待所;旅馆招待所,100200,B0LU4AMCMZ,住宿服务,旅馆招待所,旅馆招待所,
104.46914858959201,25.708443403834895,唯唯民宿,亦资街道凤鸣中路31号,贵州省,六盘水市,凤鸣南路,住宿服务;住宿服务相关;住宿服务相关,100000,B0L2VS7REG,住宿服务,住宿服务相关,住宿服务相关,
104.46686046408347,25.70637219626684,盘州金华大酒店,胜境大道中236号近盘县电信局,贵州省,六盘水市,丹霞,住宿服务;宾馆酒店;宾馆酒店,100100,B0HRGB8FEK,住宿服务,宾馆酒店,宾馆酒店,
104.46769546623698,25.703386758207547,柏亚智能酒店(盘州东湖公园合力广场店),胜境大道300号,贵州省,六盘水市,亦资,住宿服务;住宿服务相关;住宿服务相关,100000,B0LBLUO12I,住宿服务,住宿服务相关,住宿服务相关,
104.46235714356725,25.692810264887957,盘州恒8联盟酒店,胜境大道698号,贵州省,六盘水市,,住宿服务;宾馆酒店;宾馆酒店,100100,B0FFJHF49U,住宿服务,宾馆酒店,宾馆酒店,
104.46914887024839,25.701289480512436,元宇宙电竞麻将民宿(六盘水红果站店),凤鸣中路与竹海东路交叉口东北40米,贵州省,六盘水市,凤鸣南路,住宿服务;住宿服务相关;住宿服务相关,100000,B0MBFS4OG1,住宿服务,住宿服务相关,住宿服务相关,
104.4655407044116,25.701680184337885,竞悦电竞酒店(盘州南湖公园店),竹海西路16号,贵州省,六盘水市,丹霞,住宿服务;住宿服务相关;住宿服务相关,100000,B0LK0X95HU,住宿服务,住宿服务相关,住宿服务相关,
104.47805847283693,25.720533812349025,盘州馨诚宾馆,翰林街道蛾螂铺村金佳路251号,贵州省,六盘水市,,住宿服务;宾馆酒店;宾馆酒店,100100,B0FFK598QX,住宿服务,宾馆酒店,宾馆酒店,
104.47924936923991,25.722276199473523,聚缘招待所(职业技术学校店),翰林街道华腾驾校西北方向50米,贵州省,六盘水市,,住宿服务;旅馆招待所;旅馆招待所,100200,B0GRFKDXMX,住宿服务,旅馆招待所,旅馆招待所,
104.46966384886247,25.706666807349233,小鹿鹿小姐民宿(凤鸣北路分店),盘州亦资街道凤鸣北路(德远新天地2栋1单元2层1号),贵州省,六盘水市,凤鸣南路,住宿服务;旅馆招待所;旅馆招待所,100200,B0I2T6RRBH,住宿服务,旅馆招待所,旅馆招待所,
104.46934000789007,25.709030240885937,尧坤酒店(盘州东湖公园红果小广场店),凤鸣中路21号国强大厦F1层,贵州省,六盘水市,亦资,住宿服务;住宿服务相关;住宿服务相关,100000,B0LATU1GH0,住宿服务,住宿服务相关,住宿服务相关,
104.46547555742349,25.701753055294652,雅宜连锁酒店(盘州店),红果镇竹海西路(县交警大队对面),贵州省,六盘水市,三圆盘,住宿服务;宾馆酒店;宾馆酒店,100100,B0LDYO09GJ,住宿服务,宾馆酒店,宾馆酒店,
104.46885190225007,25.708573682331583,盘州夕舍艺术酒店(东湖公园店),凤鸣中路与兴华东路交叉处恒园生活馆三楼,贵州省,六盘水市,凤鸣南路,住宿服务;宾馆酒店;宾馆酒店,100100,B0G147CUMF,住宿服务,宾馆酒店,宾馆酒店,
104.46969499053682,25.704888914314395,雅姿酒店,红果凤鸣中路公安局后大门对面,贵州省,六盘水市,凤鸣南路,住宿服务;宾馆酒店;宾馆酒店,100100,B0FFHJWDMZ,住宿服务,宾馆酒店,宾馆酒店,
104.46941226125375,25.706818214822288,盘州月半湾主题酒店,凤鸣中路167-171,贵州省,六盘水市,凤鸣南路,住宿服务;宾馆酒店;宾馆酒店,100100,B0FFIUWE6C,住宿服务,宾馆酒店,宾馆酒店,
104.46560681536222,25.70258384901808,开尚国际酒店(盘州丹霞路店),亦资街道丹霞中路329号,贵州省,六盘水市,三圆盘,住宿服务;宾馆酒店;宾馆酒店,100100,B0I0L5C5BF,住宿服务,宾馆酒店,宾馆酒店,
104.46752389578458,25.708024852804712,爱尚酒店,胜境大道尚品国际六单元23楼,贵州省,六盘水市,凤鸣南路,住宿服务;住宿服务相关;住宿服务相关,100000,B0K6UCSZGL,住宿服务,住宿服务相关,住宿服务相关,
104.46395220991008,25.70199527134314,新华能源国际酒店,红果盘州路315号,贵州省,六盘水市,丹霞,住宿服务;宾馆酒店;宾馆酒店,100100,B0FFGB3DHT,住宿服务,宾馆酒店,宾馆酒店,
104.46859052275859,25.70295890023894,祥瑞居家,凤鸣中路与竹海东路交叉口北200米,贵州省,六盘水市,凤鸣南路,住宿服务;住宿服务相关;住宿服务相关,100000,B0HR2SSXBX,住宿服务,住宿服务相关,住宿服务相关,
104.46789599203804,25.701586305477495,盘州玖祥民宿,亦资街道竹海东路御景园B栋2单元32楼5号,贵州省,六盘水市,凤鸣南路,住宿服务;住宿服务相关;住宿服务相关,100000,B0KR6RXQM9,住宿服务,住宿服务相关,住宿服务相关,
104.46432806221891,25.701114751856746,黔锦假日酒店,丹霞南路2号,贵州省,六盘水市,丹霞,住宿服务;宾馆酒店;三星级宾馆,100104,B0FFFGLVIQ,住宿服务,宾馆酒店,三星级宾馆,
104.46549660468021,25.701735100020663,雅客酒店,红果镇竹海西路18号(县交警大队斜对面),贵州省,六盘水市,三圆盘,住宿服务;宾馆酒店;宾馆酒店,100100,B0FFHG7YT3,住宿服务,宾馆酒店,宾馆酒店,
104.46424088893667,25.700688296441257,极客电竞馆,盘州市亦资街道锦都华庭一单元二楼,贵州省,六盘水市,丹霞,住宿服务;住宿服务相关;住宿服务相关,100000,B0L6N5QEZL,住宿服务,住宿服务相关,住宿服务相关,
104.46575612887493,25.70303048062397,盘州新丹霞大酒店,红果经济开发区丹霞中路266号,贵州省,六盘水市,亦资,住宿服务;宾馆酒店;宾馆酒店,100100,B0FFIV1CPE,住宿服务,宾馆酒店,宾馆酒店,
104.48212945586,25.72658996288607,村源民宿酒店,[],贵州省,六盘水市,,住宿服务;旅馆招待所;旅馆招待所,100200,B0LA67C2TH,住宿服务,旅馆招待所,旅馆招待所,
104.46563183611323,25.703468397535456,华都商务酒店(丹霞中路),盘州市丹霞中路华都商务酒店二楼,贵州省,六盘水市,丹霞,住宿服务;宾馆酒店;宾馆酒店,100100,B0FFFGLSDT,住宿服务,宾馆酒店,宾馆酒店,
104.46391224357545,25.69892649927892,盘县晨宸酒店,丹霞南路93号(司法局后面),贵州省,六盘水市,亦资,住宿服务;住宿服务相关;住宿服务相关,100000,B0FFJFAS38,住宿服务,住宿服务相关,住宿服务相关,
104.46622702870093,25.70680477687742,如家旗下-盘州东湖公园UP华驿智旅酒店,军民路40号,贵州省,六盘水市,丹霞,住宿服务;宾馆酒店;宾馆酒店,100100,B0LK4UVXJN,住宿服务,宾馆酒店,宾馆酒店,
104.46970000198468,25.70489292999748,东鑫宾馆2栋,亦资街道凤鸣中路175号盘州东鑫宾馆,贵州省,六盘水市,凤鸣南路,住宿服务;宾馆酒店;宾馆酒店,100100,B0L1356C7Z,住宿服务,宾馆酒店,宾馆酒店,
104.46587758106786,25.69837426109166,轻素栖花里,富强路31号,贵州省,六盘水市,凤鸣南路,住宿服务;住宿服务相关;住宿服务相关,100000,B0LR3HC4HV,住宿服务,住宿服务相关,住宿服务相关,
104.46509269360716,25.70223833031181,盘州启鸿智慧酒店,丹霞中路349号,贵州省,六盘水市,丹霞,住宿服务;住宿服务相关;住宿服务相关,100000,B0K1OS4YON,住宿服务,住宿服务相关,住宿服务相关,
104.48940397873011,25.732191597812086,乔准招待所,干沟桥总医院旁,贵州省,六盘水市,,住宿服务;旅馆招待所;旅馆招待所,100200,B0FFGZ8CUH,住宿服务,旅馆招待所,旅馆招待所,
104.46567493963856,25.703264397767246,盘州尊尚大酒店,亦资街道丹霞中路250号,贵州省,六盘水市,丹霞,住宿服务;宾馆酒店;宾馆酒店,100100,B0FFFGLSDV,住宿服务,宾馆酒店,宾馆酒店,
104.46994837429098,25.71009546573219,盘州森玙茶宿,亦资街道环湖路1-2层1-1号,贵州省,六盘水市,,住宿服务;住宿服务相关;住宿服务相关,100000,B0HUL448AD,住宿服务,住宿服务相关,住宿服务相关,
104.48697662956266,25.73329702552884,盘江宾馆(盘江总医院店),干沟桥盘江东路,贵州省,六盘水市,,住宿服务;宾馆酒店;宾馆酒店,100100,B0FFG259V7,住宿服务,宾馆酒店,宾馆酒店,
104.46922676656507,25.708523657534684,唯一主题酒店,凤鸣中路国强大厦,贵州省,六盘水市,凤鸣南路,住宿服务;宾馆酒店;宾馆酒店,100100,B0FFHDL8GF,住宿服务,宾馆酒店,宾馆酒店,
104.46493535775022,25.701978782955436,SWAGGIN·斯威戈因酒店(盘州店),丹霞中路斯威戈因城市综合体1层1号,贵州省,六盘水市,丹霞,住宿服务;住宿服务相关;住宿服务相关,100000,B0LBKYM475,住宿服务,住宿服务相关,住宿服务相关,
104.46922676656507,25.708523657534684,唯一主题酒店,凤鸣中路国强大厦,贵州省,六盘水市,凤鸣南路,住宿服务;宾馆酒店;宾馆酒店,100100,B0FFHDL8GF,住宿服务,宾馆酒店,宾馆酒店,
104.46493535775022,25.701978782955436,SWAGGIN·斯威戈因酒店(盘州店),丹霞中路斯威戈因城市综合体1层1号,贵州省,六盘水市,丹霞,住宿服务;住宿服务相关;住宿服务相关,100000,B0LBKYM475,住宿服务,住宿服务相关,住宿服务相关,
104.48377968179778,25.726053472087642,邻里驿站,南城路与华兴路交叉口东北200米,贵州省,六盘水市,,住宿服务;住宿服务相关;住宿服务相关,100000,B0M62HVS89,住宿服务,住宿服务相关,住宿服务相关,
104.46327402039617,25.694955729915726,盘州漫云海庭酒店大堂,盘州漫云海庭酒店,贵州省,六盘水市,,住宿服务;住宿服务相关;住宿服务相关,100000,B0I6CHIULZ,住宿服务,住宿服务相关,住宿服务相关,
104.48863497513607,25.732223327749086,雷英宾馆,盘江东路45号,贵州省,六盘水市,,住宿服务;宾馆酒店;宾馆酒店,100100,B0JK5A8Q4K,住宿服务,宾馆酒店,宾馆酒店,
104.4650716455922,25.702281299465014,六盘水意红康大酒店,[],贵州省,六盘水市,亦资,住宿服务;住宿服务相关;住宿服务相关,100000,B0FFF55QC1,住宿服务,住宿服务相关,住宿服务相关,
104.46359968568876,25.695897063918824,金色港湾电竞酒店,亦资街道胜境大道616号,贵州省,六盘水市,,住宿服务;宾馆酒店;宾馆酒店,100100,B0G3F5ISTP,住宿服务,宾馆酒店,宾馆酒店,
104.46161574287478,25.688545132836175,蜗艾蜗家艾公馆,盘州市金城明珠1栋一单元7-4,贵州省,六盘水市,,住宿服务;旅馆招待所;旅馆招待所,100200,B0K19MAM6B,住宿服务,旅馆招待所,旅馆招待所,
104.46614982507457,25.707607017419384,盘州君澜智能酒店,兴华西路21号,贵州省,六盘水市,丹霞,住宿服务;宾馆酒店;宾馆酒店,100100,B0JAGUHVC7,住宿服务,宾馆酒店,宾馆酒店,
104.48881644223671,25.732353942339042,和平招待所(盘江东路店),红果干沟桥,贵州省,六盘水市,,住宿服务;旅馆招待所;旅馆招待所,100200,B0FFFTY9MB,住宿服务,旅馆招待所,旅馆招待所,
104.46950651364308,25.705932980983565,贵州忆豪酒店有限责任公司,凤鸣中路与军民路交叉口东南20米,贵州省,六盘水市,凤鸣南路,住宿服务;宾馆酒店;宾馆酒店,100100,B0L1MKFDPW,住宿服务,宾馆酒店,宾馆酒店,
104.46760121881752,25.704248981183575,晚安招待所(博爱医院南),胜境大道250号(邮政储蓄银行旁),贵州省,六盘水市,凤鸣南路,住宿服务;旅馆招待所;旅馆招待所,100200,B0FFFGLTJ2,住宿服务,旅馆招待所,旅馆招待所,
104.46542642691644,25.70231123270854,盘州糊辣鱼招待所,亦资街道丹霞中路345号,贵州省,六盘水市,亦资,住宿服务;旅馆招待所;旅馆招待所,100200,B0FFFGLR7J,住宿服务,旅馆招待所,旅馆招待所,
104.46399569467857,25.692044000383465,宏财住宿楼,顺成路与凤鸣南路交叉口西南120米,贵州省,六盘水市,,住宿服务;旅馆招待所;旅馆招待所,100200,B0LKB1UYXR,住宿服务,旅馆招待所,旅馆招待所,
104.46541213301141,25.709000870317016,云上四季酒店(盘州东湖公园彩虹桥店),星云南路8号(蜀州百货旁),贵州省,六盘水市,亦资,住宿服务;宾馆酒店;宾馆酒店,100100,B0K1XZV190,住宿服务,宾馆酒店,宾馆酒店,
104.468713509871,25.710485370141978,盘州躺岛民宿,亦资街道凤鸣北路德远新天地二期第2幢2单元32层6号,贵州省,六盘水市,亦资,住宿服务;旅馆招待所;旅馆招待所,100200,B0JDFCO7CT,住宿服务,旅馆招待所,旅馆招待所,
104.465987519868,25.70617180455552,云旭民宿(丹霞中路分店),丹霞中路盘州云旭民宿,贵州省,六盘水市,丹霞,住宿服务;住宿服务相关;住宿服务相关,100000,B0KRRC0V5B,住宿服务,住宿服务相关,住宿服务相关,
104.46584139853,25.70098058345221,盘州悦客之家民宿(六盘水轩华大厦上西铺站店),竹海西路轩华大厦-A栋红果轩华大厦,贵州省,六盘水市,三圆盘,住宿服务;住宿服务相关;住宿服务相关,100000,B0K10NRHJ9,住宿服务,住宿服务相关,住宿服务相关,
104.46601165318958,25.70414075270421,盘州唯悦宾馆,红果镇丹霞中路278号,贵州省,六盘水市,丹霞,住宿服务;宾馆酒店;宾馆酒店,100100,B0FFH9U3A1,住宿服务,宾馆酒店,宾馆酒店,
104.46539134335094,25.702465225995674,盘州夜来客栈,亦资街道丹霞中路339号,贵州省,六盘水市,丹霞,住宿服务;旅馆招待所;旅馆招待所,100200,B0FFK607UJ,住宿服务,旅馆招待所,旅馆招待所,
104.46323859115357,25.703951527029474,盘州兰泊酒店,盘州路269号,贵州省,六盘水市,亦资,住宿服务;宾馆酒店;宾馆酒店,100100,B0I16UVKXR,住宿服务,宾馆酒店,宾馆酒店,
104.4699984846178,25.710249686211487,半岛·智能假日酒店,德远·新天地东南门旁,贵州省,六盘水市,,住宿服务;宾馆酒店;宾馆酒店,100100,B0K3C48LA9,住宿服务,宾馆酒店,宾馆酒店,
104.46394731504414,25.699044652860046,盘县红果茂源主题公寓,红果开发区丹霞南路81号,贵州省,六盘水市,丹霞,住宿服务;旅馆招待所;旅馆招待所,100200,B0FFGZ8HNU,住宿服务,旅馆招待所,旅馆招待所,
104.46740655489687,25.709949606634677,盘州迪格酒店,亦资街道杜鹃东路3号附2号,贵州省,六盘水市,亦资,住宿服务;宾馆酒店;宾馆酒店,100100,B0HA9CACVL,住宿服务,宾馆酒店,宾馆酒店,
104.46939923607515,25.706693111018684,临湖轩公寓,凤鸣中路与军民路交叉口北60米,贵州省,六盘水市,凤鸣南路,住宿服务;旅馆招待所;旅馆招待所,100200,B0M6LD49D7,住宿服务,旅馆招待所,旅馆招待所,
104.46740655489687,25.709949606634677,盘州迪格酒店,亦资街道杜鹃东路3号附2号,贵州省,六盘水市,亦资,住宿服务;宾馆酒店;宾馆酒店,100100,B0HA9CACVL,住宿服务,宾馆酒店,宾馆酒店,
104.46939923607515,25.706693111018684,临湖轩公寓,凤鸣中路与军民路交叉口北60米,贵州省,六盘水市,凤鸣南路,住宿服务;旅馆招待所;旅馆招待所,100200,B0M6LD49D7,住宿服务,旅馆招待所,旅馆招待所,
104.46560380646206,25.70264087236896,帝贝特色酒店(盘州丹霞路店),丹霞中路与竹海西路交叉口东北140米,贵州省,六盘水市,丹霞,住宿服务;宾馆酒店;宾馆酒店,100100,B0KUROTTZ6,住宿服务,宾馆酒店,宾馆酒店,
104.46868545472665,25.710251165595462,拽拽公寓(凤鸣北路分店),凤鸣北路奥园广场,贵州省,六盘水市,亦资,住宿服务;旅馆招待所;旅馆招待所,100200,B0FFMBLTOX,住宿服务,旅馆招待所,旅馆招待所,
104.48212950464814,25.72533925209029,盛源招待所(银杏大道店),南城路与华兴路交叉口东北20米,贵州省,六盘水市,,住宿服务;旅馆招待所;旅馆招待所,100200,B0L0V9JEEM,住宿服务,旅馆招待所,旅馆招待所,
104.46698459808358,25.71007656620879,六盘水鸿都大酒店,红果经济开发区胜境大道与杜鹃东路交口东北,贵州省,六盘水市,亦资,住宿服务;宾馆酒店;三星级宾馆,100104,B0G27RGCCJ,住宿服务,宾馆酒店,三星级宾馆,
104.4658782498438,25.706861899934424,乐屿城市酒店(盘州东湖公园店),盘州市六盘水市盘州市盘州市水务局西北15米,贵州省,六盘水市,丹霞,住宿服务;宾馆酒店;宾馆酒店,100100,B0K09C21DH,住宿服务,宾馆酒店,宾馆酒店,
104.46402238824876,25.701334089818836,七色酒店,红果竹海西路23号,贵州省,六盘水市,丹霞,住宿服务;宾馆酒店;宾馆酒店,100100,B0FFITGXQD,住宿服务,宾馆酒店,宾馆酒店,
104.47000048876363,25.71026269882117,盘县半岛精品酒店大堂,红果环湖路38号盘州半岛酒店,贵州省,六盘水市,,住宿服务;宾馆酒店;宾馆酒店,100100,B0I39SZJ8G,住宿服务,宾馆酒店,宾馆酒店,
104.46476672157064,25.708761072468157,盘州栖曼酒店,丹霞中路3号,贵州省,六盘水市,丹霞,住宿服务;宾馆酒店;宾馆酒店,100100,B0IUHRTE5J,住宿服务,宾馆酒店,宾馆酒店,
104.46724225491808,25.708133169944237,枕星辰民宿(胜境大道分店),胜境大道尚品国际6单元17层,贵州省,六盘水市,凤鸣南路,住宿服务;住宿服务相关;住宿服务相关,100000,B0J6GYGK0Y,住宿服务,住宿服务相关,住宿服务相关,
104.46514965027384,25.706541835958983,盘州城里有月咣·品宿(奥远广场店),丹霞中路紫松大厦9楼,贵州省,六盘水市,丹霞,住宿服务;旅馆招待所;旅馆招待所,100200,B0IUV6RNKU,住宿服务,旅馆招待所,旅馆招待所,
104.46877762074459,25.711409053303296,天安宾馆,亦资街道公园路11号,贵州省,六盘水市,亦资,住宿服务;旅馆招待所;旅馆招待所,100200,B0FFG0XA6N,住宿服务,旅馆招待所,旅馆招待所,
104.46153256921849,25.688512908825597,初晴民宿(南湖路分店),南湖路金城明珠-1栋,贵州省,六盘水市,,住宿服务;住宿服务相关;住宿服务相关,100000,B0LGVNPT5B,住宿服务,住宿服务相关,住宿服务相关,
104.47609462092187,25.720896453116953,托尼豪屋公寓(翠屏路分店),翠屏路盘州市红果闽南建材市场,贵州省,六盘水市,,住宿服务;宾馆酒店;宾馆酒店,100100,B0JRXN2EL7,住宿服务,宾馆酒店,宾馆酒店,
104.46481281635445,25.708922280105313,盘州美邑酒店,杜鹃西路盘江供电分局公交站西南方向30米处,贵州省,六盘水市,亦资,住宿服务;宾馆酒店;宾馆酒店,100100,B0I35SM3R0,住宿服务,宾馆酒店,宾馆酒店,
104.46786150044589,25.712136021243094,盘州霏梵酒店,亦资街道凤鸣北路38号,贵州省,六盘水市,亦资,住宿服务;住宿服务相关;住宿服务相关,100000,B0JDOKCFPG,住宿服务,住宿服务相关,住宿服务相关,
104.46365352541545,25.702948030950335,盘州方卓民宿(盘州红果体育馆店),盘州路东侧307号,贵州省,六盘水市,亦资,住宿服务;住宿服务相关;住宿服务相关,100000,B0FFLBQB6T,住宿服务,住宿服务相关,住宿服务相关,
104.46681720852915,25.71041331324608,盘州嘉利禾酒店,胜境大道293号,贵州省,六盘水市,亦资,住宿服务;住宿服务相关;住宿服务相关,100000,B0JRDC68VA,住宿服务,住宿服务相关,住宿服务相关,
104.46597950191214,25.706174785325455,云旭民宿餐厅(丹霞中路分店),丹霞中路盘州云旭民宿,贵州省,六盘水市,丹霞,住宿服务;住宿服务相关;住宿服务相关,100000,B0H1GHUP03,住宿服务,住宿服务相关,住宿服务相关,
104.46925572293884,25.711343295569293,盘州盛元招待所,盘州公园路29号(县政府宿舍门口),贵州省,六盘水市,亦资,住宿服务;旅馆招待所;旅馆招待所,100200,B035A00D2W,住宿服务,旅馆招待所,旅馆招待所,
104.46703886299015,25.70643369863572,盘县金华大酒店大堂,盘州金华大酒店,贵州省,六盘水市,丹霞,住宿服务;宾馆酒店;宾馆酒店,100100,B0H3THHYZJ,住宿服务,宾馆酒店,宾馆酒店,
104.46610552952005,25.712627681421452,7天酒店(六盘水盘州胜境大道红果小广场店),红果胜境大道小广场工商银行旁,贵州省,六盘水市,亦资,住宿服务;宾馆酒店;经济型连锁酒店,100105,B0FFFGLVDG,住宿服务,宾馆酒店,经济型连锁酒店,
104.46580831864193,25.701144586834907,云上时光,竹海西路与胜境大道交叉口西南40米,贵州省,六盘水市,三圆盘,住宿服务;旅馆招待所;旅馆招待所,100200,B0K3MRQQ0U,住宿服务,旅馆招待所,旅馆招待所,
104.46636530564655,25.707616584994923,半枕星河民宿,盘州红果兴华西路13号,贵州省,六盘水市,丹霞,住宿服务;旅馆招待所;旅馆招待所,100200,B0L3TZ7QUT,住宿服务,旅馆招待所,旅馆招待所,
104.46580831864193,25.701144586834907,云上时光,竹海西路与胜境大道交叉口西南40米,贵州省,六盘水市,三圆盘,住宿服务;旅馆招待所;旅馆招待所,100200,B0K3MRQQ0U,住宿服务,旅馆招待所,旅馆招待所,
104.46636530564655,25.707616584994923,半枕星河民宿,盘州红果兴华西路13号,贵州省,六盘水市,丹霞,住宿服务;旅馆招待所;旅馆招待所,100200,B0L3TZ7QUT,住宿服务,旅馆招待所,旅馆招待所,
104.46545623005585,25.709011990631193,永福酒店,星云北路8号(蜀州百货旁),贵州省,六盘水市,丹霞,住宿服务;宾馆酒店;宾馆酒店,100100,B0FFFGLU8L,住宿服务,宾馆酒店,宾馆酒店,
104.46359219927612,25.70788058335766,新四海龙主题酒店,盘州路28号,贵州省,六盘水市,亦资,住宿服务;宾馆酒店;宾馆酒店,100100,B0FFFGLUWG,住宿服务,宾馆酒店,宾馆酒店,
104.46622811650671,25.70462658310567,南焉·花里,丹霞中路209南焉花里,贵州省,六盘水市,亦资,购物服务;花鸟鱼虫市场;花卉市场|住宿服务;旅馆招待所;旅馆招待所,060501|100200,B0L2KCG0BH,购物服务,花鸟鱼虫市场,花卉市场|住宿服务,旅馆招待所
104.46316055731359,25.700539466574963,逸轩商务宾馆,民福路44号,贵州省,六盘水市,丹霞,住宿服务;宾馆酒店;宾馆酒店,100100,B0FFFGLVSA,住宿服务,宾馆酒店,宾馆酒店,
104.48696760760559,25.733260978100823,盘江宾馆大堂,盘江宾馆(盘江总医院店),贵州省,六盘水市,,住宿服务;宾馆酒店;宾馆酒店,100100,B0KRYU0Z03,住宿服务,宾馆酒店,宾馆酒店,
104.45560705050015,25.678376344244096,维也纳酒店(盘州南湖公园银杏广场店),亦资街道沪瑞线新港湾综合体3号楼,贵州省,六盘水市,,住宿服务;宾馆酒店;宾馆酒店,100100,B0HRM6I8XC,住宿服务,宾馆酒店,宾馆酒店,
104.46513563041812,25.70626064510137,盘州初晴民宿,亦资街道丹霞中路107号紫淞大厦6层8号,贵州省,六盘水市,亦资,住宿服务;住宿服务相关;住宿服务相关,100000,B0KAUNF2V3,住宿服务,住宿服务相关,住宿服务相关,
104.46464951955441,25.70736400051481,云栖酒店,盘州路1号,贵州省,六盘水市,丹霞,住宿服务;住宿服务相关;住宿服务相关,100000,B0K6CDXB9V,住宿服务,住宿服务相关,住宿服务相关,
104.46755997924997,25.707979923301778,云深不知处民宿(盘州合力店),尚品国际六单元17楼,贵州省,六盘水市,凤鸣南路,住宿服务;住宿服务相关;住宿服务相关,100000,B0GU3AILLQ,住宿服务,住宿服务相关,住宿服务相关,
104.46529478203168,25.711341862837262,盘州雅乐轩酒店,亦资街道开拓路18号,贵州省,六盘水市,亦资,住宿服务;宾馆酒店;宾馆酒店,100100,B0GURHPILJ,住宿服务,宾馆酒店,宾馆酒店,
104.46719409313289,25.70948879191687,空间站电竞酒店(胜境大道店),红果二圆盘建设银行二楼空间站电竞酒店,贵州省,六盘水市,凤鸣南路,住宿服务;住宿服务相关;住宿服务相关,100000,B0J1BYKWG7,住宿服务,住宿服务相关,住宿服务相关,
104.46354128186165,25.702973759720894,盘州尊品酒店,盘州路293号(新华能源大厦旁),贵州省,六盘水市,丹霞,住宿服务;宾馆酒店;宾馆酒店,100100,B0FFFGLS4H,住宿服务,宾馆酒店,宾馆酒店,
104.46522069017466,25.709516660348502,盘州越八智能酒店(星云中路店),星云中路3号,贵州省,六盘水市,丹霞,住宿服务;宾馆酒店;宾馆酒店,100100,B0L3K7CAXT,住宿服务,宾馆酒店,宾馆酒店,
104.46887291814923,25.709400195125728,盘州鲸鱼岛电竞酒店,国强大厦B栋,贵州省,六盘水市,凤鸣南路,住宿服务;住宿服务相关;住宿服务相关,100000,B0J24L689A,住宿服务,住宿服务相关,住宿服务相关,
104.46533797095826,25.70895565343465,盘州红果今夜宾馆,红果镇星云南路14号,贵州省,六盘水市,丹霞,住宿服务;住宿服务相关;住宿服务相关,100000,B0FFIL3SKD,住宿服务,住宿服务相关,住宿服务相关,
104.45754977600413,25.67989068285107,安康宾馆(盘州人民医院店),胜境大道东南40米,贵州省,六盘水市,,住宿服务;住宿服务相关;住宿服务相关,100000,B0GR06VJXZ,住宿服务,住宿服务相关,住宿服务相关,
104.46510240282673,25.71019773178616,亚悦酒店(新凯花园步行街店),星云中路33号,贵州省,六盘水市,亦资,住宿服务;住宿服务相关;住宿服务相关,100000,B0L1T603DD,住宿服务,住宿服务相关,住宿服务相关,
104.46600149306398,25.707648653958337,盘州鸿缘商务酒店,兴华西路35号,贵州省,六盘水市,亦资,住宿服务;宾馆酒店;宾馆酒店,100100,B0FFH34B2Z,住宿服务,宾馆酒店,宾馆酒店,
104.46561769883706,25.70617084312971,盘州千佰度民宿,丹霞北路水利小区东侧约100米,贵州省,六盘水市,丹霞,住宿服务;旅馆招待所;旅馆招待所,100200,B0KG9C5UFR,住宿服务,旅馆招待所,旅馆招待所,
104.46863427731665,25.711786880623627,红果大酒店大堂,凤鸣北路与公园路交叉口东北80米,贵州省,六盘水市,亦资,住宿服务;宾馆酒店;四星级宾馆,100103,B0IAFUAC5S,住宿服务,宾馆酒店,四星级宾馆,
104.46509239535429,25.709826500482336,盘州桂海精品酒店,星云中路13号,贵州省,六盘水市,丹霞,住宿服务;宾馆酒店;宾馆酒店,100100,B035A00CW9,住宿服务,宾馆酒店,宾馆酒店,
104.46802494508239,25.710274421842506,凤鸣招待所,德远新天地对面,贵州省,六盘水市,亦资,住宿服务;旅馆招待所;旅馆招待所,100200,B0FFIQ1MF3,住宿服务,旅馆招待所,旅馆招待所,
104.46150210241991,25.698770346177895,盘州静净招待所,平川西路75号,贵州省,六盘水市,,住宿服务;旅馆招待所;旅馆招待所,100200,B0FFFPOPGS,住宿服务,旅馆招待所,旅馆招待所,
104.64482651306983,25.385305749913023,丰缘宾馆(新光发电厂店),红威公路盘州市大山镇新光村卫生室西南方向约160米,贵州省,六盘水市,,住宿服务;宾馆酒店;宾馆酒店,100100,B0LUZHTLV1,住宿服务,宾馆酒店,宾馆酒店,
104.6435260191056,25.386479107060275,盘州市漫钥宾馆,响水镇糯猪克村一组,贵州省,六盘水市,,住宿服务;宾馆酒店;宾馆酒店,100100,B0J0TATUVP,住宿服务,宾馆酒店,宾馆酒店,
104.64733156583827,25.385337507032364,悦来阁民宿,大山镇新光村开成副食店东侧,贵州省,六盘水市,,住宿服务;住宿服务相关;住宿服务相关,100000,B0KU7U70FG,住宿服务,住宿服务相关,住宿服务相关,
104.64855714838856,25.384589261927882,城鑫世纪酒店,新光发电倒班楼北侧60米,贵州省,六盘水市,,住宿服务;宾馆酒店;宾馆酒店,100100,B0LBLUNJQ9,住宿服务,宾馆酒店,宾馆酒店,
104.6513531770958,25.38464334557252,馨满屋民宿,大山镇新光村晟欢便利店东南约40米,贵州省,六盘水市,,住宿服务;旅馆招待所;旅馆招待所,100200,B0KDGSKUEJ,住宿服务,旅馆招待所,旅馆招待所,
104.65159847547493,25.384533889458773,盘州媛晨酒店,大山镇新光村一组欢忆酒坊西北方向55米,贵州省,六盘水市,,住宿服务;宾馆酒店;宾馆酒店,100100,B0KUFS734H,住宿服务,宾馆酒店,宾馆酒店,
104.65164834529365,25.38418374166774,馨海客栈,大山镇新光村一组28号,贵州省,六盘水市,,住宿服务;住宿服务相关;住宿服务相关,100000,B0KRNZIVTG,住宿服务,住宿服务相关,住宿服务相关,
104.6529934192189,25.385143486772407,盘州新光宾馆,大山镇新光村一组新光幼儿园东北方向200米,贵州省,六盘水市,,住宿服务;住宿服务相关;住宿服务相关,100000,B0KRB5SCJ5,住宿服务,住宿服务相关,住宿服务相关,
104.65282291207774,25.3851898022148,越兴宾馆,X247乡村百货西北方向80米处,贵州省,六盘水市,,住宿服务;住宿服务相关;住宿服务相关,100000,B0M6M7VS5Q,住宿服务,住宿服务相关,住宿服务相关,
104.65299440337536,25.385481542050748,馨海客栈,大山镇新光村退役军人服务站东南侧100米,贵州省,六盘水市,,住宿服务;旅馆招待所;旅馆招待所,100200,B0MBKKOM54,住宿服务,旅馆招待所,旅馆招待所,
104.6924263535639,25.39245941978195,保田保兴酒店,[],贵州省,六盘水市,,住宿服务;宾馆酒店;宾馆酒店,100100,B0LBLUMA7K,住宿服务,宾馆酒店,宾馆酒店,
104.71058584051757,25.404130991464942,陌上云居民宿,G246保田世纪星幼儿园东北方向约100米,贵州省,六盘水市,,住宿服务;旅馆招待所;旅馆招待所,100200,B0L1F6W6W0,住宿服务,旅馆招待所,旅馆招待所,
104.71318156583644,25.40738936484781,半日闲民宿,保田镇机关居委会二组246国道与247县道交叉口东北300米,贵州省,六盘水市,,住宿服务;住宿服务相关;住宿服务相关,100000,B0M60MM40X,住宿服务,住宿服务相关,住宿服务相关,
104.71137886877331,25.405949326155913,彬彬宾馆,保田镇下保田村二组336号,贵州省,六盘水市,,住宿服务;住宿服务相关;住宿服务相关,100000,B0FFKBRM51,住宿服务,住宿服务相关,住宿服务相关,
104.71606970303637,25.414293355726386,吉泰大酒店,G246宏亿装修有限公司东南方向40米处,贵州省,六盘水市,,住宿服务;宾馆酒店;宾馆酒店,100100,B0L1GUB8V9,住宿服务,宾馆酒店,宾馆酒店,
104.71309773280139,25.408096605748547,希晨酒店,保田镇下保田居委会1组259号,贵州省,六盘水市,,住宿服务;宾馆酒店;宾馆酒店,100100,B0H2R54MII,住宿服务,宾馆酒店,宾馆酒店,
104.71507810750099,25.40995561661551,金莎宾馆,246国道与111乡道交叉口西南320米,贵州省,六盘水市,,住宿服务;宾馆酒店;宾馆酒店,100100,B0G1R405LE,住宿服务,宾馆酒店,宾馆酒店,
104.71507810941432,25.409907607064905,馨源宾馆,盘州市保田镇居委会保兴路201号,贵州省,六盘水市,,住宿服务;宾馆酒店;宾馆酒店|住宿服务;旅馆招待所;旅馆招待所,100100|100200,B0G22SUFZ0,住宿服务,宾馆酒店,宾馆酒店|住宿服务,旅馆招待所
104.71532256260501,25.409752293505363,光明宾馆,246国道与111乡道交叉口西南320米,贵州省,六盘水市,,住宿服务;宾馆酒店;宾馆酒店|住宿服务;旅馆招待所;旅馆招待所,100100|100200,B0FFG2TFJ0,住宿服务,宾馆酒店,宾馆酒店|住宿服务,旅馆招待所
104.71756758721135,25.40947172807463,盘州市农资宾馆,212省道,贵州省,六盘水市,,住宿服务;宾馆酒店;宾馆酒店,100100,B0FFGWGGU1,住宿服务,宾馆酒店,宾馆酒店,
104.71591402009471,25.415071691325046,盛世华堂酒店,保田镇212省道保新路43号,贵州省,六盘水市,,住宿服务;住宿服务相关;住宿服务相关,100000,B0FFKB80CK,住宿服务,住宿服务相关,住宿服务相关,
104.71649476633439,25.4140478282417,保田镇枫槿酒店,保兴路28号,贵州省,六盘水市,,住宿服务;宾馆酒店;宾馆酒店,100100,B0MBYZ50G9,住宿服务,宾馆酒店,宾馆酒店,
104.71566578438883,25.40987892485665,昌菊旅馆,246国道与111乡道交叉口西南280米,贵州省,六盘水市,,住宿服务;旅馆招待所;旅馆招待所,100200,B0LRHZ6N6U,住宿服务,旅馆招待所,旅馆招待所,
104.71767226857025,25.411728065519355,兴朋宾馆,111乡道与246国道交叉口东南20米,贵州省,六盘水市,,住宿服务;宾馆酒店;宾馆酒店,100100,B0G22ZU0IJ,住宿服务,宾馆酒店,宾馆酒店,
104.71740585447196,25.41163133477889,贰一八宾馆,246国道与111乡道交叉口南20米,贵州省,六盘水市,,住宿服务;宾馆酒店;宾馆酒店,100100,B0G2FS0SL4,住宿服务,宾馆酒店,宾馆酒店,
104.73198421733498,25.39966270651855,盘州市普田回族乡老格子,243县道西南侧,贵州省,六盘水市,,住宿服务;住宿服务相关;住宿服务相关,100000,B0LD4KHOBR,住宿服务,住宿服务相关,住宿服务相关,
104.73727582134036,25.404360991142255,盘州市普田回族乡老格子,S77水兴高速与保田服务区交叉口西南340米,贵州省,六盘水市,,住宿服务;住宿服务相关;住宿服务相关,100000,B0LAYAYRK8,住宿服务,住宿服务相关,住宿服务相关,
104.76677253692081,25.386852601162385,马波宾馆,100乡道东150米,贵州省,六盘水市,,住宿服务;住宿服务相关;住宿服务相关,100000,B0FFKFZC34,住宿服务,住宿服务相关,住宿服务相关,
105.02904215389225,26.583400427604964,六盘水雨林谷农庄,董地街道双巢社区乌蒙凤鸡生态农庄,贵州省,六盘水市,,住宿服务;住宿服务相关;住宿服务相关,100000,B0K6NH5M0H,住宿服务,住宿服务相关,住宿服务相关,
105.02495794105089,26.565188673929885,颐程智选酒店(六盘水水城店),懂地街道文阁商业广场1栋1-32号,贵州省,六盘水市,,住宿服务;宾馆酒店;宾馆酒店,100100,B0JUMZC11L,住宿服务,宾馆酒店,宾馆酒店,
105.0253802102883,26.56428037452238,六盘水金鹰大酒店,董地街道派出所文阁村警务室东北方50米处,贵州省,六盘水市,,住宿服务;宾馆酒店;宾馆酒店,100100,B0KUSHQ9OU,住宿服务,宾馆酒店,宾馆酒店,
105.02431870555708,26.563610168222063,鸿运客栈,水纳路立马电动车对面10米处,贵州省,六盘水市,,住宿服务;住宿服务相关;住宿服务相关,100000,B0IU1CY746,住宿服务,住宿服务相关,住宿服务相关,
105.02381292124416,26.56190027801439,十九度·兰亭民宿,董地街道文阁村上洞组老鹰山中心校东南方100米处,贵州省,六盘水市,,住宿服务;旅馆招待所;旅馆招待所,100200,B0JBL1S90J,住宿服务,旅馆招待所,旅馆招待所,
104.92645070976423,26.649718783640306,半日闲民宿,保华镇发戛慕贞希望小学东南边500米,贵州省,六盘水市,,住宿服务;住宿服务相关;住宿服务相关,100000,B0LRFR7WWS,住宿服务,住宿服务相关,住宿服务相关,
105.02983564402534,26.545962261726064,万怡酒店,水纳路豪克轮胎南侧约60米处,贵州省,六盘水市,,住宿服务;宾馆酒店;宾馆酒店,100100,B0L3MUKNIM,住宿服务,宾馆酒店,宾馆酒店,
105.04280003691696,26.53676202147019,六盘水沂泰民宿,老鹰山街道石河居委白云大道旁,贵州省,六盘水市,,住宿服务;宾馆酒店;宾馆酒店,100100,B0HD0ZYTFT,住宿服务,宾馆酒店,宾馆酒店,
105.04318365988931,26.53649311806309,六盘水泽铭客栈,老鹰山街道办石河居委晏家寨组双山路尖山村技校东80米,贵州省,六盘水市,,住宿服务;住宿服务相关;住宿服务相关,100000,B0G0S91GHL,住宿服务,住宿服务相关,住宿服务相关,
105.04044069019388,26.537090420055243,六盘水豪利酒店,老鹰山街道白云大道尖山村技校,贵州省,六盘水市,,住宿服务;宾馆酒店;宾馆酒店,100100,B0JBOZPRLD,住宿服务,宾馆酒店,宾馆酒店,
104.96613379045853,26.54960511079706,艾兰国际酒店,双水大道东部国际城,贵州省,六盘水市,,住宿服务;宾馆酒店;五星级宾馆,100102,B0FFGBC85J,住宿服务,宾馆酒店,五星级宾馆,
104.96314895993977,26.54899078027001,维也纳国际酒店(六盘水水城店),双水大道北盘江大厦(政务大厅旁),贵州省,六盘水市,,住宿服务;宾馆酒店;宾馆酒店,100100,B0FFKBQMZO,住宿服务,宾馆酒店,宾馆酒店,
104.96484305283052,26.550067589270398,南飞鼎昂国际大酒店,双水街道广场社区东部国际城一期1栋105号,贵州省,六盘水市,,住宿服务;宾馆酒店;宾馆酒店,100100,B0KBJ55S0D,住宿服务,宾馆酒店,宾馆酒店,
104.96547346937047,26.550279975854057,姜山别墅度假酒店(水城区政府店),双水街道广场社区双水大道25号东部国际城303栋,贵州省,六盘水市,,住宿服务;宾馆酒店;宾馆酒店,100100,B0LUVZCIBV,住宿服务,宾馆酒店,宾馆酒店,
104.91901255036133,26.5897133208418,黔苗山舍,马坝村,贵州省,六盘水市,,住宿服务;住宿服务相关;住宿服务相关,100000,B0KDAUEPD4,住宿服务,住宿服务相关,住宿服务相关,
104.95237431091438,26.55146220638319,格林豪泰酒店(六盘水水城区委党校店),六盘水水城区双水街道塞纳华城E栋,贵州省,六盘水市,,住宿服务;住宿服务相关;住宿服务相关,100000,B0L3AUVEQF,住宿服务,住宿服务相关,住宿服务相关,
104.94976567264024,26.552611143229477,六盘水古汇大酒店(六盘水水城区政府店),双水新区富民路工商局旁边,贵州省,六盘水市,,住宿服务;住宿服务相关;住宿服务相关,100000,B0FFKLCV04,住宿服务,住宿服务相关,住宿服务相关,
104.94988026185084,26.552678908658443,舒星·艺术智能酒店(双水广场店),双水街道富民路3号5幢,贵州省,六盘水市,,住宿服务;宾馆酒店;宾馆酒店,100100,B0L2XSXJXI,住宿服务,宾馆酒店,宾馆酒店,
104.94987634603056,26.551048622610274,夏凉之都酒店(六盘水水城区政府店),富民路4号,贵州省,六盘水市,,住宿服务;宾馆酒店;宾馆酒店,100100,B0FFKX7ZX5,住宿服务,宾馆酒店,宾馆酒店,
104.93714989307841,26.56060471577923,悦来好客酒店(六盘水市中医医院店),双水街道金竹社区四网格营盘路2栋,贵州省,六盘水市,,住宿服务;住宿服务相关;住宿服务相关,100000,B0LAZRZ60X,住宿服务,住宿服务相关,住宿服务相关,
104.95404935843885,26.54621943700856,富澜客宁酒店(六盘水水城区政府店),双水街道明洞路1号世纪佳苑3栋,贵州省,六盘水市,,住宿服务;宾馆酒店;宾馆酒店,100100,B0J1RHQN8L,住宿服务,宾馆酒店,宾馆酒店,
104.9519349563736,26.55048601015501,六盘水双盛缘酒店,双水街道黄家桥社区钟山大道2号,贵州省,六盘水市,,住宿服务;宾馆酒店;宾馆酒店,100100,B0FFKDTKPW,住宿服务,宾馆酒店,宾馆酒店,
104.95656899798382,26.543302993019356,金屋酒店(六盘水水城区双水小广场店),汇麟小区3单元1楼,贵州省,六盘水市,,住宿服务;宾馆酒店;宾馆酒店,100100,B0K6GD0IRJ,住宿服务,宾馆酒店,宾馆酒店,
104.93762355698115,26.558292526636404,壹上洞穴酒店(六盘水水城店),双水街道金竹林社区人民路16号2栋,贵州省,六盘水市,,住宿服务;住宿服务相关;住宿服务相关,100000,B0LDRZ49NF,住宿服务,住宿服务相关,住宿服务相关,
104.93777299966224,26.56069268198234,河边酒店,双水街道人民路金竹公寓2栋三单元402室,贵州省,六盘水市,,住宿服务;住宿服务相关;住宿服务相关,100000,B0L22502G0,住宿服务,住宿服务相关,住宿服务相关,
104.94257711240058,26.554469000242904,亿豪大酒店,井海路佳合超市向北30米处,贵州省,六盘水市,,住宿服务;住宿服务相关;住宿服务相关,100000,B0LGG5W1VI,住宿服务,住宿服务相关,住宿服务相关,
104.95824850620625,26.54433115463792,佳合商务酒店,双水新区建业路与金山路交叉口附近(佳合超市旁),贵州省,六盘水市,,住宿服务;宾馆酒店;宾馆酒店,100100,B0FFFE2SJN,住宿服务,宾馆酒店,宾馆酒店,
104.95263156650864,26.546880784133577,玉龙山大酒店,双水街道办朝阳社区水黄路边(物美超市斜对面),贵州省,六盘水市,,住宿服务;宾馆酒店;宾馆酒店,100100,B0FFIXJVMD,住宿服务,宾馆酒店,宾馆酒店,
104.94253824472791,26.554337050139605,聚宾酒店(六盘水第一中学双水校区店),井海路与盘海路交叉口,贵州省,六盘水市,,住宿服务;宾馆酒店;宾馆酒店,100100,B0HA3U469O,住宿服务,宾馆酒店,宾馆酒店,
104.94692373063464,26.550056649805338,水城能投酒店,双水街道黄家桥社区钟山大道19号18楼,贵州省,六盘水市,,住宿服务;宾馆酒店;宾馆酒店,100100,B0JR9HKLV4,住宿服务,宾馆酒店,宾馆酒店,
104.94824614153475,26.550067909991505,水城米兰风情酒店,滥坝镇双水卡达凯斯山水城b栋,贵州省,六盘水市,,住宿服务;宾馆酒店;宾馆酒店,100100,B0LDR5D0NU,住宿服务,宾馆酒店,宾馆酒店,
104.95609576814846,26.543968242112786,铂澜酒店(水城区店),小山路4号,贵州省,六盘水市,,住宿服务;宾馆酒店;宾馆酒店,100100,B0KUYKWUY9,住宿服务,宾馆酒店,宾馆酒店,
104.95562361568943,26.542569084453426,凤宁酒店(六盘水水城店),双水新区小山路(滥坝派出所斜对面),贵州省,六盘水市,,住宿服务;宾馆酒店;宾馆酒店,100100,B0FFFYAXPT,住宿服务,宾馆酒店,宾馆酒店,
104.95724341032613,26.54354342917041,六盘水水城胜合宾馆,汇麒小区北门东北50米,贵州省,六盘水市,,住宿服务;宾馆酒店;宾馆酒店,100100,B0FFL0XQZG,住宿服务,宾馆酒店,宾馆酒店,
104.95158856273233,26.542430263584308,欢泊·智享轻奢酒店(六盘水水城区环球购物广场店),凉都大道2号环球购物广场对面,贵州省,六盘水市,,住宿服务;住宿服务相关;住宿服务相关,100000,B0J1SBPP49,住宿服务,住宿服务相关,住宿服务相关,
104.94422981571391,26.550978204529923,万豪酒店(双水工商银行店),南环路双水气贸城,贵州省,六盘水市,,住宿服务;住宿服务相关;住宿服务相关,100000,B0FFJZVEVJ,住宿服务,住宿服务相关,住宿服务相关,
104.94143979881038,26.554307091325168,六盘水兰耀宾馆,展场路搬迁街,贵州省,六盘水市,,住宿服务;住宿服务相关;住宿服务相关,100000,B0FFJA1RWK,住宿服务,住宿服务相关,住宿服务相关,
104.955664434039,26.54320411123651,夏至酒店(水城区双水广场店),滥坝镇小山路15号,贵州省,六盘水市,,住宿服务;宾馆酒店;宾馆酒店,100100,B0LDDZGXXE,住宿服务,宾馆酒店,宾馆酒店,
104.95598926511427,26.54181507776973,豪林酒店,沙龙路1号,贵州省,六盘水市,,住宿服务;宾馆酒店;三星级宾馆,100104,B035A0N8KP,住宿服务,宾馆酒店,三星级宾馆,
104.95352143384063,26.543515130050295,玖月居客栈(六盘水水城区双水广场店),双水街道金山路建业社区13号院落3号1栋,贵州省,六盘水市,,住宿服务;旅馆招待所;旅馆招待所,100200,B0K6FRNL4Q,住宿服务,旅馆招待所,旅馆招待所,
104.9555778069423,26.54214610995761,六盘水水城精品酒店(双水小广场店),诚信路1-101号,贵州省,六盘水市,,住宿服务;宾馆酒店;宾馆酒店,100100,B0FFJM7QLY,住宿服务,宾馆酒店,宾馆酒店,
104.95223131884539,26.540215400807373,汉庭酒店(六盘水水城双水),水城大道双水花园3号楼102铺,贵州省,六盘水市,,住宿服务;住宿服务相关;住宿服务相关,100000,B0LD7S0YSY,住宿服务,住宿服务相关,住宿服务相关,
104.9535951460952,26.543860028177615,六盘水有间客栈(六盘水水城区双水小广场店),金山路,贵州省,六盘水市,,住宿服务;旅馆招待所;旅馆招待所,100200,B0FFLGBMXY,住宿服务,旅馆招待所,旅馆招待所,
104.9522709628876,26.54510925870913,六盘水君尚酒店,双水街道第二小学对面20米处,贵州省,六盘水市,,住宿服务;住宿服务相关;住宿服务相关,100000,B0HKLSRXOJ,住宿服务,住宿服务相关,住宿服务相关,
104.95439511656804,26.54514543782654,六盘水亦阳民宿,金山北巷德禾香园酒楼旁,贵州省,六盘水市,,住宿服务;宾馆酒店;宾馆酒店,100100,B0L6Y5J35B,住宿服务,宾馆酒店,宾馆酒店,
104.94386006239631,26.550556845849535,适久度客栈,双水街道钟山大道9号,贵州省,六盘水市,,住宿服务;住宿服务相关;住宿服务相关,100000,B0J1TCETXD,住宿服务,住宿服务相关,住宿服务相关,
104.95430851356946,26.543435310680742,六盘水荣祥招待所,双水金山路(小广场公交站对面),贵州省,六盘水市,,住宿服务;旅馆招待所;旅馆招待所,100200,B0FFH3D38D,住宿服务,旅馆招待所,旅馆招待所,
104.95054333258982,26.54244656241621,锦立酒店(六盘水水城区双水小广场店),滥坝镇双水保健路1号水城县医院旁边,贵州省,六盘水市,,住宿服务;宾馆酒店;宾馆酒店,100100,B0FFGB0E9P,住宿服务,宾馆酒店,宾馆酒店,
104.95388904420116,26.5441384095376,六盘水凯博酒店(双水广场店),金山巷艺源摄影馆西南10米,贵州省,六盘水市,,住宿服务;宾馆酒店;宾馆酒店,100100,B0FFIXJWMF,住宿服务,宾馆酒店,宾馆酒店,
104.9542288601848,26.54228527205888,六盘水和一酒店(水城区双水广场店),诚信路245号,贵州省,六盘水市,,住宿服务;宾馆酒店;宾馆酒店,100100,B0FFK1AF0P,住宿服务,宾馆酒店,宾馆酒店,
104.9546163931345,26.542755468429142,六盘水夜涛小驻民宿,金山南巷与金山东巷交叉口东20米,贵州省,六盘水市,,住宿服务;住宿服务相关;住宿服务相关,100000,B0L0NCRUQ3,住宿服务,住宿服务相关,住宿服务相关,
104.95347263470276,26.54304415054047,六盘水闲庭客栈,双水金山西苑20栋,贵州省,六盘水市,,住宿服务;旅馆招待所;旅馆招待所,100200,B0FFKEC0S3,住宿服务,旅馆招待所,旅馆招待所,
104.94310651282846,26.551382443356744,六盘水忆源宾馆,双水街道黄家桥社区南怀路翔鹤1号楼111、205-206室,贵州省,六盘水市,,住宿服务;宾馆酒店;宾馆酒店,100100,B0GR5H2FUA,住宿服务,宾馆酒店,宾馆酒店,
104.95403259233244,26.542249716403703,银茂酒店,诚信路011号,贵州省,六盘水市,,住宿服务;宾馆酒店;宾馆酒店,100100,B0K1PDA6GW,住宿服务,宾馆酒店,宾馆酒店,
104.9478567913185,26.543291450856902,青灯山居民宿,双水街道麒龙香山美域一期10号楼1904室,贵州省,六盘水市,,住宿服务;旅馆招待所;旅馆招待所,100200,B0KUK15K53,住宿服务,旅馆招待所,旅馆招待所,
104.9479106083727,26.54318831882425,常小筑民宿(六盘水店),麒龙香山美域一期10号楼1楼102号,贵州省,六盘水市,,住宿服务;住宿服务相关;住宿服务相关,100000,B0JU9UFV3H,住宿服务,住宿服务相关,住宿服务相关,
104.95226733615857,26.53676463275215,云屿·印象酒店(两江公园店),水城大道包谷饭野菜鸡火锅南30米,贵州省,六盘水市,,住宿服务;宾馆酒店;宾馆酒店,100100,B0L14O2WQV,住宿服务,宾馆酒店,宾馆酒店,
104.95371986984495,26.539556905363263,惠邻民宿(六盘水水城店),织金东路与织金巷交叉口东40米,贵州省,六盘水市,,住宿服务;住宿服务相关;住宿服务相关,100000,B0M6DX8TS3,住宿服务,住宿服务相关,住宿服务相关,
104.97853098476246,26.526214967291327,屿森民宿(六盘水以朵森林店),以朵森林公园森壹烙锅东约200米,贵州省,六盘水市,,住宿服务;宾馆酒店;宾馆酒店,100100,B0LR7SIEGL,住宿服务,宾馆酒店,宾馆酒店,
104.94898988828632,26.54173976684081,六盘水多福客栈,双水朝阳社区朝阳三巷家家欣超市对面,贵州省,六盘水市,,住宿服务;住宿服务相关;住宿服务相关,100000,B0G27DDA41,住宿服务,住宿服务相关,住宿服务相关,
104.91524313791051,26.56865532248685,六盘水润华宾馆,九洞桥,贵州省,六盘水市,,住宿服务;住宿服务相关;住宿服务相关,100000,B0FFI92TZF,住宿服务,住宿服务相关,住宿服务相关,
104.9527834012569,26.5377996816627,凉境雅宿,双水街道沙龙社区文庭雅苑6号楼二楼,贵州省,六盘水市,,住宿服务;住宿服务相关;住宿服务相关,100000,B0M6H7CFLQ,住宿服务,住宿服务相关,住宿服务相关,
104.95916364187026,26.52844970981629,云栖大酒店(恒维国际生态城店),恒维国际生态城东北1门东南350米,贵州省,六盘水市,,住宿服务;宾馆酒店;宾馆酒店,100100,B0LUVADSEU,住宿服务,宾馆酒店,宾馆酒店,
104.95813360873181,26.529141370543694,惟亚大酒店,恒维国际生态城东北1门东南210米,贵州省,六盘水市,,住宿服务;宾馆酒店;宾馆酒店,100100,B0KDJ5G31R,住宿服务,宾馆酒店,宾馆酒店,
104.9043742182166,26.570473693778098,小山庭院,贵仁路138号,贵州省,六盘水市,,住宿服务;住宿服务相关;住宿服务相关,100000,B0K1LH1T9H,住宿服务,住宿服务相关,住宿服务相关,
104.90623856264148,26.569675075837175,六盘水夏凉爽酒店,杨柳街道人民路,贵州省,六盘水市,,住宿服务;宾馆酒店;宾馆酒店,100100,B0H2AU6PTW,住宿服务,宾馆酒店,宾馆酒店,
104.90677187610115,26.566938473431332,六盘水朵朵民宿·DUOD(凉都体育中心店),荷城街道杉树林搬迁街1号7楼,贵州省,六盘水市,,住宿服务;旅馆招待所;旅馆招待所,100200,B0KRC9EAUL,住宿服务,旅馆招待所,旅馆招待所,
104.90698654590432,26.56702241482676,六盘水祥缘和酒店,钢城花园斜对面六盘水第二十二中学旁,贵州省,六盘水市,,住宿服务;住宿服务相关;住宿服务相关,100000,B0FFIU1FMZ,住宿服务,住宿服务相关,住宿服务相关,
104.90410877858582,26.56590502865016,南春酒店(凉都体育中心店),钟山大道紫馨园201铺,贵州省,六盘水市,,住宿服务;宾馆酒店;宾馆酒店,100100,B0KUUZVAWA,住宿服务,宾馆酒店,宾馆酒店,
104.92456488670133,26.542927198819513,尚客优品酒店(六盘水红桥新区店),六盘水市第七中学南门东220米,贵州省,六盘水市,,住宿服务;宾馆酒店;宾馆酒店,100100,B0LRV5KSIG,住宿服务,宾馆酒店,宾馆酒店,
104.92509755753669,26.543768751480687,六盘水永跃民宿,宸远·汇星苑5栋25层,贵州省,六盘水市,,住宿服务;住宿服务相关;住宿服务相关,100000,B0KRRASS07,住宿服务,住宿服务相关,住宿服务相关,
104.92390750510832,26.541947743714278,六盘水溪驰酒店,凉都大道六盘水市第七中学南门东南侧约80米,贵州省,六盘水市,,住宿服务;宾馆酒店;宾馆酒店,100100,B0KRRUR4X8,住宿服务,宾馆酒店,宾馆酒店,
104.90225028895912,26.56522623403336,六盘水迎来有客民宿,凉都大道钢城花园二组团一单元8层801室,贵州省,六盘水市,,住宿服务;住宿服务相关;住宿服务相关,100000,B0JDK74M08,住宿服务,住宿服务相关,住宿服务相关,
104.89721702369273,26.568196796057702,城市便捷酒店(六盘水体育中心店),规划二十二号路西侧蓝妮湾明珠2号楼302层.402层,贵州省,六盘水市,,住宿服务;住宿服务相关;住宿服务相关,100000,B0FFKDVL6J,住宿服务,住宿服务相关,住宿服务相关,
104.8980052731866,26.56617653357283,大红杉酒店(凉都体育中心店),钟山大道17号和园108室,贵州省,六盘水市,,住宿服务;宾馆酒店;宾馆酒店,100100,B0LG5RWHE5,住宿服务,宾馆酒店,宾馆酒店,
104.96928222713518,26.51502547876921,水城区水投善善酒店,双水街道以朵村白马洞组,贵州省,六盘水市,,餐饮服务;中餐厅;中餐厅|住宿服务;宾馆酒店;宾馆酒店,050100|100100,B0FFJM9PSZ,餐饮服务,中餐厅,中餐厅|住宿服务,宾馆酒店
104.89717006653605,26.568338814087085,高原明珠酒店(六盘水水城古镇店),二十二路蓝妮湾小区1号楼,贵州省,六盘水市,,住宿服务;宾馆酒店;宾馆酒店,100100,B0FFIS1CMA,住宿服务,宾馆酒店,宾馆酒店,
104.88894849647845,26.579813309511135,六盘水水钢酒店,杨柳街道巴西中路559号,贵州省,六盘水市,,住宿服务;旅馆招待所;旅馆招待所|住宿服务;宾馆酒店;宾馆酒店,100200|100100,B035A008XX,住宿服务,旅馆招待所,旅馆招待所|住宿服务,宾馆酒店
104.89825003189772,26.565598453376474,六盘水慕隐居酒店,钟山东路17号裕园301室,贵州省,六盘水市,,住宿服务;宾馆酒店;宾馆酒店,100100,B0FFKWGW9H,住宿服务,宾馆酒店,宾馆酒店,
105.00405598754513,26.499365916653733,瀑屿树·Luxury山谷度假民宿,水黄公路滴水岩瀑布水上乐园东北50米,贵州省,六盘水市,,住宿服务;住宿服务相关;住宿服务相关,100000,B0KROUSEYQ,住宿服务,住宿服务相关,住宿服务相关,
104.88684868446391,26.58145852117091,六盘水桃源商务宾馆,巴西中路127号,贵州省,六盘水市,,住宿服务;宾馆酒店;宾馆酒店,100100,B0FFFE8T7T,住宿服务,宾馆酒店,宾馆酒店,
104.88931264200791,26.570625103455885,泊澜花园民宿(六盘水钟山大道水城古镇店),荷城街道新生南路御景星河湾5号楼3楼,贵州省,六盘水市,,住宿服务;住宿服务相关;住宿服务相关,100000,B0LUAHK618,住宿服务,住宿服务相关,住宿服务相关,
104.92209616856447,26.53177861844269,六盘水腾龙大酒店(六盘水南客运站店),红桥大道15号,贵州省,六盘水市,,住宿服务;宾馆酒店;宾馆酒店,100100,B0K14AU9Z7,住宿服务,宾馆酒店,宾馆酒店,
104.87019897234416,26.580580350139098,六盘水・贵州饭店,钟山大道与凤池路交叉口东60米,贵州省,六盘水市,,住宿服务;宾馆酒店;五星级宾馆,100102,B0IR4U4I6B,住宿服务,宾馆酒店,五星级宾馆,
104.93102393820867,26.52701472112598,六盘水市众泰大酒店,红桥东路33号鑫钢源钢材市场2号楼,贵州省,六盘水市,,住宿服务;宾馆酒店;宾馆酒店,100100,B0LDYR1MHG,住宿服务,宾馆酒店,宾馆酒店,
104.88742588260563,26.568929958164276,六盘水东润宾馆,官厅新苑网格53号3号楼,贵州省,六盘水市,,住宿服务;住宿服务相关;住宿服务相关,100000,B0FFI70W2S,住宿服务,住宿服务相关,住宿服务相关,
104.87590736563334,26.57498148382993,全季酒店(六盘水古镇店),荷城街道浙商大厦一层,贵州省,六盘水市,,住宿服务;宾馆酒店;宾馆酒店,100100,B0LUHDHT09,住宿服务,宾馆酒店,宾馆酒店,
104.87796186341596,26.58090420453218,六盘水夏之恋民宿(水城古镇高铁站店),退休医师医院北50米,贵州省,六盘水市,,住宿服务;住宿服务相关;住宿服务相关,100000,B0JDCKV5JF,住宿服务,住宿服务相关,住宿服务相关,
104.89689920711182,26.547761241843236,六盘水福朋喜来登酒店,凉都大道100号,贵州省,六盘水市,,住宿服务;宾馆酒店;五星级宾馆,100102,B0FFIVBHC2,住宿服务,宾馆酒店,五星级宾馆,
104.8884442538586,26.569353518083112,六盘水红苹果商务宾馆,钟山大道新水钢医院对面,贵州省,六盘水市,,住宿服务;宾馆酒店;宾馆酒店,100100,B0FFH7DGJ6,住宿服务,宾馆酒店,宾馆酒店,
104.88826137248756,26.56922441234456,六盘水漫剧旅馆,官厅新苑网格钟山大道中段566号2栋3单位,贵州省,六盘水市,,住宿服务;旅馆招待所;旅馆招待所,100200,B0FFL7MMLB,住宿服务,旅馆招待所,旅馆招待所,
104.88013849790812,26.57865569091473,湘都怡家商旅酒店(水城古镇店),人民东路12号,贵州省,六盘水市,,住宿服务;宾馆酒店;宾馆酒店,100100,B0IDKGF7KH,住宿服务,宾馆酒店,宾馆酒店,
104.88168639499378,26.570389632038452,六盘水泊境酒店(大润发店),钟山大道中段361号4-008号(帝都国际商业中心2号馆4层),贵州省,六盘水市,,住宿服务;住宿服务相关;住宿服务相关,100000,B0MBXX00WT,住宿服务,住宿服务相关,住宿服务相关,
104.8772302464382,26.574372609978838,栖悦里酒店(六盘水水城古镇店),水城古镇南门东南150米,贵州省,六盘水市,,住宿服务;住宿服务相关;住宿服务相关,100000,B0KRXUESKR,住宿服务,住宿服务相关,住宿服务相关,
104.87707132058871,26.573101275624587,诗泊·城市全景酒店(六盘水水城古镇店),钟山大道兴凯花园诗泊酒店,贵州省,六盘水市,,住宿服务;宾馆酒店;宾馆酒店,100100,B0IRV5QI7K,住宿服务,宾馆酒店,宾馆酒店,
104.87253829773853,26.577950543644793,维也纳酒店(六盘水古镇店),钟山大道唐人街2号,贵州省,六盘水市,,住宿服务;宾馆酒店;宾馆酒店,100100,B0FFLMYRKL,住宿服务,宾馆酒店,宾馆酒店,
104.88249681609751,26.577657303429714,六盘水自由家原宾馆,"人民东路87号(安居医院对面,国庆网咖楼上)",贵州省,六盘水市,,住宿服务;住宿服务相关;住宿服务相关,100000,B0FFFDZLF2,住宿服务,住宿服务相关,住宿服务相关,
104.87580337168993,26.575037393838556,博霖·星致酒店(六盘水水城古镇店),荷泉街道钟山中路584号浙商大厦,贵州省,六盘水市,,住宿服务;宾馆酒店;宾馆酒店,100100,B0L2NSHGU2,住宿服务,宾馆酒店,宾馆酒店,
104.88968655709667,26.566643633137275,六盘水惜缘宾馆,钟山大道中段175号,贵州省,六盘水市,,住宿服务;宾馆酒店;宾馆酒店,100100,B0FFL2C081,住宿服务,宾馆酒店,宾馆酒店,
104.88927983061026,26.566632460038004,湘都宾馆,钟山大道188号(博才双语艺术幼儿园附近),贵州省,六盘水市,,住宿服务;宾馆酒店;宾馆酒店,100100,B0FFFEB7SL,住宿服务,宾馆酒店,宾馆酒店,
104.92271774144064,26.531610939265853,黔山居酒店(六盘水水城区红桥大道店),红桥大道27号,贵州省,六盘水市,,住宿服务;宾馆酒店;宾馆酒店,100100,B0LDUNC08Y,住宿服务,宾馆酒店,宾馆酒店,
104.88199530100967,26.57020582748064,泊境酒店(帝都国际商业中心店),帝都国际商业中心二号馆四楼(农业银行旁),贵州省,六盘水市,,住宿服务;宾馆酒店;宾馆酒店,100100,B0FFKPLTN1,住宿服务,宾馆酒店,宾馆酒店,
104.88095974894057,26.567251596960823,宜尚酒店(六盘水水城古镇帝都新城店),凤凰街道民生路与钢城大道交汇处汇金大厦,贵州省,六盘水市,,住宿服务;住宿服务相关;住宿服务相关,100000,B0MBN6RFLA,住宿服务,住宿服务相关,住宿服务相关,
104.89348441846079,26.547866644639527,维也纳国际酒店(六盘水高新区红桥店),高新开发区石桥社区凉都大道103号6栋1512室,贵州省,六盘水市,,住宿服务;宾馆酒店;宾馆酒店,100100,B0ID2UQZQE,住宿服务,宾馆酒店,宾馆酒店,
104.87960476298953,26.575441794925116,六盘水喜福缘酒店,安居路138号荷谐园东区3号楼1楼,贵州省,六盘水市,,住宿服务;宾馆酒店;宾馆酒店,100100,B0HG5U9MLV,住宿服务,宾馆酒店,宾馆酒店,
104.8948589530195,26.55357399440207,云湾民宿(六盘水山语城店),玉阳路1号山语城小区A区27栋7层,贵州省,六盘水市,,住宿服务;住宿服务相关;住宿服务相关,100000,B0M6M7VDEU,住宿服务,住宿服务相关,住宿服务相关,
104.89998695720499,26.54425270141096,顿奇尔酒店(六盘水会展中心店),金贸大厦97号202铺,贵州省,六盘水市,,住宿服务;宾馆酒店;宾馆酒店,100100,B0JA3HTB3J,住宿服务,宾馆酒店,宾馆酒店,
104.87706132534566,26.573018254026806,安缦文兴酒店(六盘水水城古镇店),钟山大道古镇斜对面安缦文兴酒店,贵州省,六盘水市,,住宿服务;宾馆酒店;宾馆酒店,100100,B0J3MA3SBO,住宿服务,宾馆酒店,宾馆酒店,
104.87187400399972,26.584020685876997,艾特摩高电竞酒店(六盘水水城古镇高铁站店),凤池路127号,贵州省,六盘水市,,住宿服务;住宿服务相关;住宿服务相关,100000,B0K3JH9IYZ,住宿服务,住宿服务相关,住宿服务相关,
104.89991404341367,26.544238700652613,轻阅视野酒店,红桥高新区金贸大厦18层19层20层,贵州省,六盘水市,,住宿服务;住宿服务相关;住宿服务相关,100000,B0HRR6QKKY,住宿服务,住宿服务相关,住宿服务相关,
104.8777121240555,26.575621223561587,六盘水栖畔民宿(水城古镇店),荷城街道荷谐园二期二号楼11楼1102室,贵州省,六盘水市,,住宿服务;住宿服务相关;住宿服务相关,100000,B0KD3SFTIL,住宿服务,住宿服务相关,住宿服务相关,
104.87617122234052,26.57785915426113,澜心阁客栈(水城古镇店),民主路8号,贵州省,六盘水市,,住宿服务;旅馆招待所;旅馆招待所,100200,B0KDAUKMR8,住宿服务,旅馆招待所,旅馆招待所,
104.88848837900608,26.565698956876258,尔玉居客栈(水城古镇店),钟山大道与钟水路交叉口东南260米,贵州省,六盘水市,,住宿服务;住宿服务相关;住宿服务相关,100000,B0L69SME0O,住宿服务,住宿服务相关,住宿服务相关,
104.87667720097873,26.577116514389495,梵缘客栈,水城古镇67号楼,贵州省,六盘水市,,住宿服务;旅馆招待所;旅馆招待所,100200,B0FFKOYS4N,住宿服务,旅馆招待所,旅馆招待所,
104.87620223553509,26.577473127174663,苗三月康养客栈(水城古镇店),古镇72栋,贵州省,六盘水市,,住宿服务;旅馆招待所;旅馆招待所,100200,B0KASMPYR8,住宿服务,旅馆招待所,旅馆招待所,
104.88758697590278,26.564458322199016,六盘水市钟山区昀扬酒店(凉都体育中心店),民生路,贵州省,六盘水市,,住宿服务;宾馆酒店;宾馆酒店,100100,B0GURAMWTF,住宿服务,宾馆酒店,宾馆酒店,
104.87708816044557,26.576886854319692,六盘水集居七月客栈(水城古镇店),水城古镇65号楼,贵州省,六盘水市,,住宿服务;旅馆招待所;旅馆招待所,100200,B0FFKUKQCA,住宿服务,旅馆招待所,旅馆招待所,
104.87591707541144,26.581917492451613,权江小屋民宿(水城古镇店),人民中路457号,贵州省,六盘水市,,住宿服务;住宿服务相关;住宿服务相关,100000,B0L1RDBLO1,住宿服务,住宿服务相关,住宿服务相关,
104.87880790414665,26.57621125184166,堇笙阁民宿,安居路21号2楼,贵州省,六盘水市,,住宿服务;旅馆招待所;旅馆招待所,100200,B0LA9CZ8HN,住宿服务,旅馆招待所,旅馆招待所,
104.87516010729306,26.582388833916852,渠源宾馆,人民路中段1604号,贵州省,六盘水市,,住宿服务;旅馆招待所;旅馆招待所,100200,B0FFFWK6U3,住宿服务,旅馆招待所,旅馆招待所,
104.90009782571255,26.544271701676653,希尔曼大酒店(南客运站店),红桥高新区凉都大道金贸大厦15层16层,贵州省,六盘水市,,住宿服务;住宿服务相关;住宿服务相关,100000,B0IRUA1P5C,住宿服务,住宿服务相关,住宿服务相关,
104.8945821434304,26.55510321008275,云栖酒店(六盘水山语城店),山语城二期B区60号楼28楼,贵州省,六盘水市,,住宿服务;宾馆酒店;宾馆酒店,100100,B0KR7DHAZH,住宿服务,宾馆酒店,宾馆酒店,
104.90128348997216,26.541882170370815,六盘水澜铂酒店,钟山开发区红桥中路22号1栋102号,贵州省,六盘水市,,住宿服务;宾馆酒店;宾馆酒店,100100,B0IG9RCJVB,住宿服务,宾馆酒店,宾馆酒店,
104.87674421534662,26.576587498312378,六盘水辰羲山屋客栈(水城古镇店),水城古镇63号楼,贵州省,六盘水市,,住宿服务;旅馆招待所;旅馆招待所|体育休闲服务;体育休闲服务场所;体育休闲服务场所,100200|080000,B0LRRSK243,住宿服务,旅馆招待所,旅馆招待所|体育休闲服务,体育休闲服务场所
104.87650025071963,26.576391245513072,六盘水茗雍阁客栈(水城古镇店),钟山大道水城古镇62号楼,贵州省,六盘水市,,住宿服务;住宿服务相关;住宿服务相关,100000,B0FFJKO6C9,住宿服务,住宿服务相关,住宿服务相关,
104.86893874607735,26.581223982897995,居是酒店(水城古镇店),钟山中路111号金水港湾2楼,贵州省,六盘水市,,住宿服务;住宿服务相关;住宿服务相关,100000,B0KUHH7H18,住宿服务,住宿服务相关,住宿服务相关,
104.8771141981051,26.575902733186137,澜景民宿(官厅路分店),官厅路荷谐园西区-1栋,贵州省,六盘水市,,住宿服务;旅馆招待所;旅馆招待所,100200,B0KAUAE16Y,住宿服务,旅馆招待所,旅馆招待所,
104.86878771927894,26.581201801698782,尚客优精选酒店(六盘水水城古镇店),钟山大街628号,贵州省,六盘水市,,住宿服务;宾馆酒店;经济型连锁酒店,100105,B0FFIUKGPM,住宿服务,宾馆酒店,经济型连锁酒店,
104.89262515794141,26.547424328390704,六盘水布拉格轻奢酒店,凤凰街道下马坎凉都名郡,贵州省,六盘水市,,住宿服务;住宿服务相关;住宿服务相关,100000,B0JRK56GJ1,住宿服务,住宿服务相关,住宿服务相关,
104.8725523841111,26.57589625822694,麗枫酒店(六盘水钟山大道水城古镇店),钟山大道551号,贵州省,六盘水市,,住宿服务;宾馆酒店;宾馆酒店|餐饮服务;餐饮相关场所;餐饮相关,100100|050000,B0FFJ08DJI,住宿服务,宾馆酒店,宾馆酒店|餐饮服务,餐饮相关场所
104.86839253657082,26.583750685506697,悠沐精品酒店(六盘水水城古镇店),凤凰路84号,贵州省,六盘水市,,住宿服务;宾馆酒店;宾馆酒店,100100,B0KRVC3N2N,住宿服务,宾馆酒店,宾馆酒店,
104.9000968220403,26.544387723906876,宏烨设计师酒店(六盘水南客运站店),高新技术产业开发区凉都大道97号,贵州省,六盘水市,,住宿服务;住宿服务相关;住宿服务相关,100000,B0KU4ZPOXS,住宿服务,住宿服务相关,住宿服务相关,
104.87131098578523,26.583323976156755,星电竞酒店(六盘水水城古镇店),凤凰街道凤池路大成家园2号楼,贵州省,六盘水市,,住宿服务;住宿服务相关;住宿服务相关,100000,B0LRCCFMFY,住宿服务,住宿服务相关,住宿服务相关,
104.9006174414411,26.53862657600407,六盘水凉都交通主题酒店,六盘水交通运输集团有限公司西北门旁,贵州省,六盘水市,,住宿服务;宾馆酒店;宾馆酒店,100100,B0FFHJW8JG,住宿服务,宾馆酒店,宾馆酒店,
104.87276726763629,26.578913924238652,栖池民宿(水城古镇店),钟山大道唐人街2号楼2楼,贵州省,六盘水市,,住宿服务;住宿服务相关;住宿服务相关,100000,B0L23R57MZ,住宿服务,住宿服务相关,住宿服务相关,
104.90829576967666,26.536872482116905,凉都四合院酒店(六盘水南客运站店),红桥大道与红山路交叉口西南100米,贵州省,六盘水市,,住宿服务;住宿服务相关;住宿服务相关,100000,B0KUH78CDS,住宿服务,住宿服务相关,住宿服务相关,
104.87717412234167,26.577528025161627,六盘水瑶舍酒店,官厅路水城古镇66号楼,贵州省,六盘水市,,住宿服务;旅馆招待所;旅馆招待所,100200,B0KDC1GLQR,住宿服务,旅馆招待所,旅馆招待所,
104.87720030745555,26.573007377447983,夜奔电竞民宿,钟山大道兴凯中心7层,贵州省,六盘水市,,住宿服务;宾馆酒店;宾馆酒店,100100,B0I155X1VQ,住宿服务,宾馆酒店,宾馆酒店,
104.86891554797518,26.585871592739057,盛世华源酒店(六盘水水城古镇店),"人民路1151号(距麒麟小学旁100米,荷城花园农贸市场二楼)",贵州省,六盘水市,,住宿服务;宾馆酒店;宾馆酒店,100100,B0FFIUOUS5,住宿服务,宾馆酒店,宾馆酒店,
104.86891554797518,26.585871592739057,盛世华源酒店(六盘水水城古镇店),"人民路1151号(距麒麟小学旁100米,荷城花园农贸市场二楼)",贵州省,六盘水市,,住宿服务;宾馆酒店;宾馆酒店,100100,B0FFIUOUS5,住宿服务,宾馆酒店,宾馆酒店,
104.86968777100255,26.58363318945476,六盘水盈峰商务酒店(水城古镇店),荷城街道黄山路荷城派出所对面54号,贵州省,六盘水市,,住宿服务;宾馆酒店;宾馆酒店,100100,B0H0TARV6Q,住宿服务,宾馆酒店,宾馆酒店,
104.90021065639377,26.545123860287024,泊曼尼酒店(六盘水南客运站店),高新开发区石桥社区金贸大厦1楼,贵州省,六盘水市,,住宿服务;宾馆酒店;宾馆酒店,100100,B0LG3Z7XI1,住宿服务,宾馆酒店,宾馆酒店,
104.88006697677577,26.567618963205323,ESS初电竞酒店(六盘水钟山区店),永丰国际大厦北门南50米,贵州省,六盘水市,,住宿服务;宾馆酒店;宾馆酒店,100100,B0IUV7SQH7,住宿服务,宾馆酒店,宾馆酒店,
104.87540745036071,26.57382283431492,艾美喜格国际大酒店,钟山大道487号,贵州省,六盘水市,,住宿服务;宾馆酒店;宾馆酒店,100100,B0FFIAOPTY,住宿服务,宾馆酒店,宾馆酒店,
104.87636742825882,26.572466535388823,亮翼民宿(六盘水水城古镇店),凤凰街道城南巷74号1层,贵州省,六盘水市,,住宿服务;旅馆招待所;旅馆招待所,100200,B0LULZYNAV,住宿服务,旅馆招待所,旅馆招待所,
104.87395531968394,26.578149039957182,六盘水唯坐小舍民宿(水城古镇店),荷城街道水城古镇26号楼二楼,贵州省,六盘水市,,住宿服务;旅馆招待所;旅馆招待所,100200,B0KU56IPJJ,住宿服务,旅馆招待所,旅馆招待所,
104.87330628129791,26.578966493888394,安乐窝客栈(水城古镇店),荷城街道三线大食堂9号楼,贵州省,六盘水市,,住宿服务;旅馆招待所;旅馆招待所,100200,B0JRZASADN,住宿服务,旅馆招待所,旅馆招待所,
104.86668922371148,26.58185934592247,六盘水维恪桑尼酒店,东路与凤凰交汇处圣丰华庭2层201号房,贵州省,六盘水市,,住宿服务;宾馆酒店;宾馆酒店,100100,B0G2OHEQL2,住宿服务,宾馆酒店,宾馆酒店,
104.8664389120371,26.58774783016845,精途酒店(六盘水高铁站店),全诚幼儿园西南门旁,贵州省,六盘水市,,住宿服务;住宿服务相关;住宿服务相关,100000,B0H1D6KFVZ,住宿服务,住宿服务相关,住宿服务相关,
104.87540745036071,26.57382283431492,古镇芸熙民宿(钟山大道分店),荷城街道钟山大道六盘水艾美喜格国际大酒店如意雅居公寓1号楼1411室,贵州省,六盘水市,,住宿服务;住宿服务相关;住宿服务相关,100000,B0J2CK3FQZ,住宿服务,住宿服务相关,住宿服务相关,
104.87321727327458,26.57911442294079,风吟轩民宿,荷城街道唐人街5号楼1号,贵州省,六盘水市,,住宿服务;住宿服务相关;住宿服务相关,100000,B0L1HCY5WI,住宿服务,住宿服务相关,住宿服务相关,
104.84429454499946,26.693241330882778,六盘水大河堡凉都花海温泉大酒店,大河镇大河堡凉都花海景区,贵州省,六盘水市,,住宿服务;住宿服务相关;住宿服务相关,100000,B0FFH4N71L,住宿服务,住宿服务相关,住宿服务相关,
104.87271345469357,26.574377202563987,湘黔大酒店(六盘水水城古镇店),南环路南明鑫苑50号,贵州省,六盘水市,,住宿服务;宾馆酒店;宾馆酒店,100100,B035A0NL8K,住宿服务,宾馆酒店,宾馆酒店,
104.86714030313465,26.582677018501077,六盘水帛垚花园酒店(水城古镇店),建业酒楼往前30米建业国际五楼,贵州省,六盘水市,,住宿服务;住宿服务相关;住宿服务相关,100000,B0JROMSU80,住宿服务,住宿服务相关,住宿服务相关,
104.88471794519114,26.552964756360485,六盘水云嘉酒店,凉都大道117号金果文化城,贵州省,六盘水市,,住宿服务;宾馆酒店;宾馆酒店,100100,B0LD5OXFD4,住宿服务,宾馆酒店,宾馆酒店,
104.87281744898064,26.574613347283364,六盘水青又云宿(水城古镇店),凉都大道中段220号南明新苑D栋五层,贵州省,六盘水市,,住宿服务;住宿服务相关;住宿服务相关,100000,B0LKMO7KU6,住宿服务,住宿服务相关,住宿服务相关,
104.87044690310438,26.583017970983143,六盘水炫丽精品酒店,荷城派出所旁,贵州省,六盘水市,,住宿服务;宾馆酒店;宾馆酒店,100100,B0FFGICQQZ,住宿服务,宾馆酒店,宾馆酒店,
104.87375848441646,26.57421026029189,Shimmer·景莱轻奢酒店(六盘水水城古镇店),城南路53号,贵州省,六盘水市,,住宿服务;宾馆酒店;宾馆酒店,100100,B0FFK2K5ZZ,住宿服务,宾馆酒店,宾馆酒店,
104.87444531087391,26.5781785357383,六盘水楠溪别院,荷城(西北角),贵州省,六盘水市,,住宿服务;旅馆招待所;旅馆招待所,100200,B0L057U8M0,住宿服务,旅馆招待所,旅馆招待所,
104.86824163963857,26.58054605950235,浙江大酒店(六盘水水城古镇店),柒匀家宴,贵州省,六盘水市,,餐饮服务;中餐厅;综合酒楼|住宿服务;宾馆酒店;三星级宾馆,050101|100104,B035A0NJ5I,餐饮服务,中餐厅,综合酒楼|住宿服务,宾馆酒店
104.90077109481267,26.542460320581835,六盘水温馨之家酒店,贵州省六盘水市高新开发区盛世星天汇4号楼107-116室,贵州省,六盘水市,,住宿服务;宾馆酒店;宾馆酒店,100100,B0LUZX1I2R,住宿服务,宾馆酒店,宾馆酒店,
104.87239234514003,26.576635196991205,拓扑电竞酒店(水城古镇店),钟山中路90号1栋2层,贵州省,六盘水市,,住宿服务;宾馆酒店;宾馆酒店,100100,B0MBYH524M,住宿服务,宾馆酒店,宾馆酒店,
104.87292542442474,26.575294561934125,六盘水佰思特酒店(水城古镇店),宏辉大厦西南门旁,贵州省,六盘水市,,住宿服务;宾馆酒店;宾馆酒店,100100,B035A0NJ66,住宿服务,宾馆酒店,宾馆酒店,
104.87461747133764,26.574215123046045,巷往民宿(六盘水水城古镇店),荷城街道城南路城南巷38栋101室,贵州省,六盘水市,,住宿服务;旅馆招待所;旅馆招待所,100200,B0KUTCB104,住宿服务,旅馆招待所,旅馆招待所,
104.87461747133764,26.574215123046045,巷往民宿(六盘水水城古镇店),荷城街道城南路城南巷38栋101室,贵州省,六盘水市,,住宿服务;旅馆招待所;旅馆招待所,100200,B0KUTCB104,住宿服务,旅馆招待所,旅馆招待所,
104.90175386673289,26.54270028421199,芮蕊民宿(南客运站店),红桥中路22号盛世星天汇4号楼1楼105,贵州省,六盘水市,,住宿服务;住宿服务相关;住宿服务相关,100000,B0L6HN4CLE,住宿服务,住宿服务相关,住宿服务相关,
104.87237743719807,26.57440885131958,锦豪酒店(六盘水水城古镇店),凉都大道南明新苑A栋,贵州省,六盘水市,,住宿服务;宾馆酒店;宾馆酒店,100100,B0L1S5PZHT,住宿服务,宾馆酒店,宾馆酒店,
104.87678041387018,26.57172780235636,六盘水湘都招待所,南环路市一中对面,贵州省,六盘水市,,住宿服务;旅馆招待所;旅馆招待所,100200,B0FFFE4MTR,住宿服务,旅馆招待所,旅馆招待所,
104.90069727755402,26.540234890078498,银泰商务酒店(六盘水会展中心南客运站店),红桥大道南客运站旁,贵州省,六盘水市,,住宿服务;宾馆酒店;宾馆酒店,100100,B0FFHQQN19,住宿服务,宾馆酒店,宾馆酒店,
104.87241034835702,26.576581208234327,六盘水时光逸居酒店,阳光海岸西南门东90米,贵州省,六盘水市,,住宿服务;宾馆酒店;宾馆酒店,100100,B0FFJG39A9,住宿服务,宾馆酒店,宾馆酒店,
104.8759254848384,26.572088064385763,嘉榭大酒店(六盘水钟山区水城古镇店),荷城街道华飞南凤天城B栋三层商铺,贵州省,六盘水市,,住宿服务;宾馆酒店;宾馆酒店,100100,B0JU7DO4KE,住宿服务,宾馆酒店,宾馆酒店,
104.86406612893924,26.58902093840584,婷苑民宿,人民路全诚幼儿园西北侧280米,贵州省,六盘水市,,住宿服务;旅馆招待所;旅馆招待所,100200,B0LGS535AD,住宿服务,旅馆招待所,旅馆招待所,
104.90062543112377,26.538642578745616,伴夏时光酒店(六盘水南客运站店),红园路六盘水南客运站西南侧,贵州省,六盘水市,,住宿服务;宾馆酒店;宾馆酒店,100100,B0KRKXFP1G,住宿服务,宾馆酒店,宾馆酒店,
104.86764745183233,26.58197154173514,金港湾酒店(钟山大道),钟山大道中段656号,贵州省,六盘水市,,住宿服务;宾馆酒店;宾馆酒店,100100,B0FFF5QJ4I,住宿服务,宾馆酒店,宾馆酒店,
104.87342644623943,26.57506104736309,欣悦酒店(六盘水水城古镇店),钟山大道96号宏辉大厦4楼,贵州省,六盘水市,,住宿服务;宾馆酒店;宾馆酒店,100100,B0J1CM4HQK,住宿服务,宾馆酒店,宾馆酒店,
104.90094395576622,26.54074797500967,六盘水星星商务酒店,南客运站旁红桥中路13号11栋,贵州省,六盘水市,,住宿服务;宾馆酒店;宾馆酒店,100100,B0FFJIF3CV,住宿服务,宾馆酒店,宾馆酒店,
104.87415648433941,26.57415465451991,六盘水栖宿缘民宿,城南路城南巷47号,贵州省,六盘水市,,住宿服务;旅馆招待所;旅馆招待所,100200,B0J12S1TKB,住宿服务,旅馆招待所,旅馆招待所,
104.90086905292571,26.540612953626297,六盘水雅轩客栈(南客运站店),钟山经济开发区红桥新区红桥中路十三号路石桥集中迁建点(安置)建设指挥部B区53号,贵州省,六盘水市,,住宿服务;旅馆招待所;旅馆招待所,100200,B0LAHZHU07,住宿服务,旅馆招待所,旅馆招待所,
104.86680022734203,26.582457567219794,格林纳丁酒店(六盘水水城古镇店),钟山大道中段672号建业大厦17楼,贵州省,六盘水市,,住宿服务;宾馆酒店;宾馆酒店,100100,B0K1BUPE1T,住宿服务,宾馆酒店,宾馆酒店,
104.86576094465816,26.58242525489058,六盘水豪庭商务酒店(水城古镇店),河滨小区东北门旁,贵州省,六盘水市,,住宿服务;宾馆酒店;宾馆酒店,100100,B0FFF61VZC,住宿服务,宾馆酒店,宾馆酒店,
104.89287392259686,26.548147534151077,贵州六盘水高新区悦来酒店,凉都大道110号凉都名郡5号楼3层,贵州省,六盘水市,,住宿服务;宾馆酒店;宾馆酒店,100100,B0LRA70DPN,住宿服务,宾馆酒店,宾馆酒店,
104.8654759986998,26.579110423588403,如家派柏·云酒店(六盘水水城古镇店),栖凤二巷11号附4号(新市政府斜对面),贵州省,六盘水市,,住宿服务;宾馆酒店;宾馆酒店,100100,B0HDPZJFC9,住宿服务,宾馆酒店,宾馆酒店,
104.8716223635617,26.574930115458,奇腾商务宾馆,"凉都大道118号(市一中斜对面,近水城古镇)",贵州省,六盘水市,,住宿服务;宾馆酒店;宾馆酒店,100100,B0FFF9MVEL,住宿服务,宾馆酒店,宾馆酒店,
104.89305980782301,26.54718040483042,六盘水漫米酒店(六盘水南客运站店),高新开发区凉都名郡8号楼109室,贵州省,六盘水市,,住宿服务;宾馆酒店;宾馆酒店,100100,B0JAOCW337,住宿服务,宾馆酒店,宾馆酒店,
104.9008530804025,26.540421917126757,六盘水香阳商务酒店,南客站对面红园路南方向十三号14栋四单元,贵州省,六盘水市,,住宿服务;宾馆酒店;宾馆酒店,100100,B0LDDUB0LA,住宿服务,宾馆酒店,宾馆酒店,
104.86429422272793,26.588648191067772,六盘水柿柿顺民宿,人民中路261号,贵州省,六盘水市,,住宿服务;旅馆招待所;旅馆招待所,100200,B0LR79IRLV,住宿服务,旅馆招待所,旅馆招待所,
104.86793852657947,26.581723860132012,六盘水山水思忆酒店,钟山中路107号202号,贵州省,六盘水市,,住宿服务;宾馆酒店;宾馆酒店,100100,B0FFIUON5B,住宿服务,宾馆酒店,宾馆酒店,
104.89358133760226,26.547802657098504,维也纳国际酒店六盘水高新区红桥店大堂,高新开发区石桥社区凉都大道103号6栋1512室维也纳国际酒店,贵州省,六盘水市,,住宿服务;宾馆酒店;宾馆酒店,100100,B0JDLMN498,住宿服务,宾馆酒店,宾馆酒店,
104.87174242717715,26.573637052352506,三毛客栈,凉都大道安置街8号,贵州省,六盘水市,,住宿服务;旅馆招待所;旅馆招待所,100200,B0FFFSAVZY,住宿服务,旅馆招待所,旅馆招待所,
105.12593264750564,26.233774586453823,刚健宾馆,小城镇内,贵州省,六盘水市,,住宿服务;宾馆酒店;宾馆酒店,100100,B0G2K7U2CS,住宿服务,宾馆酒店,宾馆酒店,
105.12697486996308,26.23380285832852,舒雅宾馆,猴场乡水黄公路入口与水黄公路出口交叉口西北80米,贵州省,六盘水市,,住宿服务;宾馆酒店;宾馆酒店,100100,B0G1RU2GPH,住宿服务,宾馆酒店,宾馆酒店,
104.94150820634496,26.13940099058722,集盛源宾馆,花夏乡吴王村鸡场街上,贵州省,六盘水市,,住宿服务;宾馆酒店;宾馆酒店,100100,B0IKYSBOC2,住宿服务,宾馆酒店,宾馆酒店,
104.9403728058338,26.1395531559785,水城县行程宾馆,花戛乡吴王村黄泥组,贵州省,六盘水市,,住宿服务;宾馆酒店;宾馆酒店,100100,B0G3T7PU2T,住宿服务,宾馆酒店,宾馆酒店,
104.94040970568366,26.139169840994406,鑫屹招待所,花戛乡吴王村鸡场街上,贵州省,六盘水市,,住宿服务;旅馆招待所;旅馆招待所,100200,B0G3FZH9SZ,住宿服务,旅馆招待所,旅馆招待所,
104.93952342865022,26.140444246371928,鸿辉旅馆,天天鲜果蔬超市西北侧250米,贵州省,六盘水市,,住宿服务;旅馆招待所;旅馆招待所,100200,B0K175CSFC,住宿服务,旅馆招待所,旅馆招待所,
104.94088121925034,26.139052912336304,灵星旅馆,鸡场生活超市东南侧90米,贵州省,六盘水市,,住宿服务;旅馆招待所;旅馆招待所,100200,B0M6G9PEZ4,住宿服务,旅馆招待所,旅馆招待所,
104.98820617038122,26.270267435228174,兴隆旅社,果罗路与242县道交叉口西80米,贵州省,六盘水市,,住宿服务;旅馆招待所;旅馆招待所,100200,B0GR0KUJAB,住宿服务,旅馆招待所,旅馆招待所,
104.9881175711865,26.27022667923669,珈源旅社,果罗路与242县道交叉口西80米,贵州省,六盘水市,,住宿服务;旅馆招待所;旅馆招待所,100200,B0GR0KWN2Z,住宿服务,旅馆招待所,旅馆招待所,
104.98706830279649,26.26996968661496,乡村旅社,果布戛街与果罗路交叉口西北40米,贵州省,六盘水市,,住宿服务;旅馆招待所;旅馆招待所,100200,B0GRVXUI3C,住宿服务,旅馆招待所,旅馆招待所,
105.18636896051214,26.159178411672933,驿旅阳光客栈,贵州省六盘水市六枝特区牂牁镇西嘎街上村委往北20米,贵州省,六盘水市,,住宿服务;旅馆招待所;旅馆招待所,100200,B0K2V19LY6,住宿服务,旅馆招待所,旅馆招待所,
105.18633395965381,26.158536941807263,水语山舍·客栈,扁朝村村委会旁,贵州省,六盘水市,,住宿服务;旅馆招待所;旅馆招待所,100200,B0K37CR52D,住宿服务,旅馆招待所,旅馆招待所,
104.98820113459198,26.271594167183704,招待所,果布戛街与果罗路交叉口东北240米,贵州省,六盘水市,,住宿服务;旅馆招待所;旅馆招待所,100200,B0G2AU5IQL,住宿服务,旅馆招待所,旅馆招待所,
104.98250574060476,26.2689296881605,君慧酒店,果布嘎乡兴隆村猓狃组,贵州省,六盘水市,,住宿服务;宾馆酒店;宾馆酒店,100100,B0K017CGUC,住宿服务,宾馆酒店,宾馆酒店,
104.98243408719766,26.268282548203164,滠龙酒店,果布戛卫生院东北侧80米,贵州省,六盘水市,,住宿服务;宾馆酒店;宾馆酒店,100100,B0GKLSHCR9,住宿服务,宾馆酒店,宾馆酒店,
105.18661121790333,26.158215226451524,无忧·观江客栈(老王山店),牂牁镇扁朝村西嘎街上,贵州省,六盘水市,,住宿服务;旅馆招待所;旅馆招待所,100200,B0LK35ZI0F,住宿服务,旅馆招待所,旅馆招待所,
104.98547637653077,26.271514277859016,杨家旅馆,水城县果布戛乡兴隆村场坝组,贵州省,六盘水市,,住宿服务;旅馆招待所;旅馆招待所,100200,B0JBMAYTV4,住宿服务,旅馆招待所,旅馆招待所,
105.18651808682421,26.159276737471885,恒源旅馆,扁朝村村委会北侧50米,贵州省,六盘水市,,住宿服务;旅馆招待所;旅馆招待所,100200,B0FFL0ZU4A,住宿服务,旅馆招待所,旅馆招待所,
105.1871896513571,26.159727205705128,枕溪阁客栈,长兴隧道,贵州省,六盘水市,,住宿服务;旅馆招待所;旅馆招待所,100200,B0L2KSFT22,住宿服务,旅馆招待所,旅馆招待所,
105.18826491729496,26.152383400026395,老王山富华宾馆,牂牁镇扁朝村啊哈组,贵州省,六盘水市,,住宿服务;宾馆酒店;宾馆酒店,100100,B0K2JA5M2Z,住宿服务,宾馆酒店,宾馆酒店,
105.18427057312712,26.127290078827112,老王山英姐客栈,鲁戛村退役军人服务站向西100米,贵州省,六盘水市,,住宿服务;旅馆招待所;旅馆招待所,100200,B0K2V4BKQS,住宿服务,旅馆招待所,旅馆招待所,
105.18570782019071,26.12819923873874,老王山小满意民宿,下干沟2号大桥,贵州省,六盘水市,,住宿服务;旅馆招待所;旅馆招待所,100200,B0K2YOOY6N,住宿服务,旅馆招待所,旅馆招待所,
105.18463904611073,26.124286767872164,六枝特区牂牁郎山客栈,牂牁镇鲁戛村11组,贵州省,六盘水市,,住宿服务;旅馆招待所;旅馆招待所,100200,B0K3TAS5MI,住宿服务,旅馆招待所,旅馆招待所,
105.1913574364338,26.131636288385888,山水间客栈,牂牁镇牂牁镇鲁戛村十五组羊场坝西580米,贵州省,六盘水市,,住宿服务;旅馆招待所;旅馆招待所,100200,B0K2VUVVW2,住宿服务,旅馆招待所,旅馆招待所,
105.19042285682545,26.1278812448681,老王山忆山居客栈,下干沟2号大桥,贵州省,六盘水市,,住宿服务;住宿服务相关;住宿服务相关,100000,B0L1OSO58R,住宿服务,住宿服务相关,住宿服务相关,
105.19112152185342,26.12574102997269,老王山山食宿,牂牁鲁戛村上干沟,贵州省,六盘水市,,住宿服务;旅馆招待所;旅馆招待所,100200,B0K3PZ5USD,住宿服务,旅馆招待所,旅馆招待所,
105.19587424506443,26.14466119916075,山脚下客栈,[],贵州省,六盘水市,,住宿服务;旅馆招待所;旅馆招待所,100200,B0MBBCWN12,住宿服务,旅馆招待所,旅馆招待所,
104.93341132430083,26.266187840736457,姜云发酒店,野钟乡常明新街,贵州省,六盘水市,,住宿服务;旅馆招待所;旅馆招待所,100200,B0H63U94VB,住宿服务,旅馆招待所,旅馆招待所,
104.93367252408734,26.26755718972846,野钟乡廉租房,230县道与常明新街交叉口北140米,贵州省,六盘水市,,住宿服务;旅馆招待所;旅馆招待所,100200,B0FFM6BZ6R,住宿服务,旅馆招待所,旅馆招待所,
104.9230589567842,26.07813924224639,花戛港湾商务宾馆,花戛乡信用社对面,贵州省,六盘水市,,住宿服务;宾馆酒店;宾馆酒店,100100,B0FFMA4T1L,住宿服务,宾馆酒店,宾馆酒店,
104.92287627628174,26.080670150983615,天门客栈,花戛乡天门村新街上都匀路,贵州省,六盘水市,,住宿服务;旅馆招待所;旅馆招待所,100200,B0FFLG1Z51,住宿服务,旅馆招待所,旅馆招待所,
105.20976234293914,26.110663072178873,富金多彩驿站,老王山农家乐西南侧,贵州省,六盘水市,,住宿服务;住宿服务相关;住宿服务相关,100000,B0K3PL5X1L,住宿服务,住宿服务相关,住宿服务相关,
104.92313277018575,26.078488400369398,花嘎乡小米旅社,花嘎乡花嘎街,贵州省,六盘水市,,住宿服务;旅馆招待所;旅馆招待所,100200,B0FFH9V7M6,住宿服务,旅馆招待所,旅馆招待所,
104.93461545759762,26.276079331900306,水城区湘粤赣客栈,野钟乡街上组,贵州省,六盘水市,,住宿服务;旅馆招待所;旅馆招待所,100200,B0KRSDJQAV,住宿服务,旅馆招待所,旅馆招待所,
104.92311680738057,26.07848941808587,民宿客栈,230县道与花夏街交叉口北160米,贵州省,六盘水市,,住宿服务;旅馆招待所;旅馆招待所,100200,B0K175Q064,住宿服务,旅馆招待所,旅馆招待所,
104.92254015406526,26.07824886244189,新自夏客栈,230县道与花夏街交叉口北120米,贵州省,六盘水市,,住宿服务;旅馆招待所;旅馆招待所,100200,B0J1Y7QDLV,住宿服务,旅馆招待所,旅馆招待所,
104.92144561374585,26.079016495112246,弘发宾馆,花嘎小学北侧280米,贵州省,六盘水市,,住宿服务;宾馆酒店;宾馆酒店,100100,B0GR06WMQM,住宿服务,宾馆酒店,宾馆酒店,
105.2102837126427,26.106557001724127,如你所院,[],贵州省,六盘水市,,住宿服务;旅馆招待所;旅馆招待所,100200,B0L3MCLXJT,住宿服务,旅馆招待所,旅馆招待所,
105.21023369816133,26.10650690536083,老王山向山客栈,如你所院西南侧,贵州省,六盘水市,,住宿服务;旅馆招待所;旅馆招待所,100200,B0M6XMNYNC,住宿服务,旅馆招待所,旅馆招待所,
105.22834967872636,26.098544335998227,山下民宿,003县道,贵州省,六盘水市,,住宿服务;旅馆招待所;旅馆招待所,100200,B0LGTAWGTH,住宿服务,旅馆招待所,旅馆招待所,
105.19553216220312,26.29114474385233,四方缘客栈(红岩老街店),红岩老街马红路(四方缘杂货店旁),贵州省,六盘水市,,住宿服务;旅馆招待所;旅馆招待所,100200,B0JAVD282S,住宿服务,旅馆招待所,旅馆招待所,
105.10879598234187,26.339104315127393,酒店民宿,蟠龙镇加油站右边30米处,贵州省,六盘水市,,住宿服务;旅馆招待所;旅馆招待所,100200,B0LRSH4NVH,住宿服务,旅馆招待所,旅馆招待所,
105.1109380007761,26.33966389887305,四季温馨民宿,蟠龙镇政府广场二楼,贵州省,六盘水市,,住宿服务;住宿服务相关;住宿服务相关,100000,B0J3ZZWT5F,住宿服务,住宿服务相关,住宿服务相关,
105.19531700471778,26.291196422790264,六盘水市大屋小栈,红岩乡卫生院南侧70米,贵州省,六盘水市,,住宿服务;旅馆招待所;旅馆招待所,100200,B0LGLRNUKJ,住宿服务,旅馆招待所,旅馆招待所,
105.22868302413374,26.067432530253715,六盘水夜郎福地酒店,牂牁镇福地夜郎文化展示中心,贵州省,六盘水市,,住宿服务;宾馆酒店;宾馆酒店,100100,B0GU2DF8D6,住宿服务,宾馆酒店,宾馆酒店,
105.23177822122335,26.06033557412715,云端精品民宿,[],贵州省,六盘水市,,住宿服务;旅馆招待所;旅馆招待所,100200,B0LA2S4W2G,住宿服务,旅馆招待所,旅馆招待所,
105.23469679449197,26.06064725024493,画风民宿,牂牁镇牂牁村莲花岩组老客车站向西80米处,贵州省,六盘水市,,住宿服务;旅馆招待所;旅馆招待所,100200,B0L2TK2SWO,住宿服务,旅馆招待所,旅馆招待所,
104.864506273757,26.08114343892613,盘州水爬坡河缘民宿,普古乡舍烹村附近,贵州省,六盘水市,,住宿服务;住宿服务相关;住宿服务相关,100000,B0FFITC6YP,住宿服务,住宿服务相关,住宿服务相关,
105.23525947260603,26.060876653155876,六枝牂牁镇景怡酒店,唐坊牛肉馆往西南200米,贵州省,六盘水市,,住宿服务;宾馆酒店;宾馆酒店,100100,B0KRV76DBJ,住宿服务,宾馆酒店,宾馆酒店,
105.23543726394529,26.063194312045074,牂牁镇豪溪酒店,牂牁镇牂牁村肖家湾毛口中学东180米,贵州省,六盘水市,,住宿服务;宾馆酒店;宾馆酒店,100100,B0L1M5HLIZ,住宿服务,宾馆酒店,宾馆酒店,
105.23155537220167,26.05910861045526,滨江酒店,牂牁村莲花岩组成都冒菜馆西北方向20米,贵州省,六盘水市,,住宿服务;宾馆酒店;宾馆酒店,100100,B0L6LM4HAR,住宿服务,宾馆酒店,宾馆酒店,
105.23564523362825,26.061270084028955,六盘水市圆梦酒店,003县道附近,贵州省,六盘水市,,住宿服务;住宿服务相关;住宿服务相关,100000,B0FFKB7FE9,住宿服务,住宿服务相关,住宿服务相关,
105.23289974360364,26.059793802685004,湖滨酒店,牂牁镇,贵州省,六盘水市,,住宿服务;住宿服务相关;住宿服务相关,100000,B0MBB7WVCH,住宿服务,住宿服务相关,住宿服务相关,
105.23305752708245,26.06284697006881,夜郎酒店,003县道,贵州省,六盘水市,,住宿服务;住宿服务相关;住宿服务相关,100000,B0FFITJQLZ,住宿服务,住宿服务相关,住宿服务相关,
105.26900503480985,26.150983571852958,顺意宾馆,中寨乡政府上260米,贵州省,六盘水市,,住宿服务;宾馆酒店;宾馆酒店,100100,B0L0GS2Q65,住宿服务,宾馆酒店,宾馆酒店,
105.23362632054244,26.061318208524476,牂牁镇平和旅馆,西陵村村委会东北侧270米,贵州省,六盘水市,,住宿服务;旅馆招待所;旅馆招待所,100200,B0JD5RZBE3,住宿服务,旅馆招待所,旅馆招待所,
105.2339322179274,26.060199591069885,海利招待所,毛口社区居民委员会东侧210米,贵州省,六盘水市,,住宿服务;旅馆招待所;旅馆招待所,100200,B0JDDRUU82,住宿服务,旅馆招待所,旅馆招待所,
104.85611068125118,26.07452299065184,枕宿·山隐温泉野奢度假民宿,普古乡娘娘山景区卧落村一组温泉度假小镇,贵州省,六盘水市,,住宿服务;旅馆招待所;旅馆招待所,100200,B0K65RGUUH,住宿服务,旅馆招待所,旅馆招待所,
105.23563324857224,26.061097961431738,浊酒恋红尘民宿,牂牁镇景怡酒店,贵州省,六盘水市,,住宿服务;住宿服务相关;住宿服务相关,100000,B0KRVNCCCU,住宿服务,住宿服务相关,住宿服务相关,
104.85707317645456,26.075753287871333,小白龙酒店,盘州普古乡舍烹村八组,贵州省,六盘水市,,住宿服务;宾馆酒店;宾馆酒店,100100,B0FFIUICRA,住宿服务,宾馆酒店,宾馆酒店,
104.83304424207537,26.16453531646696,顺场吉连宾馆,165乡道东北侧,贵州省,六盘水市,,住宿服务;宾馆酒店;宾馆酒店,100100,B0HRAGLP6Y,住宿服务,宾馆酒店,宾馆酒店,
104.85670103896831,26.074031555565465,盘州河头上民宿,卧落村村民委员会西北方向80米,贵州省,六盘水市,,住宿服务;旅馆招待所;旅馆招待所,100200,B0JR9SCN39,住宿服务,旅馆招待所,旅馆招待所,
104.85383414088173,26.078281001204815,盘县逸然轩商务酒店,普古乡马场村,贵州省,六盘水市,,住宿服务;宾馆酒店;宾馆酒店,100100,B0FFHD0VJA,住宿服务,宾馆酒店,宾馆酒店,
104.85394520321958,26.078484314507474,盘州帅然宾馆,娘娘山旅游接待中心,贵州省,六盘水市,,住宿服务;住宿服务相关;住宿服务相关,100000,B0FFKNH61W,住宿服务,住宿服务相关,住宿服务相关,
105.27055460631088,26.223168636045862,醉欢咯之乡村客栈,猴子田煤矿,贵州省,六盘水市,,住宿服务;旅馆招待所;旅馆招待所,100200,B0L035CY2P,住宿服务,旅馆招待所,旅馆招待所,
104.83214829067121,26.166432839419876,聚缘宾馆,水城区顺场乡,贵州省,六盘水市,,住宿服务;宾馆酒店;宾馆酒店,100100,B0GKGH865V,住宿服务,宾馆酒店,宾馆酒店,
104.85352600537132,26.076764484130774,陶源酒店,留营街道银桥路35号品众快餐旁边,贵州省,六盘水市,,住宿服务;宾馆酒店;宾馆酒店,100100,B0FFHDQHQL,住宿服务,宾馆酒店,宾馆酒店,
104.85235621325869,26.077274959461654,苗人客栈,普古乡舍烹村七组,贵州省,六盘水市,,住宿服务;住宿服务相关;住宿服务相关,100000,B0FFJDA4OY,住宿服务,住宿服务相关,住宿服务相关,
104.83255675899251,26.164745537948424,琴峰酒店,顺场派出所西侧110米,贵州省,六盘水市,,住宿服务;宾馆酒店;宾馆酒店,100100,B0J1YCKY73,住宿服务,宾馆酒店,宾馆酒店,
105.26587963162577,26.09196316315679,坐看云起民宿,半坡村民委员会北侧220米,贵州省,六盘水市,,住宿服务;旅馆招待所;旅馆招待所,100200,B0KRYU0YZJ,住宿服务,旅馆招待所,旅馆招待所,
104.85233012466433,26.07900809302105,浪漫酒店(漫漫民宿),舍烹村心连心超市对面,贵州省,六盘水市,,住宿服务;宾馆酒店;宾馆酒店,100100,B0HGNOQDWY,住宿服务,宾馆酒店,宾馆酒店,
104.84879560081825,26.079061307677343,娘娘山逸境伴山酒店,娘娘山旅游景区内娘娘山荣丰园牛肉馆东南方向40米处,贵州省,六盘水市,,住宿服务;宾馆酒店;宾馆酒店,100100,B0M6NCEY1X,住宿服务,宾馆酒店,宾馆酒店,
104.93558108752005,25.979556510696334,枕宿·枕山河峡谷野奢度假民宿,保基乡陆家寨村大寨组,贵州省,六盘水市,,住宿服务;旅馆招待所;旅馆招待所,100200,B0I3LU0HTP,住宿服务,旅馆招待所,旅馆招待所,
104.84631278591921,26.076329228842855,山风民宿,普古彝族苗族乡舍村三变街7栋,贵州省,六盘水市,,住宿服务;旅馆招待所;旅馆招待所,100200,B0K311PPNF,住宿服务,旅馆招待所,旅馆招待所,
105.00178357736266,26.382305816674275,万福源酒店,米箩镇信用社前面,贵州省,六盘水市,,住宿服务;住宿服务相关;住宿服务相关,100000,B0JKFMTQ3W,住宿服务,住宿服务相关,住宿服务相关,
105.00162828839997,26.382204248874757,亿晨酒店,米箩村簸箕组,贵州省,六盘水市,,住宿服务;宾馆酒店;宾馆酒店,100100,B0HG669TCI,住宿服务,宾馆酒店,宾馆酒店,
105.00169789525366,26.38391073608066,东来客栈,米箩镇米箩派出所斜对面,贵州省,六盘水市,,住宿服务;旅馆招待所;旅馆招待所,100200,B0G1RH1LJR,住宿服务,旅馆招待所,旅馆招待所,
105.00155354306932,26.38411125868225,彝家宾馆,米箩镇米箩村,贵州省,六盘水市,,住宿服务;宾馆酒店;宾馆酒店,100100,B0G2CA7T7A,住宿服务,宾馆酒店,宾馆酒店,
105.01288928709754,26.38845290565626,惜源宾馆,玉马线,贵州省,六盘水市,,住宿服务;宾馆酒店;宾馆酒店,100100,B0GRO16RMH,住宿服务,宾馆酒店,宾馆酒店,
105.04628104409305,26.39916474410864,观山居民宿,玉马线与兴民路交叉口西160米,贵州省,六盘水市,,住宿服务;旅馆招待所;旅馆招待所,100200,B0L34ZF00G,住宿服务,旅馆招待所,旅馆招待所,
104.82494574064974,26.079001814868565,盘州市万豪商务酒店,贵州省六盘水市盘州市,贵州省,六盘水市,,住宿服务;宾馆酒店;宾馆酒店,100100,B0H21791Q7,住宿服务,宾馆酒店,宾馆酒店,
105.04249263308674,26.397244195254448,招待所,阿戛小学南侧90米,贵州省,六盘水市,,住宿服务;旅馆招待所;旅馆招待所,100200,B0H23CRLUZ,住宿服务,旅馆招待所,旅馆招待所,
105.0434242124457,26.39830354631483,黄家酒店,阿戛老街,贵州省,六盘水市,,住宿服务;住宿服务相关;住宿服务相关,100000,B0FFJT7YFD,住宿服务,住宿服务相关,住宿服务相关,
104.98230797675734,26.39733862540548,六盘水米箩布依族大酒店,米箩倮么玉马路边,贵州省,六盘水市,,餐饮服务;中餐厅;中餐厅|住宿服务;宾馆酒店;宾馆酒店,050100|100100,B0G2AS42DJ,餐饮服务,中餐厅,中餐厅|住宿服务,宾馆酒店
104.98315524426076,26.396483789066092,宏发招待所楼中楼农家乐(巴朗店),玉马线,贵州省,六盘水市,,住宿服务;旅馆招待所;旅馆招待所,100200,B0FFMBHDFD,住宿服务,旅馆招待所,旅馆招待所,
104.97861119059202,26.399912432533505,六盘水半方塘吊脚楼别墅酒店,米箩镇倮么村半方塘景区内,贵州省,六盘水市,,住宿服务;宾馆酒店;宾馆酒店,100100,B0FFILN6P1,住宿服务,宾馆酒店,宾馆酒店,
104.9791719394475,26.39509692090902,星橙居,米箩镇倮么村瓦厂组,贵州省,六盘水市,,住宿服务;住宿服务相关;住宿服务相关,100000,B0IDL7EMP4,住宿服务,住宿服务相关,住宿服务相关,
104.83683305189732,26.305261026695458,独店子婴洁旅馆,杨梅乡慕尼克村独店子组,贵州省,六盘水市,,住宿服务;旅馆招待所;旅馆招待所,100200,B0L1AOKMV4,住宿服务,旅馆招待所,旅馆招待所,
104.83624351989512,26.304697655974174,八银旅馆,五星路东南侧,贵州省,六盘水市,,住宿服务;旅馆招待所;旅馆招待所,100200,B0G2N53NBB,住宿服务,旅馆招待所,旅馆招待所,
104.82949214768394,26.300099712901485,五星村民宿,杨梅彝族苗族回族乡人民政府西北60米处,贵州省,六盘水市,,住宿服务;旅馆招待所;旅馆招待所,100200,B0L0X1MQTB,住宿服务,旅馆招待所,旅馆招待所,
104.98300490500799,26.396686312992042,原舍客栈,米箩布依族大酒店东南侧80米,贵州省,六盘水市,,住宿服务;旅馆招待所;旅馆招待所,100200,B0LGK9MSQG,住宿服务,旅馆招待所,旅馆招待所,
104.83637863139651,26.305086101187236,川渝商务宾馆,五星路西北侧,贵州省,六盘水市,,住宿服务;宾馆酒店;宾馆酒店,100100,B0GUA1E29Q,住宿服务,宾馆酒店,宾馆酒店,
104.8280998056835,26.299049550959058,嘉嘉民宿,五星路与群星路交叉口西40米,贵州省,六盘水市,,住宿服务;旅馆招待所;旅馆招待所,100200,B0LBT7404O,住宿服务,旅馆招待所,旅馆招待所,
104.97112117089335,26.40757657783021,食客来农家乐餐饮住宿,米箩镇马鞍村布衣山庄神树,贵州省,六盘水市,,住宿服务;旅馆招待所;旅馆招待所,100200,B0GR3DI5DP,住宿服务,旅馆招待所,旅馆招待所,
104.81784986265947,26.050476988513207,盘州市淤泥彝族乡不舍戛,[],贵州省,六盘水市,,住宿服务;住宿服务相关;住宿服务相关,100000,B0LD1RLAQH,住宿服务,住宿服务相关,住宿服务相关,
104.80879120557647,26.05356253862418,盘州市普古彝族苗族乡不舍戛,[],贵州省,六盘水市,,住宿服务;住宿服务相关;住宿服务相关,100000,B0LDYKTJKP,住宿服务,住宿服务相关,住宿服务相关,
104.81428700616306,26.0361325039121,高原画廊客栈,[],贵州省,六盘水市,,住宿服务;住宿服务相关;住宿服务相关,100000,B0FFJGGUSP,住宿服务,住宿服务相关,住宿服务相关,
104.81428700616306,26.0361325039121,高原画廊客栈,[],贵州省,六盘水市,,住宿服务;住宿服务相关;住宿服务相关,100000,B0FFJGGUSP,住宿服务,住宿服务相关,住宿服务相关,
105.26866677580487,26.402739490983556,江远客栈,213县道,贵州省,六盘水市,,住宿服务;旅馆招待所;旅馆招待所,100200,B0K61OUHGB,住宿服务,旅馆招待所,旅馆招待所,
104.8152975652426,25.924356910562736,九村兴绒宾馆,羊场乡下午村下午组101号,贵州省,六盘水市,,住宿服务;宾馆酒店;宾馆酒店,100100,B0K62M6VZK,住宿服务,宾馆酒店,宾馆酒店,
104.81762088765859,25.92265905918629,权久宾馆,羊场九村,贵州省,六盘水市,,住宿服务;宾馆酒店;宾馆酒店,100100,B0I3M7OXKM,住宿服务,宾馆酒店,宾馆酒店,
104.81564982832452,25.92620983655474,唯墨酒店,百鑫五金机电北侧280米,贵州省,六盘水市,,住宿服务;宾馆酒店;宾馆酒店,100100,B0KKCUN1PF,住宿服务,宾馆酒店,宾馆酒店,
105.29538903431383,26.41632569015109,我家旅社,新场街与213县道交叉口东北240米,贵州省,六盘水市,,住宿服务;旅馆招待所;旅馆招待所,100200,B0FFJOX8IL,住宿服务,旅馆招待所,旅馆招待所,
104.81632459181465,25.923492219129415,迎新旅馆,羊场乡下午村退役军人服务站东侧250米,贵州省,六盘水市,,住宿服务;旅馆招待所;旅馆招待所,100200,B0GR31LJKV,住宿服务,旅馆招待所,旅馆招待所,
105.2933855245976,26.415436500572426,新场客栈,新场街与213县道交叉口东北20米,贵州省,六盘水市,,住宿服务;旅馆招待所;旅馆招待所,100200,B0M63U93F9,住宿服务,旅馆招待所,旅馆招待所,
104.81264978977597,25.93073443452829,邦邦驿站,代德刚建材经营部出售钢筋水泥沙子出租挖机铲车东南侧180米,贵州省,六盘水市,,住宿服务;住宿服务相关;住宿服务相关,100000,B0MB1HVXOL,住宿服务,住宿服务相关,住宿服务相关,
104.85042355768302,25.71662918130155,梦缘宾馆,英武镇马场村7组(国土局东北200米),贵州省,六盘水市,,住宿服务;宾馆酒店;宾馆酒店,100100,B0FFLG28VS,住宿服务,宾馆酒店,宾馆酒店,
104.84955713705494,25.71150689196622,鸿程宾馆,086乡道东侧,贵州省,六盘水市,,住宿服务;宾馆酒店;宾馆酒店,100100,B0G1R4Z3MU,住宿服务,宾馆酒店,宾馆酒店,
104.84644053246747,25.716910618905636,盘州英武马场财峰民宿,阳凤百货西北侧240米,贵州省,六盘水市,,住宿服务;旅馆招待所;旅馆招待所,100200,B0LBRH3KCV,住宿服务,旅馆招待所,旅馆招待所,
104.84590806655508,25.717888247481184,悦来客栈,086乡道,贵州省,六盘水市,,住宿服务;旅馆招待所;旅馆招待所,100200,B0LKLL9NW4,住宿服务,旅馆招待所,旅馆招待所,
104.83608545565858,25.618041736969687,竹韵客栈,竹海镇蓆草坪居委会退役军人服务站北侧140米,贵州省,六盘水市,,住宿服务;旅馆招待所;旅馆招待所,100200,B0M65DI8M1,住宿服务,旅馆招待所,旅馆招待所,
104.82576540797912,25.617158968948573,盘州竹缘商务酒店,竹海镇313省道印象足道楼上,贵州省,六盘水市,,住宿服务;住宿服务相关;住宿服务相关,100000,B0FFJYH47W,住宿服务,住宿服务相关,住宿服务相关,
104.82678036472508,25.618501498986905,盘州瑞廷主题酒店,竹海风景区街上老长坝街(小红帽幼儿园西南方向),贵州省,六盘水市,,住宿服务;住宿服务相关;住宿服务相关,100000,B0FFJG2J4B,住宿服务,住宿服务相关,住宿服务相关,
104.86728623963455,25.807084825503754,盘州雅格大酒店,英武镇林家屋基村,贵州省,六盘水市,,住宿服务;住宿服务相关;住宿服务相关,100000,B0FFIRCNPG,住宿服务,住宿服务相关,住宿服务相关,
104.86787336615026,25.80728166651485,六盘水立昕大酒店,英武林家屋基村普安高铁站西行100米,贵州省,六盘水市,,住宿服务;宾馆酒店;宾馆酒店,100100,B0FFHTWETO,住宿服务,宾馆酒店,宾馆酒店,
104.86821641459257,25.8078884643529,盘州鹏8客栈,英武镇林家屋基村普安县高铁站旁150米处,贵州省,六盘水市,,住宿服务;宾馆酒店;宾馆酒店,100100,B0GUCM61F5,住宿服务,宾馆酒店,宾馆酒店,
104.82564024085396,25.618205208130576,竹福旅馆,210县道与313省道交叉口北60米,贵州省,六盘水市,,住宿服务;旅馆招待所;旅馆招待所,100200,B0HRV1AWDK,住宿服务,旅馆招待所,旅馆招待所,
104.82543905743535,25.617781634864798,盘州臻尚假日酒店,竹海镇街上,贵州省,六盘水市,,住宿服务;宾馆酒店;宾馆酒店,100100,B0FFLBC325,住宿服务,宾馆酒店,宾馆酒店,
104.82507471524774,25.617260709041318,竹海大酒店,313省道与210县道交叉口南50米路西,贵州省,六盘水市,,住宿服务;宾馆酒店;三星级宾馆,100104,B0FFH986L4,住宿服务,宾馆酒店,三星级宾馆,
104.8248053992384,25.61843273311708,荣宏酒店,竹海镇老厂居委会西北侧180米,贵州省,六盘水市,,住宿服务;宾馆酒店;宾馆酒店,100100,B0IR2O5YU9,住宿服务,宾馆酒店,宾馆酒店,
105.53777061652217,26.19032093462297,西来花谷民宿,102省道大用生态观光园内,贵州省,六盘水市,,住宿服务;住宿服务相关;住宿服务相关,100000,B0K0RHLXAX,住宿服务,住宿服务相关,住宿服务相关,
105.54821434462634,26.185415542917404,顺星民宿,大用镇第二小学西侧280米,贵州省,六盘水市,,住宿服务;旅馆招待所;旅馆招待所,100200,B0M6MRVHN0,住宿服务,旅馆招待所,旅馆招待所,
105.48189605436238,26.195132795025767,柒星湾城市民宿,七冶国际花园北门东北120米,贵州省,六盘水市,,住宿服务;旅馆招待所;旅馆招待所,100200,B0LK95BFF6,住宿服务,旅馆招待所,旅馆招待所,
105.48130459101256,26.194742836032503,六枝特区瓦窑宾馆(七冶国际花园店),南环路瓦窑小区19栋,贵州省,六盘水市,,住宿服务;宾馆酒店;宾馆酒店,100100,B0J1GP4HKS,住宿服务,宾馆酒店,宾馆酒店,
105.55323729369854,26.17428112713305,六南餐饮住宿,大用镇大用村湾寨片干坝,贵州省,六盘水市,,住宿服务;住宿服务相关;住宿服务相关,100000,B0LBSZS7V6,住宿服务,住宿服务相关,住宿服务相关,
105.48128153397012,26.194729761046844,兴春宾馆,迎宾大道与牂牁大道交叉口东120米,贵州省,六盘水市,,住宿服务;宾馆酒店;宾馆酒店,100100,B0L3DL5S5P,住宿服务,宾馆酒店,宾馆酒店,
105.49100203316078,26.203078543716213,舒宜酒店,[],贵州省,六盘水市,,住宿服务;宾馆酒店;宾馆酒店,100100,B0KG7M8XVW,住宿服务,宾馆酒店,宾馆酒店,
105.48953814104645,26.20471815927313,六枝特兴春酒店(云盘店),九龙路(云盘加油站旁),贵州省,六盘水市,,住宿服务;宾馆酒店;宾馆酒店,100100,B0LKYA45QN,住宿服务,宾馆酒店,宾馆酒店,
105.48871499540381,26.2049128233965,温馨旅社(六枝特区中医院东),平寨镇下营盘市二医(原矿区医院)往云盘加油站方向150米左右,贵州省,六盘水市,,住宿服务;旅馆招待所;旅馆招待所,100200,B035A0NLXR,住宿服务,旅馆招待所,旅馆招待所,
105.48849241696377,26.204950183325593,旺盛招待所(六枝特区中医院东),九龙路与胜利路交叉口东南300米,贵州省,六盘水市,,住宿服务;旅馆招待所;旅馆招待所,100200,B035A0NLXP,住宿服务,旅馆招待所,旅馆招待所,
105.48333723342317,26.204397617482318,六盘水湘逸大酒店,胜利路云欣苑23栋,贵州省,六盘水市,,住宿服务;宾馆酒店;三星级宾馆,100104,B0FFKV54O0,住宿服务,宾馆酒店,三星级宾馆,
105.48120586514568,26.204494455974633,小城民宿(六盘水店),胜利路与云欣路交叉口西南80米,贵州省,六盘水市,,住宿服务;住宿服务相关;住宿服务相关,100000,B0MB6UNQRA,住宿服务,住宿服务相关,住宿服务相关,
105.47677091151172,26.205061046951027,六枝特区云锦酒店,团结路六枝大众医院南60米,贵州省,六盘水市,,住宿服务;宾馆酒店;宾馆酒店,100100,B0L2T94YI1,住宿服务,宾馆酒店,宾馆酒店,
105.47365440870989,26.206028854095475,六枝宾馆,友谊路12号,贵州省,六盘水市,,住宿服务;宾馆酒店;宾馆酒店,100100,B0FFFAHXIG,住宿服务,宾馆酒店,宾馆酒店,
105.47531230314975,26.206975068789642,黔程宾馆(六枝团结路店),团结路13号,贵州省,六盘水市,,住宿服务;住宿服务相关;住宿服务相关,100000,B0IBRKL1JD,住宿服务,住宿服务相关,住宿服务相关,
105.56557267737988,26.158909510716445,六盘水市云九方客栈,落别乡抵耳村委旁,贵州省,六盘水市,,住宿服务;住宿服务相关;住宿服务相关,100000,B0KAK1XWMD,住宿服务,住宿服务相关,住宿服务相关,
105.47516892239388,26.207739122946045,六盘水华莉旅社,团结路13号,贵州省,六盘水市,,住宿服务;旅馆招待所;旅馆招待所,100200,B035A00BEA,住宿服务,旅馆招待所,旅馆招待所,
105.47528322673634,26.20711306962439,馨雅美宾馆,团结路与友谊路交叉口西北120米,贵州省,六盘水市,,住宿服务;宾馆酒店;宾馆酒店,100100,B0MAJR3UA9,住宿服务,宾馆酒店,宾馆酒店,
105.47503257467761,26.20818200451369,六盘水平安宾馆,平寨镇团结路88号,贵州省,六盘水市,,住宿服务;宾馆酒店;宾馆酒店,100100,B0FFFSC2IE,住宿服务,宾馆酒店,宾馆酒店,
105.47402213775104,26.208870583566103,捷林丰鑫酒店(六枝团结路店),团结路5号,贵州省,六盘水市,,住宿服务;宾馆酒店;宾馆酒店,100100,B035A00B7V,住宿服务,宾馆酒店,宾馆酒店,
105.47526815349813,26.207867479253856,惠誉旅社,平寨镇街心花园八栋楼对面,贵州省,六盘水市,,住宿服务;旅馆招待所;旅馆招待所,100200,B0FFG7V0ON,住宿服务,旅馆招待所,旅馆招待所,
105.46962812914828,26.205362386458482,熙园酒店(六枝万博广场店),九龙街道牂牁大道滨河万博广场8号楼,贵州省,六盘水市,,住宿服务;住宿服务相关;住宿服务相关,100000,B0L0TXC3NE,住宿服务,住宿服务相关,住宿服务相关,
105.47449325188805,26.208942945457576,六盘水锦晟旅店,团结路24号附24号,贵州省,六盘水市,,住宿服务;旅馆招待所;旅馆招待所,100200,B0FFFGRXMZ,住宿服务,旅馆招待所,旅馆招待所,
105.47313000588886,26.20944944374997,六盘水六枝工矿迎宾馆,工矿大厦西北门旁,贵州省,六盘水市,,住宿服务;宾馆酒店;四星级宾馆|餐饮服务;餐饮相关场所;餐饮相关,100103|050000,B0G0ARY419,住宿服务,宾馆酒店,四星级宾馆|餐饮服务,餐饮相关场所
105.47406516225526,26.21044064184339,捷林丰鑫酒店(六枝人民路店),人民路百货大楼3层,贵州省,六盘水市,,住宿服务;宾馆酒店;宾馆酒店,100100,B0I61H8ST5,住宿服务,宾馆酒店,宾馆酒店,
105.47438599663128,26.20895064951476,贵华旅社,平寨镇团结路(丰鑫假日酒店对面),贵州省,六盘水市,,住宿服务;旅馆招待所;旅馆招待所,100200,B0FFGKYE9Z,住宿服务,旅馆招待所,旅馆招待所,
105.47456742250904,26.209060223549766,兴健旅社,团结路与和平街交叉口东南100米,贵州省,六盘水市,,住宿服务;旅馆招待所;旅馆招待所,100200,B0FFGKYME3,住宿服务,旅馆招待所,旅馆招待所,
105.47306681382568,26.21033679819534,凯斯特酒店(街心花园店),人民路1号夜郎大厦A区5层,贵州省,六盘水市,,住宿服务;宾馆酒店;宾馆酒店,100100,B0LULRAAKK,住宿服务,宾馆酒店,宾馆酒店,
105.47404007983272,26.21090785046165,狄斯酒店,人民路19号六枝特区百货大楼对面,贵州省,六盘水市,,住宿服务;宾馆酒店;宾馆酒店,100100,B0FFH3DFSJ,住宿服务,宾馆酒店,宾馆酒店,
105.47694286872446,26.214403116548326,万东国际大酒店,桃花湖湖畔,贵州省,六盘水市,,住宿服务;宾馆酒店;宾馆酒店,100100,B0IRCR5WYZ,住宿服务,宾馆酒店,宾馆酒店,
105.47304174163845,26.21060789035178,六盘水多斯旎时尚酒店,人民路70夜郎大厦F5层,贵州省,六盘水市,,住宿服务;宾馆酒店;宾馆酒店,100100,B035A0NEAE,住宿服务,宾馆酒店,宾馆酒店,
105.46852559155454,26.206510103698754,轻雅·悦酒店,人民南路万博购物广场六枝店三层,贵州省,六盘水市,,住宿服务;宾馆酒店;宾馆酒店,100100,B0L1YAE9AJ,住宿服务,宾馆酒店,宾馆酒店,
105.47016728780167,26.206695649951524,妈妈驿站,人民路与牂牁大道交叉口东120米,贵州省,六盘水市,,住宿服务;住宿服务相关;住宿服务相关,100000,B0JBTO6MW3,住宿服务,住宿服务相关,住宿服务相关,
105.47019434830965,26.20671873738791,甜园旅馆,彩虹湾商业中心1-4-5,贵州省,六盘水市,,住宿服务;旅馆招待所;旅馆招待所,100200,B0KUSNQ69O,住宿服务,旅馆招待所,旅馆招待所,
105.47318605241007,26.21117562982512,小城民宿(桃花公园店),那平路夜郎大厦后面4楼,贵州省,六盘水市,,住宿服务;住宿服务相关;住宿服务相关,100000,B0JBCCFF0Y,住宿服务,住宿服务相关,住宿服务相关,
105.46831802128119,26.208670841800032,明珠大酒店(六盘水六枝特区店),南环路嘉年华商业广场六号楼B区4一12,贵州省,六盘水市,,住宿服务;宾馆酒店;宾馆酒店,100100,B0FFLFFGV3,住宿服务,宾馆酒店,宾馆酒店,
105.47816984622092,26.214700795088167,明祥客楼,九龙路与人民路交叉口西北60米,贵州省,六盘水市,,住宿服务;住宿服务相关;住宿服务相关,100000,B0FFKPER77,住宿服务,住宿服务相关,住宿服务相关,
105.56940167862531,26.155428911282648,福家.水邸云上客栈,落别布依族彝族乡抵耳村一组图白映画摄影工作室南200米处,贵州省,六盘水市,,住宿服务;旅馆招待所;旅馆招待所,100200,B0JU2M0JEH,住宿服务,旅馆招待所,旅馆招待所,
105.47183286009556,26.21187230166249,林泰酒店(六枝街心花园店),九龙街道那平路13号忠誉大厦4层1号,贵州省,六盘水市,,住宿服务;住宿服务相关;住宿服务相关,100000,B0LDVR6P4X,住宿服务,住宿服务相关,住宿服务相关,
105.46988239053329,26.211746895785772,六枝特区沿河酒店,沿河路23号,贵州省,六盘水市,,住宿服务;宾馆酒店;宾馆酒店,100100,B0FFG33FKX,住宿服务,宾馆酒店,宾馆酒店,
105.46684878244912,26.20847681434289,富明民宿(六盘水六枝站店),南环路鸿铭大厦富明民宿1单元3楼,贵州省,六盘水市,,住宿服务;住宿服务相关;住宿服务相关,100000,B0JKUAGRR9,住宿服务,住宿服务相关,住宿服务相关,
105.47459014174024,26.215855330810847,桃源宾馆(九龙路店),九龙路与矿业路交叉口东140米,贵州省,六盘水市,,住宿服务;宾馆酒店;宾馆酒店,100100,B0FFG2TBW3,住宿服务,宾馆酒店,宾馆酒店,
105.47529075107167,26.217135057355154,聚叁居民宿,合作路九龙社区青龙村卫生室东北方向约80米,贵州省,六盘水市,,住宿服务;住宿服务相关;住宿服务相关,100000,B0LRG6SM0L,住宿服务,住宿服务相关,住宿服务相关,
105.46534144016758,26.20991771551715,六盘水金海国际大酒店,南环路,贵州省,六盘水市,,住宿服务;宾馆酒店;五星级宾馆|住宿服务;宾馆酒店;四星级宾馆|餐饮服务;餐饮相关场所;餐饮相关,100102|100103|050000,B035A0NM2X,住宿服务,宾馆酒店,五星级宾馆|住宿服务,宾馆酒店
105.47253029807521,26.215611447488236,六盘水鑫源客栈,银壶街道矿业路新广场烟草公司旁,贵州省,六盘水市,,住宿服务;旅馆招待所;旅馆招待所,100200,B0FFK5Q3FQ,住宿服务,旅馆招待所,旅馆招待所,
105.46534341447389,26.210523082041966,春江花园酒店,南环路春江花园小区,贵州省,六盘水市,,住宿服务;宾馆酒店;宾馆酒店,100100,B0FFHICM1O,住宿服务,宾馆酒店,宾馆酒店,
105.56873974064295,26.14487238670733,六盘水布依人家驿站,落别乡水塘寨牛角村八组,贵州省,六盘水市,,住宿服务;住宿服务相关;住宿服务相关,100000,B0FFIOZJI1,住宿服务,住宿服务相关,住宿服务相关,
105.4647040117045,26.211223836713703,明远大酒店,南环路牂牁大道中段春江花园旁,贵州省,六盘水市,,住宿服务;宾馆酒店;宾馆酒店,100100,B0FFHEPEQ3,住宿服务,宾馆酒店,宾馆酒店,
105.46393736600302,26.21164910934415,贵州·壹酒店(六枝店),春江花园7号楼玉储宫楼下三楼,贵州省,六盘水市,,住宿服务;住宿服务相关;住宿服务相关,100000,B0JR9ZI1SR,住宿服务,住宿服务相关,住宿服务相关,
105.46771334495178,26.21539823164221,六盘水乾龙大酒店,[],贵州省,六盘水市,,住宿服务;宾馆酒店;宾馆酒店,100100,B0LKOSFZI6,住宿服务,宾馆酒店,宾馆酒店,
105.46762414782714,26.21539199030493,7天酒店(六盘水六枝特区店),那平路47号,贵州省,六盘水市,,住宿服务;住宿服务相关;住宿服务相关,100000,B0G0ANQ9NO,住宿服务,住宿服务相关,住宿服务相关,
105.46376894692376,26.212952451918717,六盘水印象快捷酒店,南环路七冶国际新城45栋,贵州省,六盘水市,,住宿服务;宾馆酒店;宾馆酒店,100100,B0FFINN813,住宿服务,宾馆酒店,宾馆酒店,
105.46341418058475,26.21340080839731,万兆电竞酒店,银壶街道七冶国际新城43栋1楼,贵州省,六盘水市,,住宿服务;宾馆酒店;宾馆酒店,100100,B0K1CMJYQ7,住宿服务,宾馆酒店,宾馆酒店,
105.46231192517865,26.212747613431937,六枝栖沐居法式民宿,银壶街道煤机新苑小区7栋楼下商铺7-1-5号门店,贵州省,六盘水市,,住宿服务;住宿服务相关;住宿服务相关,100000,B0JD1Y442F,住宿服务,住宿服务相关,住宿服务相关,
105.46650965740146,26.21623653671571,丽都依然(六枝特区店),九龙街道那平路干河巷口13号附3号早慧幼力园旁往街心花园40米侧门面,贵州省,六盘水市,,住宿服务;住宿服务相关;住宿服务相关,100000,B0LGLAI2WK,住宿服务,住宿服务相关,住宿服务相关,
105.4639902525788,26.21619494482201,捷林丰鑫酒店(山水印象店),建设南路(九头山公园东侧),贵州省,六盘水市,,餐饮服务;餐饮相关场所;餐饮相关|住宿服务;住宿服务相关;住宿服务相关,050000|100000,B0IRV7SDXN,餐饮服务,餐饮相关场所,餐饮相关|住宿服务,住宿服务相关
105.46399125424607,26.216203952732975,六盘水山水印象假日酒店,建设南路16号,贵州省,六盘水市,,住宿服务;宾馆酒店;宾馆酒店,100100,B0FFKKSFV3,住宿服务,宾馆酒店,宾馆酒店,
105.46706871140648,26.219677045779328,港樽假日酒店,建设北路21号,贵州省,六盘水市,,住宿服务;宾馆酒店;宾馆酒店,100100,B0FFFS5BL4,住宿服务,宾馆酒店,宾馆酒店,
105.46455739226141,26.217437144019538,乐迪时尚酒店(六盘水六枝店),那平路123号,贵州省,六盘水市,,住宿服务;住宿服务相关;住宿服务相关,100000,B0IGGGTDRV,住宿服务,住宿服务相关,住宿服务相关,
105.4677752006641,26.221090755566024,六枝特区诗泊旅行酒店,九龙路贵州省六枝特区实验中学东南侧约60米,贵州省,六盘水市,,住宿服务;宾馆酒店;宾馆酒店,100100,B0MBPC19ZP,住宿服务,宾馆酒店,宾馆酒店,
105.46586914268349,26.218722320863787,六枝特区银壶招待所,建设北路2街,贵州省,六盘水市,,住宿服务;旅馆招待所;旅馆招待所,100200,B0FFGKIE9Y,住宿服务,旅馆招待所,旅馆招待所,
105.46730318930479,26.220447121054928,六枝特区雅馨时尚酒店,建设北路4号老板街与六十五交界处,贵州省,六盘水市,,住宿服务;宾馆酒店;宾馆酒店,100100,B0FFHIB47C,住宿服务,宾馆酒店,宾馆酒店,
105.4627915741524,26.21965491880247,维也纳酒店(六盘水六枝特区高铁南站店),那平路221号,贵州省,六盘水市,,住宿服务;宾馆酒店;宾馆酒店,100100,B0K0FSAKP4,住宿服务,宾馆酒店,宾馆酒店,
105.46321751885166,26.218468305620586,金龙大酒店(那平路),那平路86号检察院旁,贵州省,六盘水市,,购物服务;专卖店;烟酒专卖店|住宿服务;宾馆酒店;宾馆酒店,061210|100100,B035A00B3O,购物服务,专卖店,烟酒专卖店|住宿服务,宾馆酒店
105.46275353017595,26.218950406960005,拾光驿栈酒店,那平路92号(六枝特区检察院旁),贵州省,六盘水市,,住宿服务;旅馆招待所;旅馆招待所,100200,B0L0SCKKWL,住宿服务,旅馆招待所,旅馆招待所,
105.46111607860048,26.22096546390854,浙江大酒店(六盘水六枝特区店),那平路休闲广场对面,贵州省,六盘水市,,住宿服务;宾馆酒店;宾馆酒店,100100,B0FFFYYDPN,住宿服务,宾馆酒店,宾馆酒店,
105.46117519143712,26.22110069117474,六枝特区卿卿大酒店,那平路休闲广场对面康发综合楼1-3楼,贵州省,六盘水市,,住宿服务;宾馆酒店;宾馆酒店,100100,B0LK4RWKQF,住宿服务,宾馆酒店,宾馆酒店,
105.46429651037168,26.224068367602673,久龙景宏酒店(六盘水六枝特区休闲广场高铁南站店),纪龙宾馆西南门旁,贵州省,六盘水市,,住宿服务;宾馆酒店;宾馆酒店,100100,B0FFFSB3U1,住宿服务,宾馆酒店,宾馆酒店,
105.45822552170888,26.21794457640057,季枫度假酒店(兴隆路店),兴隆路发改局1楼,贵州省,六盘水市,,住宿服务;宾馆酒店;宾馆酒店,100100,B0JBP9704A,住宿服务,宾馆酒店,宾馆酒店,
105.4605048935742,26.22007041499892,六枝特区温州商务宾馆,那平路附近,贵州省,六盘水市,,住宿服务;宾馆酒店;宾馆酒店,100100,B0FFH0N5WX,住宿服务,宾馆酒店,宾馆酒店,
105.46479361702409,26.223062065716658,玉芹招待所,交通路(汽车站往实验中学方向400米),贵州省,六盘水市,,住宿服务;旅馆招待所;旅馆招待所,100200,B0FFFSDPQU,住宿服务,旅馆招待所,旅馆招待所,
105.4608795017272,26.22297505257207,加斯洲快捷时尚酒店,"那平路补林村(休闲广场对面,原香格酒店)",贵州省,六盘水市,,住宿服务;宾馆酒店;宾馆酒店,100100,B0FFFZMMEV,住宿服务,宾馆酒店,宾馆酒店,
105.46155190710091,26.22208421279435,六盘水市卿卿功夫足道酒店,银壶街道休闲广场对面,贵州省,六盘水市,,住宿服务;宾馆酒店;宾馆酒店|生活服务;洗浴推拿场所;洗浴推拿场所,100100|071400,B0FFGWYZMA,住宿服务,宾馆酒店,宾馆酒店|生活服务,洗浴推拿场所
105.46420129789225,26.224288250368215,纪龙宾馆,九龙路六枝家和医院东南侧约40米,贵州省,六盘水市,,住宿服务;宾馆酒店;宾馆酒店|住宿服务;旅馆招待所;旅馆招待所,100100|100200,B0FFFS95U4,住宿服务,宾馆酒店,宾馆酒店|住宿服务,旅馆招待所
105.4634216316949,26.22480354718466,六盘水华群宾馆,交通路13-6号(老汽车站对面),贵州省,六盘水市,,住宿服务;宾馆酒店;宾馆酒店,100100,B0FFL7HD2Y,住宿服务,宾馆酒店,宾馆酒店,
105.56861075465142,26.121726154970794,六盘水瀑布源温泉酒店(六枝龙井温泉度假区店),落别乡龙井村,贵州省,六盘水市,,住宿服务;宾馆酒店;宾馆酒店,100100,B0GUSZLRPP,住宿服务,宾馆酒店,宾馆酒店,
105.46234235901571,26.225445173229886,六枝特区快乐宾馆,交通路66号(九龙路交通警察大队旁),贵州省,六盘水市,,住宿服务;宾馆酒店;宾馆酒店,100100,B0FFFSXLJJ,住宿服务,宾馆酒店,宾馆酒店,
105.46200862622484,26.226395884050298,浦江大酒店,交通路40号,贵州省,六盘水市,,住宿服务;宾馆酒店;宾馆酒店,100100,B035A00A3A,住宿服务,宾馆酒店,宾馆酒店,
105.58209692505902,26.13773218826834,揽山阁乡宿客栈,落别乡牛角村五组,贵州省,六盘水市,,住宿服务;旅馆招待所;旅馆招待所,100200,B0IUXRIHK8,住宿服务,旅馆招待所,旅馆招待所,
105.58162597551964,26.13616390297091,六枝特区安寓民宿店,落别浪哨园西侧六枝特区安寓民宿,贵州省,六盘水市,,住宿服务;住宿服务相关;住宿服务相关,100000,B0J33UNZKC,住宿服务,住宿服务相关,住宿服务相关,
105.58249193078129,26.137864490038602,君倾布依客栈,牛角村五组(布依新寨),贵州省,六盘水市,,住宿服务;旅馆招待所;旅馆招待所,100200,B0G0YCLEIA,住宿服务,旅馆招待所,旅馆招待所,
105.45333649862852,26.218425400752466,六盘水青柠酒店,银壶街道牂牁大道九龙城5号楼一单元三楼,贵州省,六盘水市,,住宿服务;住宿服务相关;住宿服务相关,100000,B0IGLR6AT2,住宿服务,住宿服务相关,住宿服务相关,
105.58204201606917,26.135773885444074,六盘水逸栈酒店,落别乡牛角广场浪哨园内,贵州省,六盘水市,,住宿服务;宾馆酒店;宾馆酒店,100100,B0FFL02D40,住宿服务,宾馆酒店,宾馆酒店,
105.46187830831451,26.227427156017725,惠源宾馆,九龙路平寨村民委员会东北30米,贵州省,六盘水市,,住宿服务;宾馆酒店;宾馆酒店|住宿服务;旅馆招待所;旅馆招待所,100100|100200,B035A00ATV,住宿服务,宾馆酒店,宾馆酒店|住宿服务,旅馆招待所
105.58270901094923,26.136252558757246,六盘水兰诚迎宾客栈,落别乡嘉树超市旁50米处,贵州省,六盘水市,,住宿服务;旅馆招待所;旅馆招待所,100200,B0H2ZAAQJ1,住宿服务,旅馆招待所,旅馆招待所,
105.46252562930599,26.227619905151645,温馨宾馆(九龙路店),平寨批发市场(时代家具广场内),贵州省,六盘水市,,住宿服务;住宿服务相关;住宿服务相关,100000,B0FFH293YL,住宿服务,住宿服务相关,住宿服务相关,
105.46194143421408,26.22749335368347,七妹宾馆,102省道恒惠购物广场旁,贵州省,六盘水市,,住宿服务;宾馆酒店;宾馆酒店|住宿服务;旅馆招待所;旅馆招待所,100100|100200,B0FFHIH05H,住宿服务,宾馆酒店,宾馆酒店|住宿服务,旅馆招待所
105.46231117176899,26.22792854109881,六枝特区天悦宾馆,交通路(火车站旁),贵州省,六盘水市,,住宿服务;旅馆招待所;旅馆招待所,100200,B0FFFS76EP,住宿服务,旅馆招待所,旅馆招待所,
105.46192440028801,26.22747429964192,六盘水一米阳光宾馆,交通西路百货批发市场,贵州省,六盘水市,,住宿服务;宾馆酒店;宾馆酒店,100100,B0FFHIF4Z1,住宿服务,宾馆酒店,宾馆酒店,
105.4621428374008,26.227690977123306,鸿飞宾馆(六枝站店),交通西路平寨村委会东南约60米,贵州省,六盘水市,,住宿服务;宾馆酒店;宾馆酒店,100100,B0FFFSXLIG,住宿服务,宾馆酒店,宾馆酒店,
105.46226108251754,26.227649251876514,昌云宾馆,九龙路火车站出站口东南200米,贵州省,六盘水市,,住宿服务;宾馆酒店;宾馆酒店|住宿服务;旅馆招待所;旅馆招待所,100100|100200,B0FFFWEHKR,住宿服务,宾馆酒店,宾馆酒店|住宿服务,旅馆招待所
105.4625947676637,26.227711133720714,都市客楼,便民巷与彩云巷交叉口东北20米,贵州省,六盘水市,,住宿服务;旅馆招待所;旅馆招待所,100200,B0IA369Y0M,住宿服务,旅馆招待所,旅馆招待所,
105.46243944949616,26.227658709147388,明栖小院,九龙路22号,贵州省,六盘水市,,住宿服务;住宿服务相关;住宿服务相关,100000,B0LRT68V0I,住宿服务,住宿服务相关,住宿服务相关,
105.46184323819243,26.227395048965004,瑞鑫招待所,交通路40号(近金宝宝幼儿园),贵州省,六盘水市,,住宿服务;旅馆招待所;旅馆招待所|住宿服务;宾馆酒店;宾馆酒店,100200|100100,B035A00ATU,住宿服务,旅馆招待所,旅馆招待所|住宿服务,宾馆酒店
105.46180116644716,26.227107775775426,泰安宾馆,银壶街道交通路平寨村委会旁,贵州省,六盘水市,,住宿服务;宾馆酒店;宾馆酒店|住宿服务;旅馆招待所;旅馆招待所,100100|100200,B035A00ATW,住宿服务,宾馆酒店,宾馆酒店|住宿服务,旅馆招待所
105.46222198476013,26.227999356580188,六枝特区鹏程招待所,时代家具广场旁,贵州省,六盘水市,,住宿服务;旅馆招待所;旅馆招待所,100200,B0FFFSXLMJ,住宿服务,旅馆招待所,旅馆招待所,
105.4621588746006,26.227604967621392,鸿发宾馆(六枝站店),九龙路甫江大酒店对面距离火车站150米,贵州省,六盘水市,,住宿服务;宾馆酒店;宾馆酒店|住宿服务;旅馆招待所;旅馆招待所,100100|100200,B035A00ATR,住宿服务,宾馆酒店,宾馆酒店|住宿服务,旅馆招待所
105.462014570193,26.227772700710887,六盘水六枝特区凯旋宾馆,交通路时代家具广场,贵州省,六盘水市,,住宿服务;宾馆酒店;宾馆酒店|住宿服务;旅馆招待所;旅馆招待所,100100|100200,B0FFFRV6U9,住宿服务,宾馆酒店,宾馆酒店|住宿服务,旅馆招待所
105.4616287679736,26.228050890766312,六枝特区誉霖招待所,银湖街道平寨村二组136号附近招待所精品名宿商务车旅游包车服务地方特色美食,贵州省,六盘水市,,住宿服务;住宿服务相关;住宿服务相关,100000,B0G3AG96O2,住宿服务,住宿服务相关,住宿服务相关,
105.46225805368252,26.228105509546083,蔚然宾馆,交通路平寨家具广场(六枝站附近),贵州省,六盘水市,,住宿服务;宾馆酒店;宾馆酒店|住宿服务;旅馆招待所;旅馆招待所,100100|100200,B0FFFS909W,住宿服务,宾馆酒店,宾馆酒店|住宿服务,旅馆招待所
105.46135923105541,26.227826083547743,六盘水黔龙招待所,102省道六枝站旁,贵州省,六盘水市,,住宿服务;住宿服务相关;住宿服务相关,100000,B0FFKT0FPW,住宿服务,住宿服务相关,住宿服务相关,
105.46154158669661,26.22812671582041,六盘水鸿程招待所,九龙路六枝特区第四中学东侧,贵州省,六盘水市,,住宿服务;住宿服务相关;住宿服务相关,100000,B0G0ZSXDO5,住宿服务,住宿服务相关,住宿服务相关,
105.46162576224636,26.22804287855334,鑫霖招待所(六盘水六枝特区店),交通西路小商品批发市场,贵州省,六盘水市,,住宿服务;旅馆招待所;旅馆招待所,100200,B0FFFS7Y0T,住宿服务,旅馆招待所,旅馆招待所,
105.461298085333,26.22826418506382,雨辉宾馆(九龙路店),交通路(六枝火车站旁),贵州省,六盘水市,,住宿服务;宾馆酒店;宾馆酒店,100100,B0FFFFB6IQ,住宿服务,宾馆酒店,宾馆酒店,
105.45970990728415,26.228244230609352,六盘水万家车站招待所,九龙路六枝火车站旁,贵州省,六盘水市,,住宿服务;旅馆招待所;旅馆招待所,100200,B0FFHH9K2F,住宿服务,旅馆招待所,旅馆招待所,
105.46034812452837,26.22926239794398,六盘水福安宾馆,平寨村,贵州省,六盘水市,,住宿服务;宾馆酒店;宾馆酒店,100100,B0FFFSAP71,住宿服务,宾馆酒店,宾馆酒店,
105.45988423614645,26.228568848589916,景盛商务宾馆(六盘水六枝店),交通路火车站广场旁,贵州省,六盘水市,,住宿服务;宾馆酒店;宾馆酒店,100100,B0FFM9RKCA,住宿服务,宾馆酒店,宾馆酒店,
105.57363059435231,26.122080643010218,陋室楼客栈,明彩百货超市西北100米,贵州省,六盘水市,,住宿服务;旅馆招待所;旅馆招待所,100200,B0FFLQF89L,住宿服务,旅馆招待所,旅馆招待所,
105.45936217816435,26.229131892309468,六枝特区阳光酒店,交通路10号火车站出站向右50米,贵州省,六盘水市,,住宿服务;宾馆酒店;宾馆酒店,100100,B0FFMDIXEK,住宿服务,宾馆酒店,宾馆酒店,
105.45935716852254,26.22912787770313,六盘水金福来商务宾馆,"平寨交通路(六枝火车站旁,凯豪大酒店对面)",贵州省,六盘水市,,住宿服务;宾馆酒店;宾馆酒店,100100,B0FFFS3UQQ,住宿服务,宾馆酒店,宾馆酒店,
105.46049741572455,26.229408853229142,六枝特区鸿秀宾馆,六枝火车站出站口铁路派出所旁,贵州省,六盘水市,,住宿服务;旅馆招待所;旅馆招待所,100200,B0FFHIF5BV,住宿服务,旅馆招待所,旅馆招待所,
105.46055051962419,26.229458013619308,六盘水六枝友平宾馆,交通西路火车站出站口旁,贵州省,六盘水市,,住宿服务;住宿服务相关;住宿服务相关,100000,B0G1DLJBLW,住宿服务,住宿服务相关,住宿服务相关,
105.58465510579838,26.132752222050577,洛居客栈,[],贵州省,六盘水市,,住宿服务;旅馆招待所;旅馆招待所,100200,B0K3A16VHF,住宿服务,旅馆招待所,旅馆招待所,
105.58335625032568,26.131153569293204,六盘水逸爽大酒店,102省道附近(落别高速公路出口),贵州省,六盘水市,,住宿服务;宾馆酒店;宾馆酒店,100100,B0FFJ30M2H,住宿服务,宾馆酒店,宾馆酒店,
105.45622906748977,26.231582777176705,六盘水东方商务酒店,交通西路钻石钱柜KTV斜对面,贵州省,六盘水市,,住宿服务;住宿服务相关;住宿服务相关,100000,B0FFG97YL1,住宿服务,住宿服务相关,住宿服务相关,
105.45634407752887,26.235687414075763,八满格民宿,鲤上网来·渔具店北100米,贵州省,六盘水市,,住宿服务;旅馆招待所;旅馆招待所,100200,B0LKN1QYS6,住宿服务,旅馆招待所,旅馆招待所,
105.42450950173892,26.260603441978194,六盘水金江民宿,西互通延长线实验幼儿园东南方向约130米,贵州省,六盘水市,,住宿服务;住宿服务相关;住宿服务相关,100000,B0L2V78N8O,住宿服务,住宿服务相关,住宿服务相关,
105.41769052178898,26.25990526129884,溪水涧酒店,新窑镇那玉村那七组美锦华宇正大门东面,贵州省,六盘水市,,住宿服务;旅馆招待所;旅馆招待所,100200,B0K13ZW7YD,住宿服务,旅馆招待所,旅馆招待所,
105.67729272218202,26.18587273587214,岗都宾馆,木岗镇木岗场村丽都KTV南20米,贵州省,六盘水市,,住宿服务;宾馆酒店;宾馆酒店,100100,B0LBRRCC1P,住宿服务,宾馆酒店,宾馆酒店,
105.35506776062861,26.084091372786798,六盘水铂逸度假酒店,郎岱镇十里大街百草园对面,贵州省,六盘水市,,住宿服务;宾馆酒店;宾馆酒店,100100,B0LBLCODA7,住宿服务,宾馆酒店,宾馆酒店,
105.35013287845973,26.08744459095755,六盘水林怡轩客栈,郎岱镇晴新路(文峰广场),贵州省,六盘水市,,住宿服务;旅馆招待所;旅馆招待所,100200,B0FFKHHBKH,住宿服务,旅馆招待所,旅馆招待所,
105.34608703265278,26.09075070277007,土司府民宿,郎岱镇后营村迎祥广场迎祥食府北90米,贵州省,六盘水市,,住宿服务;住宿服务相关;住宿服务相关,100000,B0GRO152JA,住宿服务,住宿服务相关,住宿服务相关,
105.34794100513966,26.086628734060646,六盘水印象酒店,郎岱镇十里大街灯光球场正对面,贵州省,六盘水市,,住宿服务;住宿服务相关;住宿服务相关,100000,B0FFHEOAGT,住宿服务,住宿服务相关,住宿服务相关,
105.3414324986868,26.089753288839198,郎岱宾馆,六盘水市六枝特区郎岱镇十里大街朝阳南路,贵州省,六盘水市,,住宿服务;住宿服务相关;住宿服务相关,100000,B0FFJ49RAQ,住宿服务,住宿服务相关,住宿服务相关,
105.33835453196218,26.090447377972577,汇缘台球民宿,郎岱镇大广发超市旁,贵州省,六盘水市,,住宿服务;宾馆酒店;宾馆酒店,100100,B0JK1UJFCZ,住宿服务,宾馆酒店,宾馆酒店,
105.39885893361202,26.34746845704281,六盘水岩脚祺睿大酒店,岩脚镇新城大道,贵州省,六盘水市,,住宿服务;宾馆酒店;宾馆酒店,100100,B0I66COK8X,住宿服务,宾馆酒店,宾馆酒店,
105.39865713956517,26.34677314192844,强隆大酒店(岩脚镇店),019县道,贵州省,六盘水市,,住宿服务;住宿服务相关;住宿服务相关,100000,B0M6CUUYAI,住宿服务,住宿服务相关,住宿服务相关,
105.39591574246418,26.34522662428665,六盘水雲和酒店,岩脚镇新城大道雲和酒店,贵州省,六盘水市,,住宿服务;宾馆酒店;宾馆酒店,100100,B0FFHX5BX8,住宿服务,宾馆酒店,宾馆酒店,
105.39873607061874,26.34680915779322,祥悦酒店,岩脚镇新城大道玉满堂旁,贵州省,六盘水市,,住宿服务;宾馆酒店;宾馆酒店,100100,B0JBCCJN4Q,住宿服务,宾馆酒店,宾馆酒店,
105.39550415404923,26.345223679285212,六盘水民圣精品酒店,岩脚镇新城大道中段十字路口,贵州省,六盘水市,,住宿服务;宾馆酒店;宾馆酒店,100100,B0FFGAXJPW,住宿服务,宾馆酒店,宾馆酒店,
105.38321248515294,26.339717123536122,桃花客栈,岩脚镇太和村一组竞艺钱多装饰南70米,贵州省,六盘水市,,住宿服务;旅馆招待所;旅馆招待所,100200,B0KGVZHLA0,住宿服务,旅馆招待所,旅馆招待所,

