lon,lat,name,address,pname,cityname,business_area,type,typecode,id,type1,type2,type3,type4
104.53751537249741,26.651341955444632,刘家羊汤锅,龙场镇龙场中心幼儿园岔路口直行50米,贵州省,毕节市,,餐饮服务;中餐厅;中餐厅,050100,B0GK7U1QNI,餐饮服务,中餐厅,中餐厅,
104.58241944578795,26.65828441178193,河块果子,[],贵州省,毕节市,,餐饮服务;餐饮相关场所;餐饮相关,050000,B0LK6HKFWQ,餐饮服务,餐饮相关场所,餐饮相关,
104.53481018843974,26.650117353097485,徐树兰小吃店,和兴医院东侧170米,贵州省,毕节市,,餐饮服务;中餐厅;中餐厅,050100,B0KR6126R6,餐饮服务,中餐厅,中餐厅,
104.53905141174508,26.646699344739805,龙场元娅小馄饨,龙场镇卫生院东南侧90米,贵州省,毕节市,,餐饮服务;中餐厅;特色/地方风味餐厅,050118,B0L251DE6D,餐饮服务,中餐厅,特色/地方风味餐厅,
104.53993603228606,26.64636137795312,悦茶,龙场镇政府北侧60米,贵州省,毕节市,,餐饮服务;冷饮店;冷饮店,050700,B0L05CTCLZ,餐饮服务,冷饮店,冷饮店,
104.5382729830153,26.6464695077304,大桂柠檬茶,龙场镇,贵州省,毕节市,,餐饮服务;冷饮店;冷饮店,050700,B0KBSLFW2Y,餐饮服务,冷饮店,冷饮店,
104.53861962690769,26.646444321362846,小镇时光,龙场镇卫生院东侧80米,贵州省,毕节市,,餐饮服务;餐饮相关场所;餐饮相关,050000,B0KDP54ZGJ,餐饮服务,餐饮相关场所,餐饮相关,
104.53728210456592,26.64691118117958,黔睿羊肉粉,龙场镇,贵州省,毕节市,,餐饮服务;中餐厅;中餐厅,050100,B0KKACTDRW,餐饮服务,中餐厅,中餐厅,
104.53828802112137,26.646210529451523,古月堂火锅坊,威宁县龙场镇邮政对面,贵州省,毕节市,,餐饮服务;中餐厅;火锅店,050117,B0HDZA032Q,餐饮服务,中餐厅,火锅店,
104.53806759885018,26.646501024799008,吴记烙锅烤鱼,龙场镇卫生院西南侧120米,贵州省,毕节市,,餐饮服务;中餐厅;中餐厅,050100,B0L04LZDH1,餐饮服务,中餐厅,中餐厅,
104.53801550077833,26.646518902614226,雄卫羊肉粉面馆,689县道东北侧,贵州省,毕节市,,餐饮服务;中餐厅;中餐厅,050100,B0G109IBEP,餐饮服务,中餐厅,中餐厅,
104.5384533358964,26.646012907970263,威宁县天香一品蛋糕店,龙场镇政府三岔路口,贵州省,毕节市,,餐饮服务;糕饼店;糕饼店,050800,B0JDPUOPX4,餐饮服务,糕饼店,糕饼店,
104.53878094914312,26.645817666027046,马氏清真餐馆,龙场镇政府三岔路口往政府方向150米,贵州省,毕节市,,餐饮服务;中餐厅;清真菜馆,050121,B0LG774KOR,餐饮服务,中餐厅,清真菜馆,
104.53865471543725,26.645838371414673,巧儿重庆火锅,威宁县龙场政府三岔路,贵州省,毕节市,,餐饮服务;中餐厅;火锅店,050117,B0JUYHQDAF,餐饮服务,中餐厅,火锅店,
104.53983288507813,26.645370086973593,乌江片片鱼(道场分店),龙场镇退役军人服务站西侧,贵州省,毕节市,,餐饮服务;中餐厅;中餐厅,050100,B0L0Z6DF3R,餐饮服务,中餐厅,中餐厅,
104.53300256932746,26.649792847764328,小刘川菜馆,龙丰村合兴医院旁,贵州省,毕节市,,餐饮服务;中餐厅;四川菜(川菜),050102,B0FFMCK7IU,餐饮服务,中餐厅,四川菜(川菜),
104.5372279998817,26.646964054783222,源粉,龙场镇卫生院西侧150米,贵州省,毕节市,,餐饮服务;中餐厅;中餐厅,050100,B0LKXCOQSX,餐饮服务,中餐厅,中餐厅,
104.53126590943569,26.65164953817529,兰琳餐饮,和兴医院西北侧260米,贵州省,毕节市,,餐饮服务;中餐厅;中餐厅,050100,B0MBD6F3F3,餐饮服务,中餐厅,中餐厅,
104.53963251691182,26.645519632004394,安彝特色烤小肠,龙场镇退役军人服务站西侧50米,贵州省,毕节市,,餐饮服务;中餐厅;中餐厅,050100,B0L0JKEGFA,餐饮服务,中餐厅,中餐厅,
104.53858056942785,26.64606720971746,便民早餐,龙场镇政府西侧130米,贵州省,毕节市,,餐饮服务;中餐厅;中餐厅,050100,B0L1TY2504,餐饮服务,中餐厅,中餐厅,
104.53235423097658,26.650053228141967,李氏伊阁园清真餐馆,689县道,贵州省,毕节市,,餐饮服务;中餐厅;清真菜馆,050121,B0KAF9P31Q,餐饮服务,中餐厅,清真菜馆,
104.53970566165269,26.645204784121127,拾光小屋饮吧,龙场镇镇政府斜对面,贵州省,毕节市,,餐饮服务;冷饮店;冷饮店,050700,B0JDBS8XPX,餐饮服务,冷饮店,冷饮店,
104.5330526818891,26.649525960477664,东森餐馆,龙场镇龙丰社区,贵州省,毕节市,,餐饮服务;中餐厅;中餐厅,050100,B0IBGCNV5R,餐饮服务,中餐厅,中餐厅,
104.53863267980883,26.645708312760785,满嘴香烧烤,龙场镇政府西侧120米,贵州省,毕节市,,餐饮服务;中餐厅;特色/地方风味餐厅,050118,B0JAOBTNDH,餐饮服务,中餐厅,特色/地方风味餐厅,
104.53898133329011,26.645418112918065,巧翰螺蛳粉,威宁彝族回族苗族自治县人民法院龙场人民法庭西南侧,贵州省,毕节市,,餐饮服务;中餐厅;中餐厅,050100,B0I2PAAEFN,餐饮服务,中餐厅,中餐厅,
104.53778207221816,26.646291337895534,把食小吃,龙场镇卫生院西南侧150米,贵州省,毕节市,,餐饮服务;中餐厅;中餐厅,050100,B0L0PL180J,餐饮服务,中餐厅,中餐厅,
104.53091516783215,26.65179864728333,雅尊食府,圆通快递东南侧150米,贵州省,毕节市,,餐饮服务;中餐厅;中餐厅,050100,B0LKDOP0K4,餐饮服务,中餐厅,中餐厅,
104.5330727241505,26.649489008922007,举庆羊肉粉馆,"689县道,龙场镇",贵州省,毕节市,,餐饮服务;中餐厅;中餐厅,050100,B0K2SD51CT,餐饮服务,中餐厅,中餐厅,
104.53883104139861,26.645817783246056,昭通璟柠小肉串,威宁彝族回族苗族自治县人民法院龙场人民法庭西北侧50米,贵州省,毕节市,,餐饮服务;中餐厅;中餐厅,050100,B0M6S73XG5,餐饮服务,中餐厅,中餐厅,
104.53803956241994,26.646092936922166,好先生,龙场镇卫生院西南侧160米,贵州省,毕节市,,餐饮服务;餐饮相关场所;餐饮相关,050000,B0M6SY39DA,餐饮服务,餐饮相关场所,餐饮相关,
104.53820788053311,26.64599032882753,五湖餐馆,龙场镇政府西侧170米,贵州省,毕节市,,餐饮服务;中餐厅;中餐厅,050100,B0LKUBU77R,餐饮服务,中餐厅,中餐厅,
104.53722800968033,26.646714041734626,彦兵烧烤烤鱼,龙场镇卫生院西南侧160米,贵州省,毕节市,,餐饮服务;中餐厅;特色/地方风味餐厅,050118,B0LK49XJ9Z,餐饮服务,中餐厅,特色/地方风味餐厅,
104.53872184721638,26.64563751795141,禧洋洋羊肉粉,龙场镇政府西侧110米,贵州省,毕节市,,餐饮服务;中餐厅;中餐厅,050100,B0KDP535ZU,餐饮服务,中餐厅,中餐厅,
104.53131804262831,26.6510336427574,喜力茶,689县道龙场镇街上喜力茶,贵州省,毕节市,,餐饮服务;冷饮店;冷饮店,050700,B0LDMUEFXJ,餐饮服务,冷饮店,冷饮店,
104.53782915967447,26.646315450795665,满满香蛋糕店,龙场镇卫生院西南侧150米,贵州省,毕节市,,餐饮服务;糕饼店;糕饼店,050800,B0LKJL2U2D,餐饮服务,糕饼店,糕饼店,
104.53491347625005,26.64798450152098,夏记冷饮批发部,689县道东北侧,贵州省,毕节市,,餐饮服务;餐饮相关场所;餐饮相关,050000,B0G2M1YPL1,餐饮服务,餐饮相关场所,餐饮相关,
104.53765883600599,26.646406051513686,乌蒙向会羊肉粉,龙场镇卫生院西南侧150米,贵州省,毕节市,,餐饮服务;餐饮相关场所;餐饮相关,050000,B0M6BMG019,餐饮服务,餐饮相关场所,餐饮相关,
104.53702762680784,26.646763565231538,小段包子铺,龙场镇卫生院西侧180米,贵州省,毕节市,,餐饮服务;中餐厅;中餐厅,050100,B0LKPC04VQ,餐饮服务,中餐厅,中餐厅,
104.53501167707668,26.64780773351846,萝卜丝酸汤猪脚火锅,龙场镇龙丰社区退役军人服务站北侧230米,贵州省,毕节市,,餐饮服务;中餐厅;火锅店,050117,B0KDPH1G6J,餐饮服务,中餐厅,火锅店,
104.53777906563272,26.646315332037396,赵三金烤鸭卤味,龙场镇卫生院西南侧150米,贵州省,毕节市,,餐饮服务;餐饮相关场所;餐饮相关,050000,B0L2M7YV7B,餐饮服务,餐饮相关场所,餐饮相关,
104.53136613663273,26.651199773299506,邓家烧烤,和兴医院西北侧210米,贵州省,毕节市,,餐饮服务;中餐厅;特色/地方风味餐厅,050118,B0M69HBB28,餐饮服务,中餐厅,特色/地方风味餐厅,
104.53822191931533,26.64566734461786,品羊羊肉粉,689县道,贵州省,毕节市,,餐饮服务;中餐厅;中餐厅,050100,B0K6G50J9X,餐饮服务,中餐厅,中餐厅,
104.53326613578639,26.64901847013929,好地方特色火腿粉,689县道,贵州省,毕节市,,餐饮服务;中餐厅;中餐厅,050100,B0FFJIY6YA,餐饮服务,中餐厅,中餐厅,
104.538310082642,26.645686553410847,串小鲜烧烤,龙场镇政府西侧150米,贵州省,毕节市,,餐饮服务;中餐厅;特色/地方风味餐厅,050118,B0M6ORN1A8,餐饮服务,中餐厅,特色/地方风味餐厅,
104.53737830228522,26.646514389785974,路缘餐馆,龙场镇卫生院西南侧160米,贵州省,毕节市,,餐饮服务;中餐厅;中餐厅,050100,B0LBY6AAKC,餐饮服务,中餐厅,中餐厅,
104.53837119981489,26.645594692348634,勇聪小吃店,698县道,贵州省,毕节市,,餐饮服务;中餐厅;中餐厅,050100,B0KKZNRGSK,餐饮服务,中餐厅,中餐厅,
104.53967260213503,26.645196707233932,木桶鱼,龙场镇退役军人服务站西侧50米,贵州省,毕节市,,餐饮服务;中餐厅;中餐厅,050100,B0L0SGIDEZ,餐饮服务,中餐厅,中餐厅,
104.53868077023753,26.645667423311238,食味坊,龙场镇政府西侧120米,贵州省,毕节市,,餐饮服务;中餐厅;中餐厅,050100,B0M6YRSZ5W,餐饮服务,中餐厅,中餐厅,
104.53868077023753,26.645667423311238,铭宸火锅粉面馆,威宁彝族回族苗族自治县人民法院龙场人民法庭西侧60米,贵州省,毕节市,,餐饮服务;中餐厅;火锅店,050117,B0MBL5T3L7,餐饮服务,中餐厅,火锅店,
104.53281919904788,26.649690382314745,麦7m(X689店),和兴医院西南侧,贵州省,毕节市,,餐饮服务;糕饼店;糕饼店,050800,B0L0AKA9FN,餐饮服务,糕饼店,糕饼店,
104.53124389646963,26.65080544262882,避风塘(689县道店),689县道西南侧,贵州省,毕节市,,餐饮服务;中餐厅;特色/地方风味餐厅,050118,B0G2OAEF3X,餐饮服务,中餐厅,特色/地方风味餐厅,
104.53171588694877,26.650652638701562,三品三奶茶店,创宇广告有限公司东侧,贵州省,毕节市,,餐饮服务;冷饮店;冷饮店,050700,B0JKC9EQ8J,餐饮服务,冷饮店,冷饮店,
104.53389242417775,26.64842100164223,凯里酸汤鱼粉,和兴医院东南侧180米,贵州省,毕节市,,餐饮服务;中餐厅;中餐厅,050100,B0KDP56035,餐饮服务,中餐厅,中餐厅,
104.53293144591561,26.649240642327467,金昌羊汤锅,龙场镇信用社岔路口,贵州省,毕节市,,餐饮服务;中餐厅;中餐厅,050100,B0KR610C8G,餐饮服务,中餐厅,中餐厅,
104.53484334623691,26.64776331798126,小唐家薯香烙锅,龙场镇龙丰社区退役军人服务站北侧230米,贵州省,毕节市,,餐饮服务;中餐厅;中餐厅,050100,B0L0HPP192,餐饮服务,中餐厅,中餐厅,
104.53319801232607,26.648638280774524,清真李氏干锅牛肉,龙场镇龙场街上韦家弯弯,贵州省,毕节市,,餐饮服务;餐饮相关场所;餐饮相关,050000,B0H2975HE7,餐饮服务,餐饮相关场所,餐饮相关,
104.53341746523061,26.648440819604236,一碗鲜羊肉粉,龙场镇龙丰社区韦家弯弯,贵州省,毕节市,,餐饮服务;餐饮相关场所;餐饮相关,050000,B0L0URWI84,餐饮服务,餐饮相关场所,餐饮相关,
104.53322005683735,26.64864533630597,牛不二,和兴医院南侧140米,贵州省,毕节市,,餐饮服务;餐饮相关场所;餐饮相关,050000,B0M6YYR2QW,餐饮服务,餐饮相关场所,餐饮相关,
104.5331449155583,26.648353133523564,黔坤羊肉粉(龙场店),龙场镇龙丰村龙丰组韦家湾湾,贵州省,毕节市,,餐饮服务;中餐厅;中餐厅,050100,B0LK078CHG,餐饮服务,中餐厅,中餐厅,
104.5379033283553,26.645558586012534,云之家食府,威宁彝族回族苗族自治县人民法院龙场人民法庭西侧140米,贵州省,毕节市,,餐饮服务;中餐厅;中餐厅,050100,B0HAK9JM6A,餐饮服务,中餐厅,中餐厅,
104.53296954271049,26.64875371387039,安逸家羊肉粉,和兴医院南侧120米,贵州省,毕节市,,餐饮服务;中餐厅;中餐厅,050100,B0LDFUVRIX,餐饮服务,中餐厅,中餐厅,
104.53906352088036,26.644475253047005,香正楼餐馆,龙丰村大庆组,贵州省,毕节市,,餐饮服务;中餐厅;火锅店,050117,B0HKUATQO2,餐饮服务,中餐厅,火锅店,
104.5335006520973,26.64796800338054,圆美蛋糕房,龙场镇镇韦家弯弯往卖鸡处10米恒香烤鱼烙锅旁边,贵州省,毕节市,,餐饮服务;糕饼店;糕饼店,050800,B0FFLEWQ0A,餐饮服务,糕饼店,糕饼店,
104.5335507449734,26.648182139181106,羊肉粉·羊汤锅,魏忽干货店北侧,贵州省,毕节市,,餐饮服务;中餐厅;中餐厅,050100,B0L0TOBVJ4,餐饮服务,中餐厅,中餐厅,
104.53249055228002,26.649008521323907,豆米火锅店,和兴医院西南侧110米,贵州省,毕节市,,餐饮服务;中餐厅;火锅店,050117,B0L1OOPEGZ,餐饮服务,中餐厅,火锅店,
104.52300355953484,26.654034709657175,豆米圆子火锅,龙场高端饲料养殖服务站西侧,贵州省,毕节市,,餐饮服务;餐饮相关场所;餐饮相关,050000,B0L30RKZYB,餐饮服务,餐饮相关场所,餐饮相关,
104.59945739294656,26.700688355760846,卜秋乐,箐林社区居民委员会南侧250米,贵州省,毕节市,,餐饮服务;餐饮相关场所;餐饮相关,050000,B0L037DEJ1,餐饮服务,餐饮相关场所,餐饮相关,
104.50095691249476,26.710649022442407,牛卍犇干锅牛肉,开嘎小学西北侧140米,贵州省,毕节市,,餐饮服务;中餐厅;中餐厅,050100,B0L3GHHI8R,餐饮服务,中餐厅,中餐厅,
104.50078945036847,26.71116350504766,揉揉蛋糕坊,龙场镇开嘎社区退役军人服务站东南侧130米,贵州省,毕节市,,餐饮服务;糕饼店;糕饼店,050800,B0MB75PE50,餐饮服务,糕饼店,糕饼店,
104.6116404300726,26.718382685187255,马大姐烧烤,356国道西南侧,贵州省,毕节市,,餐饮服务;中餐厅;特色/地方风味餐厅,050118,B0KRKD4VJF,餐饮服务,中餐厅,特色/地方风味餐厅,
104.62801684073558,26.70347315497969,伊穆家园餐馆,G356省道附近,贵州省,毕节市,,餐饮服务;中餐厅;清真菜馆,050121,B0FFIIX250,餐饮服务,中餐厅,清真菜馆,
104.6303823819082,26.702403131641862,长松穆斯林饭店住宿,102省道,贵州省,毕节市,,餐饮服务;餐饮相关场所;餐饮相关,050000,B0GRTUFWSG,餐饮服务,餐饮相关场所,餐饮相关,
104.63506536112314,26.64145441233679,中寨村承鑫酒楼,新发乡中寨村中营组,贵州省,毕节市,,餐饮服务;中餐厅;综合酒楼,050101,B0L3YAIKY3,餐饮服务,中餐厅,综合酒楼,
104.54243706725342,26.757611216991197,正宗黑山羊羊肉粉,356国道南侧,贵州省,毕节市,,餐饮服务;中餐厅;中餐厅,050100,B0HKPU9EO1,餐饮服务,中餐厅,中餐厅,
104.54293190354734,26.757726303992243,芸豆老猪脚粉,艾家坪村村委会西侧100米,贵州省,毕节市,,餐饮服务;中餐厅;中餐厅,050100,B0JRH5K2VP,餐饮服务,中餐厅,中餐厅,
104.44061712870682,26.629730978350793,鑫盛源牛菜馆,双河乡豁戛街三棵树,云南省,曲靖市,,餐饮服务;中餐厅;特色/地方风味餐厅,050118,B0L0BUUYZU,餐饮服务,中餐厅,特色/地方风味餐厅,
104.65475277003868,26.744315063162535,偶遇纸包鱼烤鱼,二塘镇新政府下面星烨超市对面,贵州省,毕节市,,餐饮服务;餐饮相关场所;餐饮相关,050000,B0HB6ZLOEI,餐饮服务,餐饮相关场所,餐饮相关,
104.65444369543644,26.744074644113006,刘记清真园,二塘镇政府下面100米,贵州省,毕节市,,餐饮服务;中餐厅;清真菜馆,050121,B0G2GSMTHX,餐饮服务,中餐厅,清真菜馆,
104.65620643350262,26.744606372373124,伴糖奶茶(二塘店),二塘镇茶山村桥头,贵州省,毕节市,,餐饮服务;休闲餐饮场所;休闲餐饮场所,050400,B0IUJZKLY8,餐饮服务,休闲餐饮场所,休闲餐饮场所,
104.65602997207935,26.74430771799478,街口友奶茶店(二塘镇),镇府路,贵州省,毕节市,,餐饮服务;冷饮店;冷饮店,050700,B0KUHCK5NO,餐饮服务,冷饮店,冷饮店,
104.65583653632102,26.74461605363672,今朝醉烙锅城,韭菜坪大道,贵州省,毕节市,,餐饮服务;中餐厅;中餐厅,050100,B0LAFL010H,餐饮服务,中餐厅,中餐厅,
104.6558734263012,26.744617985564457,桥头牛肉,二塘镇白滩西河边上桥头牛肉,贵州省,毕节市,,餐饮服务;中餐厅;中餐厅,050100,B0HKAZFTZH,餐饮服务,中餐厅,中餐厅,
104.65733007583803,26.74449829947744,西米·烘焙,二塘镇卫生院西南侧110米,贵州省,毕节市,,餐饮服务;糕饼店;糕饼店,050800,B0K2H4BHTM,餐饮服务,糕饼店,糕饼店,
104.65719348535801,26.744498553005595,黔之滇火锅,212省道,贵州省,毕节市,,餐饮服务;中餐厅;火锅店,050117,B0I0JS5V9C,餐饮服务,中餐厅,火锅店,
104.65739384323336,26.745521111482354,福满楼(原八筒餐馆),新合村白滩坝,贵州省,毕节市,,餐饮服务;中餐厅;中餐厅,050100,B0G117DS1Y,餐饮服务,中餐厅,中餐厅,
104.5335096676637,26.648036029327105,恒香烤鱼烙锅(暂停营业),龙场镇韦家湾往卖鸡处20米,贵州省,毕节市,,餐饮服务;中餐厅;四川菜(川菜),050102,B0FFLHJ7J9,餐饮服务,中餐厅,四川菜(川菜),
104.65750853777367,26.74456396350532,名羊四季羊肉馆,212省道,贵州省,毕节市,,餐饮服务;中餐厅;中餐厅,050100,B0GK1CYPAM,餐饮服务,中餐厅,中餐厅,
104.65788441905529,26.744311281237508,清真牛肉馆,212省道,贵州省,毕节市,,餐饮服务;中餐厅;清真菜馆,050121,B0I0JS3XZO,餐饮服务,中餐厅,清真菜馆,
104.65747761021652,26.745067986812515,(豪羊气)水城羊肉粉,水城羊肉粉(新合店),贵州省,毕节市,,餐饮服务;中餐厅;中餐厅,050100,B0L3CHJ8TA,餐饮服务,中餐厅,中餐厅,
104.65753842926618,26.7450288764345,范家酸汤鱼粉,212省道,贵州省,毕节市,,餐饮服务;中餐厅;中餐厅,050100,B0LGN7UAKM,餐饮服务,中餐厅,中餐厅,
104.65997117521646,26.74302446198071,乡味村夫烤鱼,[],贵州省,毕节市,,餐饮服务;中餐厅;中餐厅,050100,B0KKR5SBSL,餐饮服务,中餐厅,中餐厅,
104.65907286522615,26.743665105046745,家园小吃店,二塘镇卫生院东南侧220米,贵州省,毕节市,,餐饮服务;中餐厅;中餐厅,050100,B0L3AZQCGG,餐饮服务,中餐厅,中餐厅,
104.65777967023278,26.745884369097503,国会芸豆老猪脚粉,水岸新城焦煤大道,贵州省,毕节市,,餐饮服务;餐饮相关场所;餐饮相关,050000,B0GK7H0K3Y,餐饮服务,餐饮相关场所,餐饮相关,
104.64778249194727,26.75792346727708,盘州带皮牛肉馆(大湾分店),大湾镇韭菜坪大道白族新村,贵州省,六盘水市,,餐饮服务;中餐厅;中餐厅,050100,B0J13RNX99,餐饮服务,中餐厅,中餐厅,
104.64967913280806,26.756163301784085,盘县普田铜锅牛肉馆,大湾镇白族新村小广场旁边,贵州省,六盘水市,,餐饮服务;中餐厅;中餐厅,050100,B0K3TUQO6V,餐饮服务,中餐厅,中餐厅,
104.64564145770976,26.759804971311087,食源羊汤锅粉,韭菜坪大道13号,贵州省,六盘水市,,餐饮服务;中餐厅;中餐厅,050100,B0IKRRPSYO,餐饮服务,中餐厅,中餐厅,
104.64849546853208,26.75768724986008,鲍记豆米火锅,大湾镇白族新村,贵州省,六盘水市,,餐饮服务;中餐厅;火锅店,050117,B0H1U5XOF5,餐饮服务,中餐厅,火锅店,
104.54440809009883,26.7900013313665,聚泉福餐馆,东风镇梯田村四组,贵州省,毕节市,,餐饮服务;中餐厅;中餐厅,050100,B0LB4C6PC0,餐饮服务,中餐厅,中餐厅,
104.65973770039811,26.74750759442102,起点家常馆,二塘镇新政府旁边,贵州省,毕节市,,餐饮服务;中餐厅;中餐厅,050100,B0FFG2TYU9,餐饮服务,中餐厅,中餐厅,
104.64576211975216,26.759807766979364,多味烧洋芋,大湾镇白族新村,贵州省,六盘水市,,餐饮服务;餐饮相关场所;餐饮相关,050000,B0I0UD7JHD,餐饮服务,餐饮相关场所,餐饮相关,
104.64576211975216,26.759807766979364,多味烧洋芋,大湾镇白族新村,贵州省,六盘水市,,餐饮服务;餐饮相关场所;餐饮相关,050000,B0I0UD7JHD,餐饮服务,餐饮相关场所,餐饮相关,
104.64842964862817,26.757886348046068,牛鼎记红豆牛肉火锅,二塘镇白族新区,贵州省,六盘水市,,餐饮服务;中餐厅;火锅店,050117,B0M6YLU0H6,餐饮服务,中餐厅,火锅店,
104.64953054914535,26.756450539958735,梅花山赵家羊肉馆一分店,韭菜坪大道13号,贵州省,六盘水市,,餐饮服务;中餐厅;中餐厅,050100,B0L2UHEUS0,餐饮服务,中餐厅,中餐厅,
104.65684725581224,26.751096725564587,盘县普田清真牛肉馆(大湾出口),大湾镇高速出口达安驾校对面,贵州省,六盘水市,,餐饮服务;中餐厅;清真菜馆,050121,B0LRZR2IDW,餐饮服务,中餐厅,清真菜馆,
104.65942163570979,26.748014151575045,运荣荷城羊肉粉馆,中国信合(二塘信用社)东侧,贵州省,毕节市,,餐饮服务;中餐厅;中餐厅,050100,B0M6LH5EHV,餐饮服务,中餐厅,中餐厅,
104.6484943766068,26.760052054763886,萧记鸿宇阁辣子鸡,大湾镇开化社区检查站路囗往下左100米,贵州省,六盘水市,,餐饮服务;中餐厅;中餐厅,050100,B0G0XSZI7M,餐饮服务,中餐厅,中餐厅,
104.64835875267691,26.7603362666052,十八年老牌子茨冲鸡火锅,大湾镇开化社区三组钟山一矿岔路口往右100米,贵州省,六盘水市,,餐饮服务;中餐厅;火锅店,050117,B0FFG2T5QA,餐饮服务,中餐厅,火锅店,
104.64783923168248,26.76038416342355,锦田宴,韭菜坪大道13号,贵州省,六盘水市,,餐饮服务;中餐厅;中餐厅,050100,B0KKN6LR6W,餐饮服务,中餐厅,中餐厅,
104.64896004783157,26.759941251757613,庞呈本地老猪脚火锅,212省道北侧,贵州省,六盘水市,,餐饮服务;中餐厅;火锅店,050117,B0IGGMTCXP,餐饮服务,中餐厅,火锅店,
104.64940977246623,26.75953849779904,盘县普田铜锅牛肉馆东风三分店,韭菜坪大道13号,贵州省,六盘水市,,餐饮服务;中餐厅;中餐厅,050100,B0L2ZM2RDO,餐饮服务,中餐厅,中餐厅,
104.64838368408624,26.76027122877763,龚玲土砂锅粉馆,[],贵州省,六盘水市,,餐饮服务;中餐厅;中餐厅,050100,B0KU6NXY70,餐饮服务,中餐厅,中餐厅,
104.64288488740601,26.76474112783992,糕幸一点,韭菜坪大道14号,贵州省,六盘水市,,餐饮服务;糕饼店;糕饼店,050800,B0L1RAAV45,餐饮服务,糕饼店,糕饼店,
104.64802667113332,26.761052781875684,脆皮猪脚火锅,大湾镇开化村钟山一矿岔路口,贵州省,六盘水市,,餐饮服务;中餐厅;火锅店,050117,B0KUR5WE0S,餐饮服务,中餐厅,火锅店,
104.61735299226869,26.780874667252004,大湾羊肉粉(总店),大湾火车站旁,贵州省,六盘水市,,餐饮服务;中餐厅;中餐厅,050100,B0I6XSCH6K,餐饮服务,中餐厅,中餐厅,
104.6396162871649,26.57400150604477,盘县普田清真铜锅牛肉馆,新发乡开坪街上三岔路口,贵州省,毕节市,,餐饮服务;中餐厅;清真菜馆,050121,B0FFMGKIEU,餐饮服务,中餐厅,清真菜馆,
104.61748973410823,26.78092653953385,包里有味,大湾镇火车站,贵州省,六盘水市,,餐饮服务;餐饮相关场所;餐饮相关,050000,B0IUMOOZZZ,餐饮服务,餐饮相关场所,餐饮相关,
104.63848926935944,26.573545184670817,蕊蕊糕点,新发乡中学门口左对面,贵州省,毕节市,,餐饮服务;糕饼店;糕饼店,050800,B0FFMDQK8P,餐饮服务,糕饼店,糕饼店,
104.63913356514601,26.57389724244149,尝回头羊肉粉,新发乡中学东侧100米,贵州省,毕节市,,餐饮服务;快餐厅;快餐厅,050300,B0FFMHJWRV,餐饮服务,快餐厅,快餐厅,
104.63928217307851,26.573912013712167,高记大排粉馆,新发乡中学东侧120米,贵州省,毕节市,,餐饮服务;中餐厅;中餐厅,050100,B0KRD7EXV9,餐饮服务,中餐厅,中餐厅,
104.57909247907429,26.793116270625696,老陈家羊汤锅(总店),东风镇滨河大道39-1(东风镇农贸市场门口),贵州省,毕节市,,餐饮服务;中餐厅;中餐厅,050100,B0JUZD5GJA,餐饮服务,中餐厅,中餐厅,
104.62006477727597,26.780638143181406,唐家羊肉粉,212省道西北侧,贵州省,六盘水市,,餐饮服务;快餐厅;快餐厅,050300,B0HK0RD5W9,餐饮服务,快餐厅,快餐厅,
104.57825345549081,26.793283616364533,丽客友家常菜馆,东风镇元木村三组43栋交警七中队旁边,贵州省,毕节市,,餐饮服务;中餐厅;中餐厅,050100,B0LDLXTK78,餐饮服务,中餐厅,中餐厅,
104.63839360430214,26.571403005093114,陆安酒店,新民乡街上农村信用社边上抬头就能看到酒楼和宾馆招牌,贵州省,毕节市,,餐饮服务;中餐厅;四川菜(川菜),050102,B0GUHUSH0M,餐饮服务,中餐厅,四川菜(川菜),
104.57884247701925,26.79313608256547,滟徐砂锅粉,777县道,贵州省,毕节市,,餐饮服务;中餐厅;中餐厅,050100,B0IDBLNMNN,餐饮服务,中餐厅,中餐厅,
104.61957471405266,26.781391542950967,有吃有味老鸭汤,石化二塘站加油站(大湾镇)西北侧90米,贵州省,六盘水市,,餐饮服务;中餐厅;中餐厅,050100,B0JRDRCAWZ,餐饮服务,中餐厅,中餐厅,
104.6516092795585,26.762574339313808,鸿府宴,大湾镇比女街停车场,贵州省,六盘水市,,餐饮服务;中餐厅;中餐厅,050100,B0JD55C7LW,餐饮服务,中餐厅,中餐厅,
104.63576330096208,26.7745702768766,清真昭通小肉串欲望烧烤,韭菜坪大道13号,贵州省,六盘水市,,餐饮服务;中餐厅;清真菜馆,050121,B0KAYAP92N,餐饮服务,中餐厅,清真菜馆,
104.63920553809655,26.569802503004205,何记全羊汤锅,新发乡联合村海尔专卖店过来一百米,贵州省,毕节市,,餐饮服务;中餐厅;中餐厅,050100,B0JBDSYT4M,餐饮服务,中餐厅,中餐厅,
104.63645254059826,26.774628251698733,昌盛牛肉馆,幸福路,贵州省,六盘水市,,餐饮服务;中餐厅;中餐厅,050100,B0L1SHPNHL,餐饮服务,中餐厅,中餐厅,
104.63605744596227,26.77723857265799,书亦烧仙草(六盘水大湾镇店),大湾镇韭菜坪道北侧A1-1,贵州省,六盘水市,,餐饮服务;休闲餐饮场所;休闲餐饮场所,050400,B0L2RCN7Q1,餐饮服务,休闲餐饮场所,休闲餐饮场所,
104.65426646683619,26.76274152440462,宣威味道,比女街生态园精品酒店东侧100米,贵州省,六盘水市,,餐饮服务;中餐厅;中餐厅,050100,B0LD25Q5OK,餐饮服务,中餐厅,中餐厅,
104.63580811748334,26.77631503482194,贝克汉堡(六盘水市大湾镇万昌广场店),幸福路与文化路交叉口西南240米,贵州省,六盘水市,,餐饮服务;餐饮相关场所;餐饮相关,050000,B0FFKJDTF7,餐饮服务,餐饮相关场所,餐饮相关,
104.63590984651314,26.776621853708846,避风塘(幸福路店),大湾镇万昌广场旁,贵州省,六盘水市,,餐饮服务;餐饮相关场所;餐饮相关,050000,B0GR5G181A,餐饮服务,餐饮相关场所,餐饮相关,
104.58518832323344,26.79790334605613,古茗(东风镇店),777县道,贵州省,毕节市,,餐饮服务;冷饮店;冷饮店,050700,B0MBAU9CNO,餐饮服务,冷饮店,冷饮店,
104.63595370014102,26.777492699661998,鲜饮快车(大湾镇花苑小区店),韭菜坪大道花苑小区2号门面,贵州省,六盘水市,,餐饮服务;冷饮店;冷饮店,050700,B0G1GZN19W,餐饮服务,冷饮店,冷饮店,
104.63581107239942,26.777256934063352,卤味大排档(大湾镇花苑小区店),大湾镇花苑小区门口1栋4号,贵州省,六盘水市,,餐饮服务;中餐厅;中餐厅,050100,B0G0GSHCO8,餐饮服务,中餐厅,中餐厅,
104.58444956899658,26.797239074215046,吴家羊肉粉,元木村卫生室西南侧,贵州省,毕节市,,餐饮服务;中餐厅;中餐厅,050100,B0FFL9D6DN,餐饮服务,中餐厅,中餐厅,
104.58396871569663,26.79675788978537,茶满糖老红糖珍珠鲜牛奶,东风镇,贵州省,毕节市,,餐饮服务;冷饮店;冷饮店,050700,B0J3RH1LKN,餐饮服务,冷饮店,冷饮店,
104.63658509820011,26.777200793278855,茶元芳(大湾矿十万人家购物中心店),幸福路与文化路交叉口西南120米,贵州省,六盘水市,,餐饮服务;冷饮店;冷饮店,050700,B0KBUSM2S4,餐饮服务,冷饮店,冷饮店,
104.6360255071407,26.777745567573277,清真饭店(大湾镇花苑小区店),大湾镇花苑小区,贵州省,六盘水市,,餐饮服务;中餐厅;清真菜馆,050121,B0FFI8MJOO,餐饮服务,中餐厅,清真菜馆,
104.58738451201633,26.797678280145583,东风镇留一手特色烤鱼夜沙龙(喜多购物中心店),777县道南150米,贵州省,毕节市,,餐饮服务;中餐厅;特色/地方风味餐厅,050118,B0FFJONFV9,餐饮服务,中餐厅,特色/地方风味餐厅,
104.58473347601982,26.797542175756764,书亦烧仙草(威宁东风镇店),东风镇滨河大道4栋1号,贵州省,毕节市,,餐饮服务;休闲餐饮场所;休闲餐饮场所,050400,B0L37ZKWRM,餐饮服务,休闲餐饮场所,休闲餐饮场所,
104.58462151347813,26.797415137082197,伴糖奶茶(东风店),东风镇滨河大道6栋2单元,贵州省,毕节市,,餐饮服务;休闲餐饮场所;休闲餐饮场所,050400,B0L0DLO3LF,餐饮服务,休闲餐饮场所,休闲餐饮场所,
104.63672071891224,26.777981510252147,麒麟豆汤圆子火锅,幸福路15号,贵州省,六盘水市,,餐饮服务;中餐厅;火锅店,050117,B0LAGDT97L,餐饮服务,中餐厅,火锅店,
104.63775605285726,26.77775097344907,二十年老店王记羊肉粉,文化路一号,贵州省,六盘水市,,餐饮服务;中餐厅;中餐厅,050100,B0L1VABKZC,餐饮服务,中餐厅,中餐厅,
104.5848894247543,26.79766823493682,街口友茶饮,元木村卫生室东北侧,贵州省,毕节市,,餐饮服务;冷饮店;冷饮店,050700,B0FFK20ORL,餐饮服务,冷饮店,冷饮店,
104.58875191048294,26.79678884409498,德胜羊肉粉,护车使者养护中心西侧,贵州省,毕节市,,餐饮服务;中餐厅;中餐厅,050100,B0L2BRLS17,餐饮服务,中餐厅,中餐厅,
104.63804230470515,26.777827529390105,水城王记蹄花粉面馆大湾分店,大湾镇幸福村宏乐酒店楼下,贵州省,六盘水市,,餐饮服务;中餐厅;中餐厅,050100,B0L1YSDHMR,餐饮服务,中餐厅,中餐厅,
104.58686871292359,26.798038042359728,清真马老五麻辣牛肉火锅,东风医院下面,贵州省,毕节市,,餐饮服务;中餐厅;火锅店,050117,B0FFHW5I3V,餐饮服务,中餐厅,火锅店,
104.64232628792786,26.567298147728113,睿轩酒楼,新发乡开平滑石板往开心方向100米,贵州省,毕节市,,餐饮服务;中餐厅;综合酒楼,050101,B0I0HHSMHI,餐饮服务,中餐厅,综合酒楼,
104.58875191048294,26.79678884409498,德胜羊肉粉,护车使者养护中心西侧,贵州省,毕节市,,餐饮服务;中餐厅;中餐厅,050100,B0L2BRLS17,餐饮服务,中餐厅,中餐厅,
104.63804230470515,26.777827529390105,水城王记蹄花粉面馆大湾分店,大湾镇幸福村宏乐酒店楼下,贵州省,六盘水市,,餐饮服务;中餐厅;中餐厅,050100,B0L1YSDHMR,餐饮服务,中餐厅,中餐厅,
104.58686871292359,26.798038042359728,清真马老五麻辣牛肉火锅,东风医院下面,贵州省,毕节市,,餐饮服务;中餐厅;火锅店,050117,B0FFHW5I3V,餐饮服务,中餐厅,火锅店,
104.64232628792786,26.567298147728113,睿轩酒楼,新发乡开平滑石板往开心方向100米,贵州省,毕节市,,餐饮服务;中餐厅;综合酒楼,050101,B0I0HHSMHI,餐饮服务,中餐厅,综合酒楼,
104.6909240603629,26.624377870463928,馨悦烘焙,威宁彝族回族苗族自治县新发乡兴隆街上,贵州省,毕节市,,餐饮服务;糕饼店;糕饼店,050800,B0KG3UHZDU,餐饮服务,糕饼店,糕饼店,
104.58743945134441,26.79862318297335,天麻鸡火锅,东风镇元木村鸳鸯金楼旁,贵州省,毕节市,,餐饮服务;中餐厅;火锅店,050117,B0IU9AU57Y,餐饮服务,中餐厅,火锅店,
104.63927903704186,26.7783805651141,蔡记隆江猪脚饭,大湾镇幸福村五组,贵州省,六盘水市,,餐饮服务;中餐厅;中餐厅,050100,B0K3O5W9HD,餐饮服务,中餐厅,中餐厅,
104.58710158498035,26.798871027682107,漫卷茶风,东风镇家有宝贝对面二楼,贵州省,毕节市,,餐饮服务;冷饮店;冷饮店,050700,B0FFLIL4GR,餐饮服务,冷饮店,冷饮店,
104.58781230244607,26.798211365462745,杀猪饭私房菜,东风镇人民政府南侧200米,贵州省,毕节市,,餐饮服务;中餐厅;中餐厅,050100,B0K6GSZQNV,餐饮服务,中餐厅,中餐厅,
104.58659781837675,26.798087929853292,李记酱香羊肉粉,东风镇信用社旁边,贵州省,毕节市,,餐饮服务;中餐厅;中餐厅,050100,B0K33S4KZZ,餐饮服务,中餐厅,中餐厅,
104.63971988196577,26.778079907914034,逸人食园,幸福路与文化路交叉口东200米,贵州省,六盘水市,,餐饮服务;中餐厅;中餐厅,050100,B0GRBOFEL0,餐饮服务,中餐厅,中餐厅,
104.587148579829,26.79850209119825,盘州带皮牛肉馆(东风分店),777县道,贵州省,毕节市,,餐饮服务;餐饮相关场所;餐饮相关,050000,B0LUDOBRW6,餐饮服务,餐饮相关场所,餐饮相关,
104.63974482126362,26.77794288303636,罗记肠旺粉,幸福路与文化路交叉口东200米,贵州省,六盘水市,,餐饮服务;快餐厅;快餐厅,050300,B0H3J7674C,餐饮服务,快餐厅,快餐厅,
104.58733748606984,26.798857116843074,冰语时间,777县道,贵州省,毕节市,,餐饮服务;餐饮相关场所;餐饮相关,050000,B0K3THT3MD,餐饮服务,餐饮相关场所,餐饮相关,
104.58691765595718,26.79898794320369,鲍记豆米火锅,东风镇鸳鸯金楼对面二楼,贵州省,毕节市,,餐饮服务;中餐厅;火锅店,050117,B0H1H5SCKB,餐饮服务,中餐厅,火锅店,
104.5871345368393,26.79975093003654,东风镇东风饼屋,777县道西50米,贵州省,毕节市,,餐饮服务;糕饼店;糕饼店,050800,B0FFJEZI68,餐饮服务,糕饼店,糕饼店,
104.58723850565951,26.799432008683585,鲜饮快车茶饮生活馆,东风镇元木村鲜饮快车茶饮生活馆,贵州省,毕节市,,餐饮服务;冷饮店;冷饮店,050700,B0H3YC7YZ9,餐饮服务,冷饮店,冷饮店,
104.58691565676881,26.798987942435595,汇风餐馆,东风镇人民政府附近,贵州省,毕节市,,餐饮服务;中餐厅;中餐厅,050100,B0H33RW8XI,餐饮服务,中餐厅,中餐厅,
104.58736246664681,26.799080098151418,吴家羊汤锅,东方镇鸳鸯金楼旁边,贵州省,毕节市,,餐饮服务;中餐厅;中餐厅,050100,B0KRA5A3QN,餐饮服务,中餐厅,中餐厅,
104.58661275029095,26.799679737457264,鸿福酒楼,威宁县公安局东风派出所西南侧80米,贵州省,毕节市,,餐饮服务;中餐厅;综合酒楼,050101,B0LUGAIVBW,餐饮服务,中餐厅,综合酒楼,
104.58609395590405,26.79942155728031,林家泡椒羊肉粉,东风医院-东风镇卫生院东北侧90米,贵州省,毕节市,,餐饮服务;快餐厅;快餐厅,050300,B0J1KLBIAY,餐饮服务,快餐厅,快餐厅,
104.5870405816011,26.79960291321611,金麦香蛋糕店,东风镇东风小学东南侧140米,贵州省,毕节市,,餐饮服务;糕饼店;糕饼店,050800,B0FFGJMNUZ,餐饮服务,糕饼店,糕饼店,
104.58728647617501,26.79966599706038,周记牛犇粉馆,东风镇人力资源和社会保障服务中心东南侧,贵州省,毕节市,,餐饮服务;中餐厅;中餐厅,050100,B0JRCM1EAZ,餐饮服务,中餐厅,中餐厅,
104.5864857973883,26.79973168006003,小刘芸豆老猪脚粉,东风三岔路口,贵州省,毕节市,,餐饮服务;中餐厅;中餐厅,050100,B0K3MRVY3V,餐饮服务,中餐厅,中餐厅,
104.58633484713555,26.79992559427143,水城王记猪蹄粉面馆东风店,东风镇老三岔路,贵州省,毕节市,,餐饮服务;餐饮相关场所;餐饮相关,050000,B0LG91ZKVV,餐饮服务,餐饮相关场所,餐饮相关,
104.5864857973883,26.79973168006003,小刘芸豆老猪脚粉,东风三岔路口,贵州省,毕节市,,餐饮服务;中餐厅;中餐厅,050100,B0K3MRVY3V,餐饮服务,中餐厅,中餐厅,
104.58633484713555,26.79992559427143,水城王记猪蹄粉面馆东风店,东风镇老三岔路,贵州省,毕节市,,餐饮服务;餐饮相关场所;餐饮相关,050000,B0LG91ZKVV,餐饮服务,餐饮相关场所,餐饮相关,
104.42167088871216,26.61528344576477,乡之味,119乡道与龙高线交叉口北300米,云南省,曲靖市,,餐饮服务;中餐厅;中餐厅,050100,B0KDJU4Z86,餐饮服务,中餐厅,中餐厅,
104.42088848697577,26.61587874741083,伊甸园羊肉馆,龙高线与119乡道交叉口北380米,云南省,曲靖市,,餐饮服务;中餐厅;中餐厅,050100,B0JKHB6OYG,餐饮服务,中餐厅,中餐厅,
104.41564078648837,26.614277246515922,双河乡清真伊鑫园,双河乡幼儿园斜对面,云南省,曲靖市,,餐饮服务;中餐厅;中餐厅,050100,B0FFJEUMBD,餐饮服务,中餐厅,中餐厅,
104.41295933072706,26.615971660985153,記忆烧仙草,双河乡双欣街37号,云南省,曲靖市,,餐饮服务;餐饮相关场所;餐饮相关,050000,B0H36ZX09O,餐饮服务,餐饮相关场所,餐饮相关,
104.40541098069124,26.716582258159978,靖琴依然带皮牛肉馆,亿味小吃店西侧90米,贵州省,毕节市,,餐饮服务;中餐厅;中餐厅,050100,B0K61ULT9W,餐饮服务,中餐厅,中餐厅,
104.4336932374927,26.763211344472253,平安酒楼,金钟镇金水村岔龙场路口惠益多超市二楼,贵州省,毕节市,,餐饮服务;中餐厅;中餐厅,050100,B0L21UUGZX,餐饮服务,中餐厅,中餐厅,
104.43088342259611,26.763383278280784,民聚佳酒店,金钟镇民聚佳酒店,贵州省,毕节市,,餐饮服务;餐饮相关场所;餐饮相关,050000,B0G1MAVJTR,餐饮服务,餐饮相关场所,餐饮相关,
104.4286414265998,26.76374225420684,享哆味汉堡炸鸡(威宁金钟店),金钟镇车站华都三岔路口享哆味,贵州省,毕节市,,餐饮服务;快餐厅;快餐厅,050300,B0FFKKJ4AH,餐饮服务,快餐厅,快餐厅,
104.51412592755332,26.81066361810631,稻香园酒楼,炉山镇结里村,贵州省,毕节市,,餐饮服务;餐饮相关场所;餐饮相关,050000,B0JRXA2EZ0,餐饮服务,餐饮相关场所,餐饮相关,
104.42918287384458,26.763982935823968,金溪面包(S102店),威水路与700乡道交叉口北20米,贵州省,毕节市,,餐饮服务;糕饼店;糕饼店,050800,B0FFG4C2N0,餐饮服务,糕饼店,糕饼店,
104.50843545396194,26.810822923297874,茶元芳奶茶店,结里社区居委会西侧50米,贵州省,毕节市,,餐饮服务;冷饮店;冷饮店,050700,B0JRCR8VLT,餐饮服务,冷饮店,冷饮店,
104.42983244821217,26.763789812882585,同乐苑干锅麻辣牛肉麻辣涮牛肉(穆斯林餐馆),金钟镇威水路与700乡道交叉口东100米,贵州省,毕节市,,餐饮服务;中餐厅;清真菜馆,050121,B0FFG4C2N4,餐饮服务,中餐厅,清真菜馆,
104.42921290004777,26.763971976148323,阿军羊肉粉馆,威水路与700乡道交叉口东北20米,贵州省,毕节市,,餐饮服务;餐饮相关场所;餐饮相关,050000,B0IAFOE5T2,餐饮服务,餐饮相关场所,餐饮相关,
104.43001862077169,26.76362907689724,随缘夜食店,威水路与700乡道交叉口东南100米,贵州省,毕节市,,餐饮服务;中餐厅;中餐厅,050100,B0FFI18IOC,餐饮服务,中餐厅,中餐厅,
104.50807851834395,26.811178817883025,避风塘奶茶店,炉山镇详细结里村,贵州省,毕节市,,餐饮服务;餐饮相关场所;餐饮相关,050000,B0HG3CD2LV,餐饮服务,餐饮相关场所,餐饮相关,
104.4290517870028,26.76337481827697,张记纸包鱼烤鱼,金钟镇夸都岔马路金文路口,贵州省,毕节市,,餐饮服务;中餐厅;中餐厅,050100,B0H1XG3BD9,餐饮服务,中餐厅,中餐厅,
104.50806649577801,26.81096581130161,街口友奶茶店,庐山镇结里村,贵州省,毕节市,,餐饮服务;冷饮店;冷饮店,050700,B0JAFLMM7U,餐饮服务,冷饮店,冷饮店,
104.42896370122511,26.76364167999471,三合羊肉粉馆,夸都路口三合羊肉粉馆,贵州省,毕节市,,餐饮服务;餐饮相关场所;餐饮相关,050000,B0H0NSQD10,餐饮服务,餐饮相关场所,餐饮相关,
104.4287905474314,26.763832438563046,威宁县金钟镇刘记烧烤,金钟镇威水路夸都路口,贵州省,毕节市,,餐饮服务;中餐厅;中餐厅,050100,B0J2KA59AL,餐饮服务,中餐厅,中餐厅,
104.62082624035072,26.806303319491615,老四辣鸡粉面馆,大湾镇海开村机厂158,贵州省,六盘水市,,餐饮服务;中餐厅;中餐厅,050100,B0GDVS6AMN,餐饮服务,中餐厅,中餐厅,
104.39662460211989,26.710996948150722,新都牛肉馆,双河乡新寨村新都大桥新都牛肉馆,云南省,曲靖市,,餐饮服务;中餐厅;中餐厅,050100,B0G105E2IC,餐饮服务,中餐厅,中餐厅,
104.42890866084012,26.76349262164792,六盘水溢品源羊肉粉,金钟镇六盘水溢品源羊肉粉,贵州省,毕节市,,餐饮服务;中餐厅;中餐厅,050100,B0LARUCFUE,餐饮服务,中餐厅,中餐厅,
104.42760857201328,26.764234904538203,金钟镇老地方特色火腿粉(威水路店),金钟村金钟街上邮政银行往水城方向150米,贵州省,毕节市,,餐饮服务;中餐厅;中餐厅,050100,B0FFMC6XOY,餐饮服务,中餐厅,中餐厅,
104.55438111818108,26.174848960072993,香溢苑,盘州市坪地乡七官云村白泥塘老屋基东北方,贵州省,六盘水市,,餐饮服务;餐饮相关场所;餐饮相关,050000,B0IADHWVGU,餐饮服务,餐饮相关场所,餐饮相关,
104.54787824118489,26.151722844652742,金玉堂煮留香食府,坪地彝族乡官营打牛山,贵州省,六盘水市,,餐饮服务;中餐厅;中餐厅,050100,B0LGGZX971,餐饮服务,中餐厅,中餐厅,
104.5784908449347,26.162160097833407,乌蒙味轩牛肉馆,盘州市坪地乡柏木嘎村,贵州省,六盘水市,,餐饮服务;中餐厅;中餐厅,050100,B0LRJHH18K,餐饮服务,中餐厅,中餐厅,
104.57726434992601,26.1992591669851,中心牛肉馆,政府路与盘水路交叉口西40米,贵州省,六盘水市,,餐饮服务;中餐厅;中餐厅,050100,B0J6ZKB7LS,餐饮服务,中餐厅,中餐厅,
104.57780442020935,26.198556176675158,吉昌水城羊肉粉,乌蒙镇四格街丫口上,贵州省,六盘水市,,餐饮服务;中餐厅;中餐厅,050100,B0HB3B858J,餐饮服务,中餐厅,中餐厅,
104.57847647249429,26.198055397296102,莊吉帶皮牛肉馆,乌蒙镇二台坡居委会街上,贵州省,六盘水市,,餐饮服务;中餐厅;中餐厅,050100,B0L14U1OMP,餐饮服务,中餐厅,中餐厅,
104.57793242703832,26.198589298341485,乌蒙金尚烧烤店,盘水路与政府路交叉口南60米,贵州省,六盘水市,,餐饮服务;中餐厅;特色/地方风味餐厅,050118,B0J1HXS5XJ,餐饮服务,中餐厅,特色/地方风味餐厅,
104.57819444928725,26.198372372120602,盘水中心餐馆(长瘦田分店),盘水路与政府路交叉口东南120米,贵州省,六盘水市,,餐饮服务;中餐厅;中餐厅,050100,B0G2AZ4765,餐饮服务,中餐厅,中餐厅,
104.58130842529722,26.196279305206698,鱼你相遇木桶鱼,盘水路73号,贵州省,六盘水市,,餐饮服务;中餐厅;中餐厅,050100,B0LAP9LTB7,餐饮服务,中餐厅,中餐厅,
104.5780574340918,26.198590397466152,鑫馨牛肉馆,政府路与盘水路交叉口东南60米,贵州省,六盘水市,,餐饮服务;中餐厅;中餐厅,050100,B0LDFCSSMW,餐饮服务,中餐厅,中餐厅,
104.57793742791144,26.19857429317901,食里香牛肉粉,政府路与盘水路交叉口南60米,贵州省,六盘水市,,餐饮服务;中餐厅;中餐厅,050100,B0LDMR589V,餐饮服务,中餐厅,中餐厅,
104.57748737864411,26.19902420622279,红玫瑰蛋糕店,政府路与盘水路交叉口西南20米,贵州省,六盘水市,,餐饮服务;糕饼店;糕饼店,050800,B0L1HLY19A,餐饮服务,糕饼店,糕饼店,
104.57807842234551,26.198926618112942,路过小吃烧烤店,乌蒙镇四格丫路过小吃烧烤店,贵州省,六盘水市,,餐饮服务;中餐厅;特色/地方风味餐厅,050118,B0HRS9T6LB,餐饮服务,中餐厅,特色/地方风味餐厅,
104.57773740920945,26.19872422529373,亿家人早餐店,政府路与盘水路交叉口南40米,贵州省,六盘水市,,餐饮服务;中餐厅;中餐厅,050100,B0MBFU76LI,餐饮服务,中餐厅,中餐厅,
104.57792241418966,26.198909484874918,草原飘香烧烤店,盘水路与政府路交叉口东南40米,贵州省,六盘水市,,餐饮服务;中餐厅;特色/地方风味餐厅,050118,B0KBBZHJ33,餐饮服务,中餐厅,特色/地方风味餐厅,
104.57776940036065,26.199013426442,如意早餐,盘水路83号,贵州省,六盘水市,,餐饮服务;中餐厅;中餐厅,050100,B0HRS9T6LN,餐饮服务,中餐厅,中餐厅,
104.5758711327331,26.20020955694745,糖页烘焙蛋糕店,乌蒙镇教师住宿小区对面,贵州省,六盘水市,,餐饮服务;糕饼店;糕饼店,050800,B0L1KLV59E,餐饮服务,糕饼店,糕饼店,
104.58176036045109,26.19649672160066,乌蒙特色炒菜馆,盘水路83号,贵州省,六盘水市,,餐饮服务;中餐厅;中餐厅,050100,B0L17592DE,餐饮服务,中餐厅,中餐厅,
104.57613117017985,26.200309845771997,避风塘(政府路店),盘州市政府路与盘水路交叉口西北180米,贵州省,六盘水市,,餐饮服务;中餐厅;中餐厅,050100,B0I167UN0F,餐饮服务,中餐厅,中餐厅,
104.57788739998699,26.199224648474743,黄果树手撕包,盘水路与政府路交叉口东北20米,贵州省,六盘水市,,餐饮服务;餐饮相关场所;餐饮相关,050000,B0LDC5SYHJ,餐饮服务,餐饮相关场所,餐饮相关,
104.5777623878641,26.19932761154558,乌蒙特色牛肉馆,盘水路与政府路交叉口北20米,贵州省,六盘水市,,餐饮服务;中餐厅;中餐厅,050100,B0L14O2B10,餐饮服务,中餐厅,中餐厅,
104.57651122478856,26.200297165936973,糕幸怡天蛋糕店,政府路与盘水路交叉口西北180米,贵州省,六盘水市,,餐饮服务;糕饼店;糕饼店,050800,B0KBBGMC1I,餐饮服务,糕饼店,糕饼店,
104.57844140922677,26.19967935648816,酸菜猪脚火锅,盘水路与政府路交叉口东北100米,贵州省,六盘水市,,餐饮服务;中餐厅;火锅店,050117,B0JBN72FFJ,餐饮服务,中餐厅,火锅店,
104.57671123407538,26.20072159302901,鸿客木桶鱼(四格店),乌蒙镇派出所下行20米,贵州省,六盘水市,,餐饮服务;中餐厅;中餐厅,050100,B0L2B7L5A2,餐饮服务,中餐厅,中餐厅,
104.57841140994914,26.199633305508772,四格香香羊肉馆,盘水路与政府路交叉口东北80米,贵州省,六盘水市,,餐饮服务;中餐厅;中餐厅,050100,B0J1HXSLEB,餐饮服务,中餐厅,中餐厅,
104.58109739034012,26.19778908842312,一品香狗肉馆,盘水路与239县道交叉口西北40米,贵州省,六盘水市,,餐饮服务;中餐厅;特色/地方风味餐厅,050118,B0KRKD2YNH,餐饮服务,中餐厅,特色/地方风味餐厅,
104.58100137978393,26.198316346498288,宏玲餐馆,盘水路与239县道交叉口北100米,贵州省,六盘水市,,餐饮服务;中餐厅;中餐厅,050100,B0GR0KW7NL,餐饮服务,中餐厅,中餐厅,
104.57868740849656,26.199875663000086,老兵餐馆,盘水路与政府路交叉口东北120米,贵州省,六盘水市,,餐饮服务;中餐厅;中餐厅,050100,B0LBL9RO8V,餐饮服务,中餐厅,中餐厅,
104.57844539588967,26.20003157313494,特色羊肉馆土猪火腿,盘水路与政府路交叉口东北120米,贵州省,六盘水市,,餐饮服务;中餐厅;中餐厅,050100,B0LBHHZ9O6,餐饮服务,中餐厅,中餐厅,
104.57898240180498,26.200156054200004,三信牛肉馆,盘水路与政府路交叉口东北160米,贵州省,六盘水市,,餐饮服务;中餐厅;中餐厅,050100,B0K3UULLPT,餐饮服务,中餐厅,中餐厅,
104.57912038477774,26.200610431668565,广源酒楼(盘水路店),乌蒙镇盘水路76号,贵州省,六盘水市,,餐饮服务;中餐厅;综合酒楼,050101,B0KR7HJ85L,餐饮服务,中餐厅,综合酒楼,
104.58008736682633,26.200427012189056,云上餐馆,乌蒙镇坡上居委会大云上,贵州省,六盘水市,,餐饮服务;中餐厅;中餐厅,050100,B0J1277INT,餐饮服务,中餐厅,中餐厅,
104.58118080419594,26.134390125344055,土乡情农家小院,坪地乡格青底村,贵州省,六盘水市,,体育休闲服务;休闲场所;休闲场所|餐饮服务;中餐厅;中餐厅,080500|050100,B0KB9A3BYM,体育休闲服务,休闲场所,休闲场所|餐饮服务,中餐厅
104.60608647324443,26.1840109139649,旅游庄稼汉烧烤农家乐,乌蒙大草原2号门西南350米,贵州省,六盘水市,,餐饮服务;中餐厅;中餐厅,050100,B0IRUMZCAD,餐饮服务,中餐厅,中餐厅,
104.60765915450902,26.18736022437775,飞弘大酒店(乌蒙大草原店),239县道,贵州省,六盘水市,,餐饮服务;餐饮相关场所;餐饮相关,050000,B0LU3799R0,餐饮服务,餐饮相关场所,餐饮相关,
104.60963142843224,26.156645861658614,乌蒙大草原烧烤城特色蒙古包,坪地彝族乡乌蒙大草原景区草原烧烤城,贵州省,六盘水市,,餐饮服务;中餐厅;中餐厅,050100,B0H2R42C7U,餐饮服务,中餐厅,中餐厅,
104.61154928976221,26.186250236875235,乌蒙胖子牛汤锅,乌蒙大草原2号门东330米,贵州省,六盘水市,,餐饮服务;中餐厅;中餐厅,050100,B0LAFHRQQL,餐饮服务,中餐厅,中餐厅,
104.60879801806304,26.147830692006558,盛膳宴,乌蒙大草原乌蒙驿站旁,贵州省,六盘水市,,餐饮服务;中餐厅;中餐厅,050100,B0J1F4YEU9,餐饮服务,中餐厅,中餐厅,
104.60936615504268,26.148195602332258,乌蒙全牛宴,盘州乌蒙大草原滑雪场西侧,贵州省,六盘水市,,餐饮服务;中餐厅;中餐厅,050100,B0L1YXER7P,餐饮服务,中餐厅,中餐厅,
104.61702184364574,26.18609490410869,盘县老味道,无界山影旅拍北侧90米,贵州省,六盘水市,,餐饮服务;中餐厅;特色/地方风味餐厅,050118,B0MB57L0B6,餐饮服务,中餐厅,特色/地方风味餐厅,
104.58993555705874,26.11719474651494,鑫福牛肉馆,盘州市坪地彝族乡鑫福牛肉馆位置:贵水商贸度假酒店下行80米,贵州省,六盘水市,,餐饮服务;中餐厅;中餐厅,050100,B0LD6CEUNN,餐饮服务,中餐厅,中餐厅,
104.62504278007916,26.159253905078664,乌蒙草原烤全羊10号店,坪地乡乌蒙大草原帐篷酒店岔路口10号铺,贵州省,六盘水市,,餐饮服务;中餐厅;中餐厅,050100,B0FFJ81KQ3,餐饮服务,中餐厅,中餐厅,
104.62476337674013,26.159420332381956,乌蒙草原烤全羊1号店,239县道,贵州省,六盘水市,,餐饮服务;中餐厅;特色/地方风味餐厅,050118,B0LKZHEV57,餐饮服务,中餐厅,特色/地方风味餐厅,
104.59025140021687,26.11663545335074,胜丽餐馆,友谊路西南侧,贵州省,六盘水市,,餐饮服务;中餐厅;中餐厅,050100,B0LBLLHYZ6,餐饮服务,中餐厅,中餐厅,
104.59094999821531,26.116367430012737,溢品源牛肉馆,盘州市坪地彝族蒋底村一组,贵州省,六盘水市,,餐饮服务;中餐厅;中餐厅,050100,B0LRAO0ZLV,餐饮服务,中餐厅,中餐厅,
104.62498889684794,26.159247963479984,乌蒙桃野叫花鸡,盘州市-乌蒙大草原顾埃蒙帐篷酒店11号店,贵州省,六盘水市,,餐饮服务;中餐厅;中餐厅,050100,B0HBHCURHU,餐饮服务,中餐厅,中餐厅,
104.59294671564152,26.11551418532851,盘州市牛鲜阁牛肉馆,盘州市坪地乡坪地中学路口顺路下来二十米,贵州省,六盘水市,,餐饮服务;中餐厅;中餐厅,050100,B0LAF11J9Z,餐饮服务,中餐厅,中餐厅,
104.59335743422066,26.115142983351614,顺利羊肉粉,友谊路,贵州省,六盘水市,,餐饮服务;中餐厅;中餐厅,050100,B0K62D8NLE,餐饮服务,中餐厅,中餐厅,
104.5943936652799,26.11475680496512,彝锅鲜牛肉宴,友谊路,贵州省,六盘水市,,餐饮服务;中餐厅;中餐厅,050100,B0KGFD4IA4,餐饮服务,中餐厅,中餐厅,
104.59562472391922,26.113187795149816,金牛府涮烤特色牛肉,盘州乌蒙风情大酒店西北侧240米,贵州省,六盘水市,,餐饮服务;中餐厅;火锅店,050117,B0J6ZK9Y2Q,餐饮服务,中餐厅,火锅店,
104.5937982001751,26.112718414657845,周记羊肉粉,坪地,贵州省,六盘水市,,餐饮服务;中餐厅;中餐厅,050100,B0G1GUNAAU,餐饮服务,中餐厅,中餐厅,
104.5943597850279,26.112317185283576,黔牛宴,盘州乌蒙风情大酒店西侧240米,贵州省,六盘水市,,餐饮服务;中餐厅;中餐厅,050100,B0H32R6X3M,餐饮服务,中餐厅,中餐厅,
104.59430683708203,26.11203499506465,小福娇饭店,黄家岩脚,贵州省,六盘水市,,餐饮服务;中餐厅;中餐厅,050100,B0FFJE5FZG,餐饮服务,中餐厅,中餐厅,
104.59488431468169,26.113727142591788,张记狗肉馆,盘州市联兴汽修东南侧50米,贵州省,六盘水市,,餐饮服务;中餐厅;特色/地方风味餐厅,050118,B0LBLLHYRX,餐饮服务,中餐厅,特色/地方风味餐厅,
104.59578359339697,26.113076720524727,胜龙酒家,盘州乌蒙风情大酒店北侧220米,贵州省,六盘水市,,餐饮服务;中餐厅;中餐厅,050100,B0LDV76O2X,餐饮服务,中餐厅,中餐厅,
104.59726126855666,26.113359846567825,盘州君来酒店,坪地彝族乡莫西里村十五组23号,贵州省,六盘水市,,餐饮服务;餐饮相关场所;餐饮相关,050000,B0K36DFI0J,餐饮服务,餐饮相关场所,餐饮相关,
104.59469053785888,26.111955960696285,富顺牛肉馆,盘州乌蒙风情大酒店西北侧200米,贵州省,六盘水市,,餐饮服务;餐饮相关场所;餐饮相关,050000,B0FFKQ2G3E,餐饮服务,餐饮相关场所,餐饮相关,
104.59666684088059,26.11255935180861,盘州盛华酒楼,乌蒙莫西里村十九组51号正南方向50米,贵州省,六盘水市,,餐饮服务;中餐厅;中餐厅,050100,B0FFHFG7C0,餐饮服务,中餐厅,中餐厅,
104.5942998557481,26.11168876477405,十八连山脆皮酸菜猪脚火锅店,坪地彝族乡佳晟壁纸十八连山酸菜猪脚,贵州省,六盘水市,,餐饮服务;中餐厅;云贵菜,050114,B0HAYYYYVQ,餐饮服务,中餐厅,云贵菜,
104.5949342934096,26.11322681222187,牛香阁,乌蒙风情大酒店西北侧280米,贵州省,六盘水市,,餐饮服务;中餐厅;中餐厅,050100,B0L0ONHMEK,餐饮服务,中餐厅,中餐厅,
104.5973721865088,26.112811474291235,牛滋味铜锅牛肉馆,盘州坪地乡乐巢KTV一楼,贵州省,六盘水市,,餐饮服务;中餐厅;中餐厅,050100,B0KAD5TEWZ,餐饮服务,中餐厅,中餐厅,
104.59614030735149,26.112523347187864,香里乡亲牛肉馆三分店,坪地乡万客来酒店旁,贵州省,六盘水市,,餐饮服务;中餐厅;中餐厅,050100,B0K09SZE5V,餐饮服务,中餐厅,中餐厅,
104.5957336359126,26.113076720940356,老王家牛肉馆,乌蒙风情大酒店西北侧230米,贵州省,六盘水市,,餐饮服务;中餐厅;中餐厅,050100,B0M62STYCJ,餐饮服务,中餐厅,中餐厅,
104.59670479923717,26.11275748143086,食香阁特色涮烤牛肉,坪地乡莫西里村19组,贵州省,六盘水市,,餐饮服务;餐饮相关场所;餐饮相关,050000,B0JA3UQMXQ,餐饮服务,餐饮相关场所,餐饮相关,
104.59694957898978,26.112727448002307,柴火羊汤锅,盘州乌蒙风情大酒店北侧180米,贵州省,六盘水市,,餐饮服务;中餐厅;中餐厅,050100,B0KAODYBTI,餐饮服务,中餐厅,中餐厅,
104.62880270907054,26.150933020876955,锦鸡栖,小树林村乌蒙大草原(东南角),贵州省,六盘水市,,餐饮服务;中餐厅;中餐厅|风景名胜;风景名胜相关;旅游景点,050100|110000,B0KRJXELQX,餐饮服务,中餐厅,中餐厅|风景名胜,风景名胜相关
104.59761897915863,26.112182035728747,养生鱼馆,坪地乡友谊路,贵州省,六盘水市,,餐饮服务;中餐厅;中餐厅,050100,B0GRKH4Y5B,餐饮服务,中餐厅,中餐厅,
104.59454768866243,26.11097730468605,如意餐馆(彝家火锅城),盘州市坪地乡街上中通快递点附近,贵州省,六盘水市,,餐饮服务;中餐厅;综合酒楼,050101,B0JRCY2OAD,餐饮服务,中餐厅,综合酒楼,
104.59474351956742,26.11132754534307,食刻香卤,盘州乌蒙风情大酒店西侧180米,贵州省,六盘水市,,餐饮服务;餐饮相关场所;餐饮相关,050000,B0I2NSOVE6,餐饮服务,餐饮相关场所,餐饮相关,
104.59658395592967,26.111489645443037,川味乌江片片鱼,坪地乡,贵州省,六盘水市,,餐饮服务;中餐厅;四川菜(川菜),050102,B0FFK2BX1X,餐饮服务,中餐厅,四川菜(川菜),
104.59696960327565,26.111615708752556,醉三国鱼庄,盘州市道班往洒基方向200米瑞豪宾馆1-2楼,贵州省,六盘水市,,餐饮服务;中餐厅;海鲜酒楼,050119,B0G0NDVVZP,餐饮服务,中餐厅,海鲜酒楼,
104.59657198226485,26.11108037409785,平凡牛肉馆,坪地街上乌蒙风情大酒店楼下,贵州省,六盘水市,,餐饮服务;中餐厅;中餐厅,050100,B0FFJEH9XM,餐饮服务,中餐厅,中餐厅,
104.59498432362098,26.11137558473604,甜也,乌蒙风情大酒店西侧150米,贵州省,六盘水市,,餐饮服务;冷饮店;冷饮店,050700,B0LU4OSD1K,餐饮服务,冷饮店,冷饮店,
104.59723435146671,26.111843842470545,鸿客木桶鱼(坪地店),友谊路,贵州省,六盘水市,,餐饮服务;餐饮相关场所;餐饮相关,050000,B0LUHCIO77,餐饮服务,餐饮相关场所,餐饮相关,
104.59806254651737,26.1124191490499,乌蒙特色牛肉馆,友谊路,贵州省,六盘水市,,餐饮服务;中餐厅;中餐厅,050100,B0K6YD8GGA,餐饮服务,中餐厅,中餐厅,
104.59659295019846,26.11142960516197,亚江39 元/人无烟自助烧烤,友谊路,贵州省,六盘水市,,餐饮服务;餐饮相关场所;餐饮相关,050000,B0LUZZSZIB,餐饮服务,餐饮相关场所,餐饮相关,
104.59712244606474,26.112067999189417,串串香烧烤(友谊路店),盘州乌蒙风情大酒店东北侧110米,贵州省,六盘水市,,餐饮服务;中餐厅;特色/地方风味餐厅,050118,B0KAFHH0FM,餐饮服务,中餐厅,特色/地方风味餐厅,
104.63133725785084,26.189796122235062,盘州市丽玲餐饮店,观佛台北侧90米,贵州省,六盘水市,,餐饮服务;中餐厅;中餐厅,050100,B0K1YS34YE,餐饮服务,中餐厅,中餐厅,
104.63168343462738,26.189668575664047,牛味都乌蒙草原店,乌蒙大草原百草坪停车场,贵州省,六盘水市,,餐饮服务;中餐厅;中餐厅,050100,B0LG9HSZNY,餐饮服务,中餐厅,中餐厅,
104.5968627262534,26.110940266370594,雄焱烙锅烧烤,坪地乡街上康乐酒店旁,贵州省,六盘水市,,餐饮服务;中餐厅;特色/地方风味餐厅,050118,B0J1F7CNQ9,餐饮服务,中餐厅,特色/地方风味餐厅,
104.59676581043988,26.111029330837972,德鸿牛肉馆,友谊路,贵州省,六盘水市,,餐饮服务;中餐厅;中餐厅,050100,B0FFK8G7N1,餐饮服务,中餐厅,中餐厅,
104.6313831390779,26.190033205978697,乌蒙特色小吃,乌蒙镇乌蒙大草原观佛台停车场乌蒙特色小吃1号房,贵州省,六盘水市,,餐饮服务;中餐厅;中餐厅,050100,B0KG7DVWYR,餐饮服务,中餐厅,中餐厅,
104.59658298603708,26.11072513756441,贵州省盘州市坪地乡黔彝鑫牛肉馆,盘州市坪地彝族乡人民政府西北侧200米,贵州省,六盘水市,,餐饮服务;中餐厅;中餐厅,050100,B0L3ASV4PA,餐饮服务,中餐厅,中餐厅,
104.59679077506037,26.111365552877977,换味思烤,友谊路东侧,贵州省,六盘水市,,餐饮服务;中餐厅;中餐厅,050100,B0IR2136SV,餐饮服务,中餐厅,中餐厅,
104.5952381691767,26.109980662803466,特色泡椒牛肉粉,盘州乌蒙风情大酒店西南侧180米,贵州省,六盘水市,,餐饮服务;中餐厅;中餐厅,050100,B0J3J5YS4Q,餐饮服务,中餐厅,中餐厅,
104.59525715859198,26.10984757457352,小古牛牛二哥,盘州市牛二哥牛肉馆,贵州省,六盘水市,,餐饮服务;餐饮相关场所;餐饮相关,050000,B0J3DCLR7A,餐饮服务,餐饮相关场所,餐饮相关,
104.59508429963937,26.10987258817287,贵宜羊肉粉馆,坪地彝族乡天猫优品往前卖猪街方向30米左右,贵州省,六盘水市,,餐饮服务;中餐厅;中餐厅,050100,B0K3CSIFLY,餐饮服务,中餐厅,中餐厅,
104.59451573500148,26.11042493613051,彝家早餐店,乌蒙风情大酒店西侧210米,贵州省,六盘水市,,餐饮服务;中餐厅;中餐厅,050100,B0L0PL0UOD,餐饮服务,中餐厅,中餐厅,
104.59645107784694,26.11139058517302,顺彝羊肉馆,坪地彝族乡人民政府西北侧270米,贵州省,六盘水市,,餐饮服务;中餐厅;中餐厅,050100,B0KRKDA5ZU,餐饮服务,中餐厅,中餐厅,
104.59798163572758,26.112125963110625,兴隆餐馆,坪地彝族乡人民政府北侧290米,贵州省,六盘水市,,餐饮服务;中餐厅;中餐厅,050100,B0L35SE32S,餐饮服务,中餐厅,中餐厅,
104.59688273616722,26.110206777722578,盘州市喜牛餐馆,盘州市盘州市坪地乡云博酒店对面,贵州省,六盘水市,,餐饮服务;中餐厅;中餐厅,050100,B0K1V9U87P,餐饮服务,中餐厅,中餐厅,
104.59655401221274,26.110716132849987,水城烧烤烙锅,友谊路西北40米,贵州省,六盘水市,,餐饮服务;中餐厅;中餐厅,050100,B0G2AD5952,餐饮服务,中餐厅,中餐厅,
104.59650306113342,26.110622072482013,万峰湖生态鱼,坪地彝族乡人民政府西北侧200米,贵州省,六盘水市,,餐饮服务;中餐厅;中餐厅,050100,B0K0357JKJ,餐饮服务,中餐厅,中餐厅,
104.59678280866058,26.110675094549112,建水烧烤,坪地彝族乡人民政府西北侧190米,贵州省,六盘水市,,餐饮服务;中餐厅;特色/地方风味餐厅,050118,B0LDTX8GX6,餐饮服务,中餐厅,特色/地方风味餐厅,
104.60076179324788,26.111536110982183,盘州市牛味都牛肉馆,坪地乡50米大街易地搬迁安置点,贵州省,六盘水市,,餐饮服务;中餐厅;中餐厅,050100,B0I03HVODN,餐饮服务,中餐厅,中餐厅,
104.59679680161913,26.11052899670011,山桥氏(坪地店),坪地彝族乡街上道班上行20米处乌蒙风情大酒店,贵州省,六盘水市,,餐饮服务;快餐厅;快餐厅,050300,B0H655OPN5,餐饮服务,快餐厅,快餐厅,
104.59600352949406,26.109814550623774,兰家牛肉粉(友谊路店),坪地彝族乡人民政府西侧230米,贵州省,六盘水市,,餐饮服务;中餐厅;中餐厅,050100,B0FFL09AMX,餐饮服务,中餐厅,中餐厅,
104.59688271062119,26.11087522200845,一朵麦乐烘焙,坪地彝族乡人民政府西北侧200米,贵州省,六盘水市,,餐饮服务;糕饼店;糕饼店,050800,B0M6LH69DK,餐饮服务,糕饼店,糕饼店,
104.59543501998003,26.109610418601083,香香绝味奶茶,盘州乌蒙风情大酒店西南侧200米,贵州省,六盘水市,,餐饮服务;餐饮相关场所;餐饮相关,050000,B0HBOPK073,餐饮服务,餐饮相关场所,餐饮相关,
104.59603350042228,26.109897605263384,红玫瑰蛋糕店,坪地彝族乡人民政府西侧210米,贵州省,六盘水市,,餐饮服务;糕饼店;糕饼店,050800,B0L6BGHIHH,餐饮服务,糕饼店,糕饼店,
104.59543501998003,26.109610418601083,香香绝味奶茶,盘州乌蒙风情大酒店西南侧200米,贵州省,六盘水市,,餐饮服务;餐饮相关场所;餐饮相关,050000,B0HBOPK073,餐饮服务,餐饮相关场所,餐饮相关,
104.59603350042228,26.109897605263384,红玫瑰蛋糕店,坪地彝族乡人民政府西侧210米,贵州省,六盘水市,,餐饮服务;糕饼店;糕饼店,050800,B0L6BGHIHH,餐饮服务,糕饼店,糕饼店,
104.59488446568066,26.10977451780644,大唐炒饭炒粉,乌蒙风情大酒店西南侧220米,贵州省,六盘水市,,餐饮服务;中餐厅;中餐厅,050100,B0L1T53PVE,餐饮服务,中餐厅,中餐厅,
104.59625531154603,26.109788527128128,入流小吃店,坪地彝族乡人民政府西侧190米,贵州省,六盘水市,,餐饮服务;中餐厅;中餐厅,050100,B0HR0AUA44,餐饮服务,中餐厅,中餐厅,
104.59697566741373,26.109794498051542,美心蛋糕(友谊路店),坪地彝族乡人民政府西侧120米,贵州省,六盘水市,,餐饮服务;糕饼店;糕饼店,050800,B0FFFWGZIC,餐饮服务,糕饼店,糕饼店,
104.5964331624435,26.109593391301974,北方馒头,盘州市坪地乡新街路口,贵州省,六盘水市,,餐饮服务;快餐厅;快餐厅,050300,B0FFLC173Z,餐饮服务,快餐厅,快餐厅,
104.59693370494404,26.109812512579197,鲸鱼座,[],贵州省,六盘水市,,餐饮服务;餐饮相关场所;餐饮相关,050000,B0KGTR6BSJ,餐饮服务,餐饮相关场所,餐饮相关,
104.60264859332345,26.11258030294093,阿秋牛肉馆,盘州市坪地乡派出所对面100米,贵州省,六盘水市,,餐饮服务;中餐厅;中餐厅,050100,B0JR2SD672,餐饮服务,中餐厅,中餐厅,
104.6009585763037,26.11153006177133,天麻竹荪腊排骨,迎宾大道江西街路口,贵州省,六盘水市,,餐饮服务;中餐厅;中餐厅,050100,B0JRCZ596R,餐饮服务,中餐厅,中餐厅,
104.59608347142006,26.109524355956783,杏绘Cake,坪地彝族乡人民政府西侧200米,贵州省,六盘水市,,餐饮服务;糕饼店;糕饼店,050800,B0L0GC45RI,餐饮服务,糕饼店,糕饼店,
104.59638320539484,26.109624413773894,小陈羊肉粉馆,坪地彝族乡人民政府西侧170米,贵州省,六盘水市,,餐饮服务;中餐厅;中餐厅,050100,B0LKZLFZ5F,餐饮服务,中餐厅,中餐厅,
104.60256670414776,26.112228094066978,三合柴火牛汤锅,坪地派出所东南侧250米,贵州省,六盘水市,,餐饮服务;中餐厅;中餐厅,050100,B0LG5D0OJ3,餐饮服务,中餐厅,中餐厅,
104.60196046939667,26.110797319260257,老地方牛肉馆,坪地乡五十米大街汇豪酒店旁,贵州省,六盘水市,,餐饮服务;中餐厅;中餐厅,050100,B0HUU5ROIU,餐饮服务,中餐厅,中餐厅,
104.60256673218385,26.111495607694867,水城老牌羊肉粉,盘州市坪地乡莫西里村十二组,贵州省,六盘水市,,餐饮服务;中餐厅;中餐厅,050100,B0I3FLY3MA,餐饮服务,中餐厅,中餐厅,
104.59698270092159,26.10875080327671,老王烧烤,坪地彝族乡人民政府西南侧140米,贵州省,六盘水市,,餐饮服务;餐饮相关场所;餐饮相关,050000,B0M6GOPHHI,餐饮服务,餐饮相关场所,餐饮相关,
104.61588140908609,26.1215896424503,黔再来饭店,小树林居民委员会东北侧210米,贵州省,六盘水市,,餐饮服务;中餐厅;中餐厅,050100,B0KRHZM79M,餐饮服务,中餐厅,中餐厅,
104.60102851047192,26.111221840580463,彝米知香小食堂,盘水市盘州市坪地彝族乡易地搬迁安置4号,贵州省,六盘水市,,餐饮服务;中餐厅;中餐厅,050100,B0LRBSNLTM,餐饮服务,中餐厅,中餐厅,
104.59710861877572,26.107885218884512,百果蜜茶(友谊路店),江西路与友谊路交叉口东北方向38米,贵州省,六盘水市,,餐饮服务;冷饮店;冷饮店,050700,B0G2AU5Y0B,餐饮服务,冷饮店,冷饮店,
104.59678489878735,26.108269494294166,爱心园(母婴店),坪地彝族乡,贵州省,六盘水市,,餐饮服务;餐饮相关场所;餐饮相关,050000,B0L0CC003H,餐饮服务,餐饮相关场所,餐饮相关,
104.61535735052075,26.1214239655348,彝家火塘屋风味餐厅,江西路,贵州省,六盘水市,,餐饮服务;中餐厅;中餐厅,050100,B0L1ZMLFS2,餐饮服务,中餐厅,中餐厅,
104.61560691519402,26.12120361572676,张记乡村牛肉馆(分店),盘州晟贤弟兄酒店东北侧,贵州省,六盘水市,,餐饮服务;中餐厅;中餐厅,050100,B0KRD7EAPY,餐饮服务,中餐厅,中餐厅,
104.61356060112261,26.1179230584541,乌蒙小院牛肉馆,坪地乡小树林村4组27号,贵州省,六盘水市,,餐饮服务;中餐厅;中餐厅,050100,B0LAG1UVEF,餐饮服务,中餐厅,中餐厅,
104.61762024683362,26.120971727973387,回头客羊肉馆,老丁家乌蒙大草原宣威清真回族牛菜馆东侧,贵州省,六盘水市,,餐饮服务;餐饮相关场所;餐饮相关,050000,B0JRN6WPM5,餐饮服务,餐饮相关场所,餐饮相关,
104.60205134264827,26.111355664905222,杜记牛肉馆,坪地乡莫西里村潘石凯民宿旅店,贵州省,六盘水市,,餐饮服务;餐饮相关场所;餐饮相关,050000,B0LU97D0QZ,餐饮服务,餐饮相关场所,餐饮相关,
104.59670899812996,26.10745895843599,水城羊肉粉(S212店),212省道,贵州省,六盘水市,,餐饮服务;中餐厅;中餐厅,050100,B0FFICOBXR,餐饮服务,中餐厅,中餐厅,
104.61762024683362,26.120971727973387,回头客羊肉馆,老丁家乌蒙大草原宣威清真回族牛菜馆东侧,贵州省,六盘水市,,餐饮服务;餐饮相关场所;餐饮相关,050000,B0JRN6WPM5,餐饮服务,餐饮相关场所,餐饮相关,
104.60205134264827,26.111355664905222,杜记牛肉馆,坪地乡莫西里村潘石凯民宿旅店,贵州省,六盘水市,,餐饮服务;餐饮相关场所;餐饮相关,050000,B0LU97D0QZ,餐饮服务,餐饮相关场所,餐饮相关,
104.59670899812996,26.10745895843599,水城羊肉粉(S212店),212省道,贵州省,六盘水市,,餐饮服务;中餐厅;中餐厅,050100,B0FFICOBXR,餐饮服务,中餐厅,中餐厅,
104.59681691021707,26.10721479012379,千里香馄饨店,盘州市玉民堂大药房对面,贵州省,六盘水市,,餐饮服务;中餐厅;中餐厅,050100,B0K1G9RKSH,餐饮服务,中餐厅,中餐厅,
104.61759429562707,26.120963746020795,老丁家乌蒙大草原宣威清真回族牛菜馆,回头客羊肉馆西侧,贵州省,六盘水市,,餐饮服务;餐饮相关场所;餐饮相关,050000,B0FFKHDEJC,餐饮服务,餐饮相关场所,餐饮相关,
104.5968888532874,26.10699964272116,贡茶(坪地分店),坪地小学西北侧90米,贵州省,六盘水市,,餐饮服务;餐饮相关场所;餐饮相关,050000,B0L3H79RE5,餐饮服务,餐饮相关场所,餐饮相关,
104.6127968947739,26.117610411030434,秀秀羊肉馆,江西路,贵州省,六盘水市,,餐饮服务;中餐厅;中餐厅,050100,B0LRH1AB4O,餐饮服务,中餐厅,中餐厅,
104.59793183863262,26.108073273819752,旭龙破酥包,坪地彝族乡人民政府南侧150米,贵州省,六盘水市,,餐饮服务;快餐厅;快餐厅,050300,B0MB75PEIG,餐饮服务,快餐厅,快餐厅,
104.59686688125183,26.106789503942053,柒分糖蛋糕,友谊路西侧,贵州省,六盘水市,,餐饮服务;餐饮相关场所;餐饮相关,050000,B0JUHHTFYZ,餐饮服务,餐饮相关场所,餐饮相关,
104.61551816474662,26.11883112337728,味之缘牛肉馆,坪地乡小树林村九组,贵州省,六盘水市,,餐饮服务;中餐厅;中餐厅,050100,B0G126JILL,餐饮服务,中餐厅,中餐厅,
104.61413563019985,26.11763843450329,盛源来牛肉馆,盘州市贵州省盘州市坪地乡小树林村十一组,贵州省,六盘水市,,餐饮服务;中餐厅;中餐厅,050100,B0KRJ71M1U,餐饮服务,中餐厅,中餐厅,
104.61468668042463,26.117516924720633,盘州市宴钰平牛肉馆,盘州市贵州省盘州市坪地乡小树林村三组26号,贵州省,六盘水市,,餐饮服务;中餐厅;中餐厅,050100,B0JRPHI7H1,餐饮服务,中餐厅,中餐厅,
104.60562890675963,26.110638915993306,聚贤居酒楼,盘州市坪地乡莫西里村九组,贵州省,六盘水市,,餐饮服务;中餐厅;中餐厅,050100,B0FFJD3R1K,餐饮服务,中餐厅,中餐厅,
104.61535748329578,26.11797168704206,乌蒙自助烤肉,盘州市坪地彝族乡小树林村十二点组2号,贵州省,六盘水市,,餐饮服务;餐饮相关场所;餐饮相关,050000,B0LD4CR854,餐饮服务,餐饮相关场所,餐饮相关,
104.59712963310858,26.107005631520902,好想吃面食,坪地小学北侧80米,贵州省,六盘水市,,餐饮服务;中餐厅;中餐厅,050100,B0LUMCDY83,餐饮服务,中餐厅,中餐厅,
104.6144351151982,26.117584166656957,食八方羊肉馆,盘州市坪地乡小树林居委会退役军人服务站南侧90米,贵州省,六盘水市,,餐饮服务;中餐厅;中餐厅,050100,B0KAZHIVBZ,餐饮服务,中餐厅,中餐厅,
104.6145688843259,26.117549038721556,川渝餐馆,平地乡小树林村,贵州省,六盘水市,,餐饮服务;中餐厅;四川菜(川菜),050102,B0LDOR5QUX,餐饮服务,中餐厅,四川菜(川菜),
104.5967270422997,26.10587990505687,鱼乐圈烤鱼,莫西里村五组七号,贵州省,六盘水市,,餐饮服务;中餐厅;中餐厅,050100,B0LKN9RLOG,餐饮服务,中餐厅,中餐厅,
104.61470465877548,26.11726474378175,农家小院,盘州市坪地乡小树林居委会退役军人服务站南侧120米,贵州省,六盘水市,,餐饮服务;中餐厅;中餐厅,050100,B0J1VD2V4G,餐饮服务,中餐厅,中餐厅,
104.61517179211164,26.118482175037208,顺源牛肉馆,盘州市坪地乡小树林居委会退役军人服务站东侧,贵州省,六盘水市,,餐饮服务;中餐厅;中餐厅,050100,B0GRVAU3BQ,餐饮服务,中餐厅,中餐厅,
104.59681896928346,26.10562172801435,嘴嘴鲜特色美食,友谊路西侧,贵州省,六盘水市,,餐饮服务;中餐厅;中餐厅,050100,B0GR06UBFL,餐饮服务,中餐厅,中餐厅,
104.61552915655427,26.118535919368963,欢朋小院,盘州市坪地乡小树林村九组,贵州省,六盘水市,,体育休闲服务;体育休闲服务场所;体育休闲服务场所|餐饮服务;餐饮相关场所;餐饮相关,080000|050000,B0HRXAROBZ,体育休闲服务,体育休闲服务场所,体育休闲服务场所|餐饮服务,餐饮相关场所
104.59685497183713,26.10470311308626,鸿祥牛肉馆,友谊路西侧,贵州省,六盘水市,,餐饮服务;中餐厅;中餐厅,050100,B0FFJRVJBW,餐饮服务,中餐厅,中餐厅,
104.59702381191951,26.104867212471323,顺兴牛肉馆,盘州市坪地乡汽车站往上十米,贵州省,六盘水市,,餐饮服务;中餐厅;中餐厅,050100,B0LD4DMM89,餐饮服务,中餐厅,中餐厅,
104.59718765530462,26.10502830894925,王记早餐,盘州市S212坪地小学南侧约150米,贵州省,六盘水市,,餐饮服务;快餐厅;快餐厅,050300,B0HA6Y773X,餐饮服务,快餐厅,快餐厅,
104.61552915655427,26.118535919368963,欢朋小院,盘州市坪地乡小树林村九组,贵州省,六盘水市,,体育休闲服务;体育休闲服务场所;体育休闲服务场所|餐饮服务;餐饮相关场所;餐饮相关,080000|050000,B0HRXAROBZ,体育休闲服务,体育休闲服务场所,体育休闲服务场所|餐饮服务,餐饮相关场所
104.59685497183713,26.10470311308626,鸿祥牛肉馆,友谊路西侧,贵州省,六盘水市,,餐饮服务;中餐厅;中餐厅,050100,B0FFJRVJBW,餐饮服务,中餐厅,中餐厅,
104.59702381191951,26.104867212471323,顺兴牛肉馆,盘州市坪地乡汽车站往上十米,贵州省,六盘水市,,餐饮服务;中餐厅;中餐厅,050100,B0LD4DMM89,餐饮服务,中餐厅,中餐厅,
104.59718765530462,26.10502830894925,王记早餐,盘州市S212坪地小学南侧约150米,贵州省,六盘水市,,餐饮服务;快餐厅;快餐厅,050300,B0HA6Y773X,餐饮服务,快餐厅,快餐厅,
104.5968380044195,26.10425281343822,建玉牛肉馆,盘州市贵州省盘州市坪地彝族乡医院旁,贵州省,六盘水市,,餐饮服务;中餐厅;火锅店,050117,B0FFMDHCEU,餐饮服务,中餐厅,火锅店,
104.61474662640373,26.11620300823162,香顺牛肉馆,盘州市坪地乡小树林居委会退役军人服务站南侧240米,贵州省,六盘水市,,餐饮服务;餐饮相关场所;餐饮相关,050000,B0J10UD4SU,餐饮服务,餐饮相关场所,餐饮相关,
104.59722369344865,26.103161059553184,盘州市萧继牛肉馆,友谊路,贵州省,六盘水市,,餐饮服务;中餐厅;中餐厅,050100,B0FFLN4998,餐饮服务,中餐厅,中餐厅,
104.60651681694522,26.10771357135719,坪地特色酸笋牛肉馆,盘州市坪地彝族乡莫西里村九组85号,贵州省,六盘水市,,餐饮服务;中餐厅;中餐厅,050100,B0KA7C6X38,餐饮服务,中餐厅,中餐厅,
104.59820283374633,26.101357762100363,福纪木桶鱼(坪地店),盘州市坪地彝族乡莫西里村(活动室对面),贵州省,六盘水市,,餐饮服务;中餐厅;中餐厅,050100,B0K0SU5M2I,餐饮服务,中餐厅,中餐厅,
104.59787813599688,26.101644989303743,合丰铁锅牛肉馆,友谊路,贵州省,六盘水市,,餐饮服务;中餐厅;中餐厅,050100,B0LGF7RZJ5,餐饮服务,中餐厅,中餐厅,
104.61150764602563,26.100800121303287,四季鲜牛肉馆,108乡道,贵州省,六盘水市,,餐饮服务;中餐厅;中餐厅,050100,B0IUVUP4ZY,餐饮服务,中餐厅,中餐厅,
104.61089162827552,26.10072447432231,川味居饭庄,108乡道,贵州省,六盘水市,,餐饮服务;中餐厅;四川菜(川菜),050102,B0LRSM4LW9,餐饮服务,中餐厅,四川菜(川菜),
104.45257468091195,26.174509714937724,云贵特色牛肉馆,田坝镇,云南省,曲靖市,,餐饮服务;中餐厅;中餐厅,050100,B0J2HCGS5W,餐饮服务,中餐厅,中餐厅,
104.56529412553279,26.263835539127253,食惠牛肉馆,中国电信(四格大寨营业厅)附近,贵州省,六盘水市,,餐饮服务;中餐厅;中餐厅,050100,B0L1B5Z70R,餐饮服务,中餐厅,中餐厅,
104.45086361557028,26.174582024121143,宏运 富源黄金脆皮砂锅猪脚,田坝一中上行100米,云南省,曲靖市,,餐饮服务;中餐厅;火锅店,050117,B0LKK5MWSQ,餐饮服务,中餐厅,火锅店,
104.45043487401861,26.1743519595328,百香高汤坊,田坝镇一中大门旁,云南省,曲靖市,,餐饮服务;餐饮相关场所;餐饮相关,050000,B0LKG51P28,餐饮服务,餐饮相关场所,餐饮相关,
104.44934601676864,26.173876352216904,水城羊肉米线(Y326店),091乡道与鸡田线交叉口东北140米,云南省,曲靖市,,餐饮服务;餐饮相关场所;餐饮相关,050000,B0HRVXHLIO,餐饮服务,餐饮相关场所,餐饮相关,
104.44821311595257,26.17376492343963,享哆味汉堡炸鸡(田坝店),田坝镇新街7号,云南省,曲靖市,,餐饮服务;快餐厅;快餐厅,050300,B0FFK1YLLN,餐饮服务,快餐厅,快餐厅,
104.63586837160868,26.10627306662395,乡村园牛肉馆,盘州市坪地彝族乡发冲村一组干塘子,贵州省,六盘水市,,餐饮服务;餐饮相关场所;餐饮相关,050000,B0LUPSYVS8,餐饮服务,餐饮相关场所,餐饮相关,
104.44783751429928,26.17328384995962,蜜雪冰城(鸡田线店),鸡田线与091乡道交叉口西40米,云南省,曲靖市,,餐饮服务;冷饮店;冷饮店,050700,B0KUDL8VD4,餐饮服务,冷饮店,冷饮店,
104.44831529596715,26.173511975887145,老桥清真牛肉馆,091乡道与鸡田线交叉口东北40米,云南省,曲靖市,,餐饮服务;中餐厅;清真菜馆,050121,B0G07U3L58,餐饮服务,中餐厅,清真菜馆,
104.44801281528868,26.17298902487826,优果颐(宣威田坝店),鸡田线与091乡道交叉口西南20米,云南省,曲靖市,,餐饮服务;冷饮店;冷饮店,050700,B0K6HHG3G9,餐饮服务,冷饮店,冷饮店,
104.44806291480998,26.172573867553787,老街相约老地方音乐餐吧,田坝镇新街,云南省,曲靖市,,餐饮服务;餐饮相关场所;餐饮相关,050000,B0J3LA8D6U,餐饮服务,餐饮相关场所,餐饮相关,
104.44813804026481,26.172548005959175,福禧楼宴会厅,鸡田线与091乡道交叉口南80米,云南省,曲靖市,,餐饮服务;中餐厅;中餐厅,050100,B0L2KCG0PX,餐饮服务,中餐厅,中餐厅,
104.4471423226502,26.17469131560242,盛香巧味,田坝镇田海路,云南省,曲靖市,,餐饮服务;餐饮相关场所;餐饮相关,050000,B0H3GC5LN3,餐饮服务,餐饮相关场所,餐饮相关,
104.44806291480998,26.172573867553787,老街相约老地方音乐餐吧,田坝镇新街,云南省,曲靖市,,餐饮服务;餐饮相关场所;餐饮相关,050000,B0J3LA8D6U,餐饮服务,餐饮相关场所,餐饮相关,
104.44813804026481,26.172548005959175,福禧楼宴会厅,鸡田线与091乡道交叉口南80米,云南省,曲靖市,,餐饮服务;中餐厅;中餐厅,050100,B0L2KCG0PX,餐饮服务,中餐厅,中餐厅,
104.4471423226502,26.17469131560242,盛香巧味,田坝镇田海路,云南省,曲靖市,,餐饮服务;餐饮相关场所;餐饮相关,050000,B0H3GC5LN3,餐饮服务,餐饮相关场所,餐饮相关,
104.44753698259984,26.17424783962202,好又来牛菜馆,鸡田线与091乡道交叉口西北120米,云南省,曲靖市,,餐饮服务;中餐厅;中餐厅,050100,B0L3ASTXEY,餐饮服务,中餐厅,中餐厅,
104.44735477060087,26.172126139030095,黎阳糕点坊,田坝镇091乡道旁,云南省,曲靖市,,餐饮服务;糕饼店;糕饼店,050800,B0LD4LR8JO,餐饮服务,糕饼店,糕饼店,
104.4458935065012,26.17031006818669,金冠蛋糕(Y326店),田坝镇卫生院旁,云南省,曲靖市,,餐饮服务;餐饮相关场所;餐饮相关,050000,B0FFID3L6K,餐饮服务,餐饮相关场所,餐饮相关,
104.63802686920124,26.10572746993268,顺源牛肉馆,[],贵州省,六盘水市,,餐饮服务;餐饮相关场所;餐饮相关,050000,B0K265O4DS,餐饮服务,餐饮相关场所,餐饮相关,
104.63940828511267,26.105205993460665,盘州市团归牛肉馆,108乡道南40米,贵州省,六盘水市,,餐饮服务;中餐厅;中餐厅,050100,B0H22CIKBM,餐饮服务,中餐厅,中餐厅,
104.55264990644969,26.071695071864216,盈府山庄,洒基镇政府小区,贵州省,六盘水市,,餐饮服务;中餐厅;中餐厅,050100,B0FFM0XBQR,餐饮服务,中餐厅,中餐厅,
104.4461619239098,26.170450688992467,清华破酥老面包子,鸡田线与091乡道交叉口西南360米,云南省,曲靖市,,餐饮服务;中餐厅;中餐厅,050100,B0G0AOYCBB,餐饮服务,中餐厅,中餐厅,
104.44573405121206,26.175418956419016,火爆牛肉馆,鸡田线与091乡道交叉口西北340米,云南省,曲靖市,,餐饮服务;中餐厅;中餐厅,050100,B0KGH5277S,餐饮服务,中餐厅,中餐厅,
104.5448696535407,26.071649454328618,普田清真园(矿兴路店),洒基镇云中路,贵州省,六盘水市,,餐饮服务;中餐厅;清真菜馆,050121,B035A00BUE,餐饮服务,中餐厅,清真菜馆,
104.55100373031657,26.071889091262033,醉江渔生态鱼馆,东欣路与云大路交叉口北300米,贵州省,六盘水市,,餐饮服务;中餐厅;中餐厅,050100,B0HGMCY9OB,餐饮服务,中餐厅,中餐厅,
104.5511108860024,26.071602101588276,川香人家,云府路4号,贵州省,六盘水市,,餐饮服务;中餐厅;四川菜(川菜),050102,B0LASR4V5S,餐饮服务,中餐厅,四川菜(川菜),
104.54536545325584,26.071431363622636,龙记早餐(总店),土城矿路安小区西南门南50米,贵州省,六盘水市,,餐饮服务;中餐厅;中餐厅,050100,B0FFG2TD6B,餐饮服务,中餐厅,中餐厅,
104.54090396725192,26.07199292928846,刘徐饭店,安康路与云中路交叉口东140米,贵州省,六盘水市,,餐饮服务;中餐厅;中餐厅,050100,B0GR0KWN30,餐饮服务,中餐厅,中餐厅,
104.54462725734031,26.071800036623348,吃碗酸汤鱼粉,安康路与云中路交叉口东500米,贵州省,六盘水市,,餐饮服务;中餐厅;中餐厅,050100,B0L0V9JRTY,餐饮服务,中餐厅,中餐厅,
104.54486364032586,26.071742504803275,老城牛肉粉,土城矿大楼东北侧120米,贵州省,六盘水市,,餐饮服务;中餐厅;中餐厅,050100,B0K074BV47,餐饮服务,中餐厅,中餐厅,
104.5586368558542,26.06968413711838,新缘休闲山庄,柏果镇常箐村八组,贵州省,六盘水市,,餐饮服务;中餐厅;火锅店,050117,B0GR7HIGQZ,餐饮服务,中餐厅,火锅店,
104.44359179370466,26.175334762897307,余家坝胡辣子火锅羊肉馆,田坝镇余家坝,云南省,曲靖市,,餐饮服务;中餐厅;中餐厅,050100,B0H0K5NTCV,餐饮服务,中餐厅,中餐厅,
104.54721735974015,26.070446568222653,留一手豆花烤鱼,盘州市安康居委会云欣路79号,贵州省,六盘水市,,餐饮服务;中餐厅;特色/地方风味餐厅,050118,B0J1Z9Q9DE,餐饮服务,中餐厅,特色/地方风味餐厅,
104.5551930502,26.07098619401981,高山牛肉馆,贵州省六盘水市盘州市,贵州省,六盘水市,,餐饮服务;中餐厅;中餐厅,050100,B0I11A4G09,餐饮服务,中餐厅,中餐厅,
104.44443203850149,26.17564255906126,小雅食府,鸡田线与091乡道交叉口西北460米,云南省,曲靖市,,餐饮服务;中餐厅;中餐厅,050100,B0M63C9Z31,餐饮服务,中餐厅,中餐厅,
104.54655034233987,26.070448187376293,饮水思源,安康居委会云欣路77号,贵州省,六盘水市,,餐饮服务;餐饮相关场所;餐饮相关,050000,B0FFIESE4V,餐饮服务,餐饮相关场所,餐饮相关,
104.54145393549881,26.071807048397147,盘县普田铜锅牛肉馆(云大路店),安康路与云中路交叉口东200米,贵州省,六盘水市,,餐饮服务;中餐厅;中餐厅,050100,B0HRA6MAQ7,餐饮服务,中餐厅,中餐厅,
104.58152104763461,25.678059740747244,丹霞服务区原香味餐厅,S77水兴高速与丹霞服务区交叉口东北240米,贵州省,六盘水市,,餐饮服务;中餐厅;中餐厅,050100,B0LDP72DUK,餐饮服务,中餐厅,中餐厅,
104.5263426225409,25.68419593428394,亨味餐馆,南风超市南侧150米,贵州省,六盘水市,,餐饮服务;中餐厅;中餐厅,050100,B0LR3SCO5D,餐饮服务,中餐厅,中餐厅,
104.52654303777194,25.684946866622358,鲜鲜羊汤锅,南风超市南侧60米,贵州省,六盘水市,,餐饮服务;中餐厅;中餐厅,050100,B0M69DAA1S,餐饮服务,中餐厅,中餐厅,
104.51311193660553,25.667400121494506,石蛙苑餐饮,[],贵州省,六盘水市,,餐饮服务;中餐厅;中餐厅,050100,B0L0RC69R2,餐饮服务,中餐厅,中餐厅,
104.60375089326334,25.675230244589745,大桥兴旺牛肉馆,202县道与115乡道交叉口北360米,贵州省,六盘水市,,餐饮服务;中餐厅;中餐厅,050100,B0L3F168J4,餐饮服务,中餐厅,中餐厅,
104.60446096088528,25.676328554364865,大桥餐馆,盘州市202县道丹霞镇大桥,贵州省,六盘水市,,餐饮服务;中餐厅;云贵菜,050114,B0GDDSV3FV,餐饮服务,中餐厅,云贵菜,
104.60517608119693,25.675223698272646,爬山带皮牛肉馆,丹霞镇水塘大桥,贵州省,六盘水市,,餐饮服务;中餐厅;中餐厅,050100,B0IGZUZ1OC,餐饮服务,中餐厅,中餐厅,
104.60493131159147,25.677545003022544,诺源新鲜烤吧,盘州市前所村四组,贵州省,六盘水市,,餐饮服务;中餐厅;中餐厅,050100,B0K03HZB4I,餐饮服务,中餐厅,中餐厅,
104.60614979211287,25.675108218964546,秕杂鸿威牛肉馆,环城路杨旗屯路口,贵州省,六盘水市,,餐饮服务;中餐厅;中餐厅,050100,B0I2RSSYJM,餐饮服务,中餐厅,中餐厅,
104.60559723163547,25.683043604852234,邻家小院,丹霞镇水塘村水塘小学东北侧,贵州省,六盘水市,,餐饮服务;中餐厅;中餐厅,050100,B0LDBRF494,餐饮服务,中餐厅,中餐厅,
104.60665188110495,25.681102110739392,山岚小炒肉,丹霞镇卫生院西侧,贵州省,六盘水市,,餐饮服务;中餐厅;中餐厅,050100,B0KRDAEWVF,餐饮服务,中餐厅,中餐厅,
104.60708724441665,25.681993369144138,秕杂鑫源牛汤锅,盘州市盘州市盘州市道班队对面,贵州省,六盘水市,,餐饮服务;中餐厅;中餐厅,050100,B0L65CP36O,餐饮服务,中餐厅,中餐厅,
104.60718711620395,25.681693162469063,水塘兴隆牛肉馆,丹霞镇卫生院北侧80米,贵州省,六盘水市,,餐饮服务;中餐厅;中餐厅,050100,B0MBRUQYG6,餐饮服务,中餐厅,中餐厅,
104.60795000106582,25.682585242704135,黔道烤鱼店,水塘派出所东南侧150米,贵州省,六盘水市,,餐饮服务;中餐厅;特色/地方风味餐厅,050118,B0I10524UG,餐饮服务,中餐厅,特色/地方风味餐厅,
104.60753658255604,25.682793565628078,初语茶,盘州市公安局丹霞派出所东南侧120米,贵州省,六盘水市,,餐饮服务;冷饮店;冷饮店,050700,B0L2R5MNTZ,餐饮服务,冷饮店,冷饮店,
104.60808879045847,25.68287532205339,亦茶大师,盘州市贵州省盘州市丹霞镇丹霞居委会街上,贵州省,六盘水市,,餐饮服务;冷饮店;冷饮店,050700,B0KDA9KVCK,餐饮服务,冷饮店,冷饮店,
104.60777624500149,25.68271039903769,茶之都,水塘派出所东南侧150米,贵州省,六盘水市,,餐饮服务;冷饮店;冷饮店,050700,B0KRKDAPVX,餐饮服务,冷饮店,冷饮店,
104.5468337102535,25.62381514103139,欣然雅居牛肉馆,妥乐古银杏旅游景区北侧210米,贵州省,六盘水市,,餐饮服务;中餐厅;中餐厅,050100,B0MBL5T3I8,餐饮服务,中餐厅,中餐厅,
104.6084772305443,25.682782064011498,正惠饼屋,水塘派出所东南侧210米,贵州省,六盘水市,,餐饮服务;糕饼店;糕饼店,050800,B0KRKDAZ5F,餐饮服务,糕饼店,糕饼店,
104.60941283739237,25.68298264116869,红玫瑰蛋糕店,旭明口腔西侧,贵州省,六盘水市,,餐饮服务;糕饼店;糕饼店,050800,B0FFK92V6O,餐饮服务,糕饼店,糕饼店,
104.60908431672121,25.683292994026115,品点蛋糕,旭明口腔西北侧60米,贵州省,六盘水市,,餐饮服务;糕饼店;糕饼店,050800,B0L1L5FA6Y,餐饮服务,糕饼店,糕饼店,
104.6091272573589,25.68317290628833,木木糕点,旭明口腔西侧50米,贵州省,六盘水市,,餐饮服务;糕饼店;糕饼店,050800,B0LA6H6XSS,餐饮服务,糕饼店,糕饼店,
104.6096345027751,25.68299551762106,避风塘(X202店),202县道南侧,贵州省,六盘水市,,餐饮服务;中餐厅;特色/地方风味餐厅,050118,B0G156N617,餐饮服务,中餐厅,特色/地方风味餐厅,
104.60973333614386,25.683442694256097,罗记传统老面,旭明口腔北侧50米,贵州省,六盘水市,,餐饮服务;中餐厅;中餐厅,050100,B0LKJR2SUB,餐饮服务,中餐厅,中餐厅,
104.50244919843998,25.65314437923935,早禹香辣脆皮猪脚,红果镇樟木树煤矿工会委员会南侧140米,贵州省,六盘水市,,餐饮服务;中餐厅;中餐厅,050100,B0KA7U5O6W,餐饮服务,中餐厅,中餐厅,
104.61272464602195,25.682155056615507,盘州市宏鹏牛肉馆,水塘农贸市场公交车站,贵州省,六盘水市,,餐饮服务;中餐厅;中餐厅,050100,B0L3NZCZ76,餐饮服务,中餐厅,中餐厅,
104.61277844391005,25.68514159143211,怡馨园饭店,丹霞镇水塘居委会西南侧200米,贵州省,六盘水市,,餐饮服务;中餐厅;中餐厅,050100,B0MBOUXK2F,餐饮服务,中餐厅,中餐厅,
104.57663727050095,25.61849599513552,山岚正典牛肉馆,水塘镇里,贵州省,六盘水市,,餐饮服务;中餐厅;中餐厅,050100,B0LB4HHMZI,餐饮服务,中餐厅,中餐厅,
104.54939679844274,25.615304451396536,农夫之家土菜馆,石桥镇妥乐村二组,贵州省,六盘水市,,餐饮服务;餐饮相关场所;餐饮相关,050000,B0FFLCCM6T,餐饮服务,餐饮相关场所,餐饮相关,
104.5765752905334,25.617748601970437,山岚小炒肉,丹霞镇里山岚村,贵州省,六盘水市,,餐饮服务;中餐厅;中餐厅,050100,B0KDD9CWG6,餐饮服务,中餐厅,中餐厅,
104.57680942816157,25.614855488920202,山岚盛岚馨蛋糕店,"丹霞镇山岚街上,三特药业对面",贵州省,六盘水市,,餐饮服务;糕饼店;糕饼店,050800,B0L1S7QI0Z,餐饮服务,糕饼店,糕饼店,
104.54979650280005,25.61154454865068,古银杏食府,杏湖楼农家乐东北侧,贵州省,六盘水市,,餐饮服务;中餐厅;中餐厅,050100,B0FFHMMCV3,餐饮服务,中餐厅,中餐厅,
104.50113673779093,25.706064108812736,龙吟山庄,翰林街道小冲村13组,贵州省,六盘水市,,餐饮服务;餐饮相关场所;餐饮相关,050000,B0G19Z9AWU,餐饮服务,餐饮相关场所,餐饮相关,
104.51120496894092,25.61988653700109,仙女湖山庄,石桥镇鲁番村仙女湖旁,贵州省,六盘水市,,餐饮服务;中餐厅;火锅店,050117,B0FFLBROJH,餐饮服务,中餐厅,火锅店,
104.4875713880489,25.701911194330368,普田干锅牛肉,红果镇环城路8路、25路公交车站(中石化正对面),贵州省,六盘水市,,餐饮服务;中餐厅;清真菜馆,050121,B0GROR6I0C,餐饮服务,中餐厅,清真菜馆,
104.487409981865,25.701595543774538,养鹿山庄兴锐餐饮公司,中国石化六盘水盘州环东加油1站西侧100米,贵州省,六盘水市,,体育休闲服务;休闲场所;休闲场所|餐饮服务;中餐厅;中餐厅,080500|050100,B0FFLF30LA,体育休闲服务,休闲场所,休闲场所|餐饮服务,中餐厅
104.48767065166889,25.701751401479484,万贵牛肉馆,翰林街道小冲居委会退役军人服务站东南侧,贵州省,六盘水市,,餐饮服务;中餐厅;中餐厅,050100,B0JRC780EK,餐饮服务,中餐厅,中餐厅,
104.487338799465,25.701542303837623,云贵人家饭店,中国石化六盘水盘州环东加油1站西侧110米,贵州省,六盘水市,,餐饮服务;中餐厅;中餐厅,050100,B0FFL1N3S4,餐饮服务,中餐厅,中餐厅,
104.48322349924328,25.694193212877593,正宗响水田氏小炒肉,翰林街道盘州府1号后门1.1期2栋1-1-06-08门店(320国道环城路边),贵州省,六盘水市,,餐饮服务;中餐厅;中餐厅,050100,B0JR7OID91,餐饮服务,中餐厅,中餐厅,
104.48343898649814,25.69580671184135,馨媛餐馆,盘州府1号12栋2-1-1门面,贵州省,六盘水市,,餐饮服务;餐饮相关场所;餐饮相关,050000,B0JR0ZUASN,餐饮服务,餐饮相关场所,餐饮相关,
104.48260095690829,25.693077797450844,水塘江家特色小炒肉,翰林街道盘州府1号1期4栋1-1-8-10门店,贵州省,六盘水市,,餐饮服务;中餐厅;中餐厅,050100,B0J19H3FT7,餐饮服务,中餐厅,中餐厅,
104.48357431938302,25.696135284909733,张记特色脆皮猪脚,翰林街道华屯居委会盘州府1号1.2期12栋2-1-03/04号,贵州省,六盘水市,,餐饮服务;中餐厅;中餐厅,050100,B0J2TDWIHF,餐饮服务,中餐厅,中餐厅,
104.48211264886312,25.694816311187726,春芳脆皮猪脚火锅,盘州市盘州府1号7栋负4-12,贵州省,六盘水市,,餐饮服务;中餐厅;火锅店,050117,B0J37LQFCZ,餐饮服务,中餐厅,火锅店,
104.48584585575951,25.70372308207629,紫乐小苑,王家山小区,贵州省,六盘水市,,餐饮服务;餐饮相关场所;餐饮相关,050000,B0I3NUDKCH,餐饮服务,餐饮相关场所,餐饮相关,
104.6285154597621,25.70740685858017,英俊脆皮猪脚,盘州市赵官屯村加油站斜对面20米处,贵州省,六盘水市,,餐饮服务;中餐厅;中餐厅,050100,B0K6LHMQX9,餐饮服务,中餐厅,中餐厅,
104.62893150848213,25.707399326181637,早点见面,246国道与赵官路交叉口东北20米,贵州省,六盘水市,,餐饮服务;餐饮相关场所;餐饮相关,050000,B0HAB7Q296,餐饮服务,餐饮相关场所,餐饮相关,
104.47787891317333,25.697817747910694,益乡老味道豆豉火锅,翰林街道东湖国际5期B1层01号,贵州省,六盘水市,,餐饮服务;餐饮相关场所;餐饮相关,050000,B0LU5ZLWYZ,餐饮服务,餐饮相关场所,餐饮相关,
104.47738968557955,25.698280608131352,正宗山岚张记小炒肉,盘州市凤鸣南路41号4幢东湖国际5期,贵州省,六盘水市,,餐饮服务;中餐厅;中餐厅,050100,B0J235XMAZ,餐饮服务,中餐厅,中餐厅,
104.6305137935232,25.708485868451856,普田清真牛肉馆,246国道与赵官路交叉口东北220米,贵州省,六盘水市,,餐饮服务;中餐厅;清真菜馆,050121,B0G1B77XD4,餐饮服务,中餐厅,清真菜馆,
104.4744116496642,25.69219895319904,恩琦烧烤屋,亦资街道西铺社区下三组,贵州省,六盘水市,,餐饮服务;中餐厅;特色/地方风味餐厅,050118,B0L1HOYYC8,餐饮服务,中餐厅,特色/地方风味餐厅,
104.47132929541806,25.666748146802366,普田漫香园牛肉馆,冷水沟公交站,贵州省,六盘水市,,餐饮服务;中餐厅;中餐厅,050100,B0IK3CUJ1M,餐饮服务,中餐厅,中餐厅,
104.54465443280547,25.593629113810916,猪肚鸡火锅(石桥小城镇),石桥小城镇猪肚鸡火锅,贵州省,六盘水市,,餐饮服务;中餐厅;火锅店,050117,B0H6NCE6UW,餐饮服务,中餐厅,火锅店,
104.48299623059313,25.711929245444715,王二回族牛肉馆,华屯小学东南侧80米,贵州省,六盘水市,,餐饮服务;中餐厅;中餐厅,050100,B0I1XMPAYA,餐饮服务,中餐厅,中餐厅,
104.47554003812255,25.701132937097405,努力饭店(东湖店),江源路东湖国际5栋(盘县第三小学路口进来五十米),贵州省,六盘水市,,餐饮服务;中餐厅;中餐厅,050100,B0FFLC7FBQ,餐饮服务,中餐厅,中餐厅,
104.47847304571478,25.706587228959986,东北铁锅炖(城市公馆店),翰林街道江源居委会浅水湾27栋1-78号,贵州省,六盘水市,,餐饮服务;中餐厅;中餐厅,050100,B0J34S2VRC,餐饮服务,中餐厅,中餐厅,
104.47595609403675,25.700087537330404,居井 烧烤居酒屋,瀚林街道东湖国际二期B1层38号,贵州省,六盘水市,,餐饮服务;外国餐厅;日本料理,050202,B0LKJH1TM6,餐饮服务,外国餐厅,日本料理,
104.478691573631,25.70699107563366,醉渔翁鱼庄(城市公馆店),翰林街道江源路城市公馆E栋1-8号门面二楼,贵州省,六盘水市,,餐饮服务;餐饮相关场所;餐饮相关,050000,B0LD05GXNU,餐饮服务,餐饮相关场所,餐饮相关,
104.47833871687311,25.70645977538974,三和渔满仓干锅鱼(浅水湾店),红果镇(浅水湾后门)城市公馆,贵州省,六盘水市,,餐饮服务;中餐厅;中餐厅,050100,B0LR1HSUYI,餐饮服务,中餐厅,中餐厅,
104.47818130573725,25.70698161356551,田顺鱼庄(浅水湾店),盘州市浅水湾3期北门东南230米,贵州省,六盘水市,,餐饮服务;中餐厅;海鲜酒楼,050119,B0K3JZ40FU,餐饮服务,中餐厅,海鲜酒楼,
104.47777531717985,25.70653120949326,湘·回家吃饭(盘州店),浅水湾3期27幢,贵州省,六盘水市,,餐饮服务;餐饮相关场所;餐饮相关,050000,B0FFIREJB0,餐饮服务,餐饮相关场所,餐饮相关,
104.4770586552018,25.70377566285959,齐喵猫咖,翰林街道盘州太古城5栋902室,贵州省,六盘水市,,餐饮服务;餐饮相关场所;餐饮相关,050000,B0M6BSGMG9,餐饮服务,餐饮相关场所,餐饮相关,
104.47512801524314,25.701663071167367,彭老四特色牛肉馆(东湖国际店),红果镇东湖国际4号楼1号门面,贵州省,六盘水市,,餐饮服务;餐饮相关场所;餐饮相关,050000,B0FFHB0PL9,餐饮服务,餐饮相关场所,餐饮相关,
104.48107741393154,25.710627947541877,友富柴火全羊汤锅,红果加气站北侧210米,贵州省,六盘水市,,餐饮服务;中餐厅;中餐厅,050100,B0LB3OCS5I,餐饮服务,中餐厅,中餐厅,
104.47496763451338,25.701444503263858,蜜雪冰城(东湖国际店),盘州市盘州市翰林街道江源路东湖国际商业广场B区2层39号,贵州省,六盘水市,,餐饮服务;冷饮店;冷饮店,050700,B0L3ASSLZK,餐饮服务,冷饮店,冷饮店,
104.47709469322122,25.70507747845094,盘州茶道馆,江源路609号,贵州省,六盘水市,,餐饮服务;茶艺馆;茶艺馆,050600,B0LU2RRAXV,餐饮服务,茶艺馆,茶艺馆,
104.4812548459954,25.711039689364167,小爬山李奎柴火羊肉汤锅,江源路479号,贵州省,六盘水市,,餐饮服务;中餐厅;中餐厅,050100,B0LAYCYKNG,餐饮服务,中餐厅,中餐厅,
104.47856423653737,25.70750999752114,聚江烧烤,江源路527号,贵州省,六盘水市,,餐饮服务;中餐厅;综合酒楼,050101,B0I1BC0RRB,餐饮服务,中餐厅,综合酒楼,
104.47799986428448,25.70676297617265,盘州市普田铜锅全牛馆(浅水湾3期店),江源路浅水湾3期27-1,贵州省,六盘水市,,餐饮服务;餐饮相关场所;餐饮相关,050000,B0K1ODUYON,餐饮服务,餐饮相关场所,餐饮相关,
104.47735630213612,25.706004729487415,冰城铁锅炖,浅水湾3期北门南330米,贵州省,六盘水市,,餐饮服务;中餐厅;中餐厅,050100,B0KKAREO9M,餐饮服务,中餐厅,中餐厅,
104.47833767436474,25.707484336473865,有米·UM,浅水湾29栋4号,贵州省,六盘水市,,餐饮服务;中餐厅;四川菜(川菜),050102,B0L3273YAJ,餐饮服务,中餐厅,四川菜(川菜),
104.47468196942553,25.70075132751377,穆牛焰小马家正宗昭通小肉串,翰林街道江源路东湖国际商业广场B区负1-11号门面,贵州省,六盘水市,,餐饮服务;中餐厅;中餐厅,050100,B0JRYD7GA4,餐饮服务,中餐厅,中餐厅,
104.47477118251541,25.700825617048324,盘州市云丁牛肉,金秋路139正东湖国际B1层,贵州省,六盘水市,,餐饮服务;餐饮相关场所;餐饮相关,050000,B0KKRZ000S,餐饮服务,餐饮相关场所,餐饮相关,
104.4782323791547,25.708350513749764,半山煮余坛子鱼坛子鸡,盘州市江源路半山华府46号,贵州省,六盘水市,,餐饮服务;中餐厅;中餐厅,050100,B0G07U48UH,餐饮服务,中餐厅,中餐厅,
104.47482126247148,25.701885334565194,水城向佳羊肉粉(红果旗舰店),红果开发区江源路东湖国际商业广场3号楼1-12至13号,贵州省,六盘水市,,餐饮服务;中餐厅;中餐厅,050100,B0FFGZ8MGI,餐饮服务,中餐厅,中餐厅,
104.47523628319668,25.701537305768603,李与白包子铺东湖国际店,东湖国际1期4-1-6号,贵州省,六盘水市,,餐饮服务;中餐厅;特色/地方风味餐厅,050118,B0L049ZEJW,餐饮服务,中餐厅,特色/地方风味餐厅,
104.47483334281279,25.70057665514188,老表烧烤(江源路店),东湖国际商业广场B区负1-16号商铺,贵州省,六盘水市,,餐饮服务;中餐厅;特色/地方风味餐厅,050118,B0KAXRFGLB,餐饮服务,中餐厅,特色/地方风味餐厅,
104.47851309113476,25.707977108925053,奔犇碳烤肥牛(城市公馆店),红果镇(浅水湾后门)城市公馆,贵州省,六盘水市,,餐饮服务;中餐厅;中餐厅,050100,B0KDMUC0W4,餐饮服务,中餐厅,中餐厅,
104.6320370722366,25.71123533955948,醉江渔生态鱼馆赵管店,丹霞镇醉江渔生态鱼馆赵管店,贵州省,六盘水市,,餐饮服务;中餐厅;海鲜酒楼,050119,B0LADC8XCB,餐饮服务,中餐厅,海鲜酒楼,
104.47811609491372,25.708240121310023,语嘉小厨,浅水湾30-8商铺,贵州省,六盘水市,,餐饮服务;中餐厅;中餐厅,050100,B0JA29LSJ1,餐饮服务,中餐厅,中餐厅,
104.47450346638345,25.702578826264077,山村园(东湖店),东湖国际商业广场北门南90米,贵州省,六盘水市,,餐饮服务;中餐厅;中餐厅,050100,B0H1M7Y04V,餐饮服务,中餐厅,中餐厅,
104.47498661441077,25.70313948179399,元靖羊肉食府,振兴路东湖国际商业广场(X212东),贵州省,六盘水市,,餐饮服务;中餐厅;中餐厅,050100,B0JBG7J04S,餐饮服务,中餐厅,中餐厅,
104.47620247826234,25.705687291868117,三茗茶楼(浅水湾3期店),红果江源路王家山浅水湾3期,贵州省,六盘水市,,餐饮服务;茶艺馆;茶艺馆,050600,B0FFFGLVJ4,餐饮服务,茶艺馆,茶艺馆,
104.47619947000058,25.70571029602631,红豆酸菜猪脚(浅水湾3期店),红果江源路王家山浅水湾3期,贵州省,六盘水市,,餐饮服务;中餐厅;中餐厅,050100,B0HKDC1CEZ,餐饮服务,中餐厅,中餐厅,
104.47618844813279,25.705579192954925,张记辣子鸡,盘州市翰林街道江源路浅水湾二期16-1.16-2号门面,贵州省,六盘水市,,餐饮服务;中餐厅;中餐厅,050100,B0KKL7DAEI,餐饮服务,中餐厅,中餐厅,
104.48023121207606,25.71244651310648,贵春瞿家庄脆鲩鱼,翰林街道华屯居委会九小上行200米,贵州省,六盘水市,,餐饮服务;餐饮相关场所;餐饮相关,050000,B0LADZ0KOE,餐饮服务,餐饮相关场所,餐饮相关,
104.47430797034352,25.70319161654363,黔普牛普田清真铜锅牛肉馆,盘州市翰林街道江源居委会东湖国际商业广场1号楼1层5号商铺,贵州省,六盘水市,,餐饮服务;中餐厅;清真菜馆,050121,B0LD0DBLNQ,餐饮服务,中餐厅,清真菜馆,
104.47648703658318,25.709252058819818,老丁宣威牛肉馆(一店),亦资街道江源路(东湖半岛负一楼5-6号门面),贵州省,六盘水市,,餐饮服务;中餐厅;中餐厅,050100,B0FFJLJQ1C,餐饮服务,中餐厅,中餐厅,
104.47612620088458,25.708012356718772,荣膳荷水城羊肉粉(浅水湾店),韩林街道江源居委会浅水湾6栋1-2层1-15号,贵州省,六盘水市,,餐饮服务;餐饮相关场所;餐饮相关,050000,B0J2BSS5V5,餐饮服务,餐饮相关场所,餐饮相关,
104.47731006459622,25.709171343523447,恋上麻椒鸡(盘州店),翰林街道江源路半山华府1层24号,贵州省,六盘水市,,餐饮服务;中餐厅;中餐厅,050100,B0KRTHXPG1,餐饮服务,中餐厅,中餐厅,
104.47708449169149,25.709601942049556,享哆味汉堡炸鸡(盘州半山华府店),盘州市半山华府1-02-1-03门面(车库出口旁),贵州省,六盘水市,,餐饮服务;餐饮相关场所;餐饮相关,050000,B0K3961NRU,餐饮服务,餐饮相关场所,餐饮相关,
104.47695113853358,25.71023791630423,永乐园酒楼,江源路维也纳酒店二楼,贵州省,六盘水市,,餐饮服务;中餐厅;综合酒楼,050101,B0J22CZM69,餐饮服务,中餐厅,综合酒楼,
104.47707745094034,25.710202254292604,库迪咖啡(浅水湾维也纳店),亦资街道仁和小区1号商铺(维也纳酒店大堂),贵州省,六盘水市,,餐饮服务;咖啡厅;咖啡厅,050500,B0M6YRSZFB,餐饮服务,咖啡厅,咖啡厅,
104.47550771001184,25.707524348723645,尚福酒楼,宝湖家园,贵州省,六盘水市,,餐饮服务;中餐厅;综合酒楼,050101,B0I3K7C0BB,餐饮服务,中餐厅,综合酒楼,
104.47613318784904,25.70878480273128,传统美食杀猪饭,红果镇江源路426号,贵州省,六盘水市,,餐饮服务;中餐厅;中餐厅,050100,B0FFISHF8E,餐饮服务,中餐厅,中餐厅,
104.47554780776589,25.707522460216904,佳鲜滋生活体验超市(浅水湾店),浅水湾3期西门旁,贵州省,六盘水市,,购物服务;超级市场;超市|餐饮服务;餐饮相关场所;餐饮相关,060400|050000,B0FFLGU41X,购物服务,超级市场,超市|餐饮服务,餐饮相关场所
104.47617829476344,25.708873979076618,牛霸王牛肉馆(江源路店),红果镇浅水湾东湖半岛农村信用社对面,贵州省,六盘水市,,餐饮服务;中餐厅;中餐厅,050100,B0FFHWL148,餐饮服务,中餐厅,中餐厅,
104.47711755801782,25.709990250582017,叶先生兰州牛肉面,仁和小区,贵州省,六盘水市,,餐饮服务;中餐厅;清真菜馆,050121,B0K01RABX1,餐饮服务,中餐厅,清真菜馆,
104.47660628044358,25.71050308784091,华莱士·全鸡汉堡(半山世家店),江源路金山星城负4层4-01号门面,贵州省,六盘水市,,餐饮服务;快餐厅;快餐厅,050300,B0JDO5I91P,餐饮服务,快餐厅,快餐厅,
104.47600287789379,25.708560311817244,老啜阿罗嫂小吃(浅水湾店),亦资街道江源路466号,贵州省,六盘水市,,餐饮服务;中餐厅;综合酒楼,050101,B0J1BYJ86V,餐饮服务,中餐厅,综合酒楼,
104.47418450905371,25.7073795717782,茗门茶舍,盘州市俞安酒店上行五十米,贵州省,六盘水市,,餐饮服务;茶艺馆;茶艺馆,050600,B0I2HU32O9,餐饮服务,茶艺馆,茶艺馆,
104.49692063720363,25.73321870994959,盘州市鄢记鲜活鱼餐馆,盘江东路与旭东大道交叉口东320米花半里小区对面,贵州省,六盘水市,,餐饮服务;中餐厅;中餐厅,050100,B0IDZD48RB,餐饮服务,中餐厅,中餐厅,
104.49926064490603,25.736694749074253,红四方休闲庄,翰林街道旧铺村黑桃凹,贵州省,六盘水市,,餐饮服务;中餐厅;中餐厅,050100,B0G0R4A55B,餐饮服务,中餐厅,中餐厅,
104.47642381268214,25.711016857331188,新疆美味羊肉串(金山星城店),盘州市亦资街道江源路金山星城12号,贵州省,六盘水市,,餐饮服务;中餐厅;中餐厅,050100,B0I12O8KBT,餐饮服务,中餐厅,中餐厅,
104.49686950066382,25.733276589489552,鄢官水库活鱼海鲜档,盘江东路与旭东大道交叉口东320米,贵州省,六盘水市,,餐饮服务;中餐厅;海鲜酒楼,050119,B0I1NUCV1J,餐饮服务,中餐厅,海鲜酒楼,
104.47347783305382,25.706796289451216,齐物简餐厅,江源路与云盘路交叉口西160米,贵州省,六盘水市,,餐饮服务;中餐厅;中餐厅,050100,B0LK47WZLA,餐饮服务,中餐厅,中餐厅,
104.46870307193679,25.69551615883697,鼎胜火锅楼(云海花园店),云海花园北门南70米,贵州省,六盘水市,,餐饮服务;中餐厅;火锅店,050117,B0J0Y4B1GI,餐饮服务,中餐厅,火锅店,
104.49085688310734,25.72930627927659,小王早餐店,干沟桥翰林街道福泽家园20栋,贵州省,六盘水市,,餐饮服务;餐饮相关场所;餐饮相关,050000,B0FFKSZDSU,餐饮服务,餐饮相关场所,餐饮相关,
104.4687250609832,25.69708406433946,胡老奶肚包肉,金秋路288号,贵州省,六盘水市,,餐饮服务;中餐厅;中餐厅,050100,B0IGJ5Q203,餐饮服务,中餐厅,中餐厅,
104.48944324119996,25.728060350879062,普田清真牛肉馆(福泽家园店),福泽家园10栋3号,贵州省,六盘水市,,餐饮服务;餐饮相关场所;餐饮相关,050000,B0FFK79B01,餐饮服务,餐饮相关场所,餐饮相关,
104.4895545237503,25.728254793301605,一家人餐馆(福泽家园西区店),福泽家园西区10栋,贵州省,六盘水市,,餐饮服务;餐饮相关场所;餐饮相关,050000,B0FFK7C12U,餐饮服务,餐饮相关场所,餐饮相关,
104.46888442607354,25.69709949817194,万串烟火(南方·云鼎尚城店),胜境大道5-11号南方·云鼎尚城,贵州省,六盘水市,,餐饮服务;中餐厅;中餐厅,050100,B0KDNUDORR,餐饮服务,中餐厅,中餐厅,
104.4672809459619,25.692720884990404,毛茸茸,亦资街道观景小镇3-1-06,贵州省,六盘水市,,餐饮服务;餐饮相关场所;餐饮相关,050000,B0M6N9FQMB,餐饮服务,餐饮相关场所,餐饮相关,
104.47607791906762,25.712208543592528,地地道道原味烤肉二店,翰林街道江源路鸿图家园1-21-31-4号门面,贵州省,六盘水市,,餐饮服务;中餐厅;中餐厅,050100,B0LAT53J5H,餐饮服务,中餐厅,中餐厅,
104.4697411819644,25.702730857060097,盘州壹锅烙锅城,凤鸣中路339号,贵州省,六盘水市,凤鸣南路,餐饮服务;中餐厅;中餐厅,050100,B0FFMHY3E6,餐饮服务,中餐厅,中餐厅,
104.46490560149581,25.694095434822398,马老大清真牛肉馆(龙祥华府店),凤鸣南路274号,贵州省,六盘水市,凤鸣南路,餐饮服务;中餐厅;中餐厅,050100,B0GRZ58VB2,餐饮服务,中餐厅,中餐厅,
104.46840831773089,25.69754947224105,金凤山土鸡馆(南方·云鼎尚城店),金秋路286-290,贵州省,六盘水市,,餐饮服务;中餐厅;中餐厅,050100,B0FFFGLT07,餐饮服务,中餐厅,中餐厅,
104.4928780689775,25.73205089958574,家乡鱼(坛子鱼),干沟桥聚道幼儿园斜对面,贵州省,六盘水市,,餐饮服务;中餐厅;中餐厅,050100,B0J3FHDEN8,餐饮服务,中餐厅,中餐厅,
104.48730269800204,25.727528688804423,福三线大食堂(福泽家园店),干沟桥福泽家园,贵州省,六盘水市,,餐饮服务;中餐厅;中餐厅,050100,B0HKMC8JKZ,餐饮服务,中餐厅,中餐厅,
104.46973416712405,25.702694818492237,家味坊,亦资街道凤鸣中路255号,贵州省,六盘水市,凤鸣南路,餐饮服务;中餐厅;中餐厅,050100,B0FFJ1DZ7E,餐饮服务,中餐厅,中餐厅,
104.49370118864242,25.7330699531742,普田老李清真牛肉馆(响水路店),响水路与盘江东路交叉口北20米,贵州省,六盘水市,,餐饮服务;中餐厅;清真菜馆,050121,B0FFFGLTF8,餐饮服务,中餐厅,清真菜馆,
104.46568840319287,25.692199440753537,盘州国际花园酒店(锄禾餐厅),金海路与顺成路交叉口东南80米,贵州省,六盘水市,,餐饮服务;外国餐厅;外国餐厅,050200,B0FFHTLKMY,餐饮服务,外国餐厅,外国餐厅,
104.46753029736185,25.698142466178922,农民街羊汤锅(南方·云鼎尚城店),金秋路与凤鸣南路交叉口东南60米,贵州省,六盘水市,,餐饮服务;中餐厅;中餐厅,050100,B0HR9M72S4,餐饮服务,中餐厅,中餐厅,
104.46487255128505,25.69352504304258,川味烤鱼水城烙锅,银杏广场四期商业步行街1-3号,贵州省,六盘水市,,餐饮服务;中餐厅;特色/地方风味餐厅,050118,B035A00D1Y,餐饮服务,中餐厅,特色/地方风味餐厅,
104.46994160243601,25.703863016093813,飘香水煮鸡,凤鸣中路297号,贵州省,六盘水市,凤鸣南路,餐饮服务;中餐厅;中餐厅,050100,B0J1ZSO89G,餐饮服务,中餐厅,中餐厅,
104.47510450189479,25.713353447358127,糕手匠蛋糕(盘州店)(暂停营业),江源路461号阳光小区,贵州省,六盘水市,,餐饮服务;糕饼店;糕饼店,050800,B0JDA76W81,餐饮服务,糕饼店,糕饼店,
104.47510450189479,25.713353447358127,糕手匠蛋糕(盘州店)(暂停营业),江源路461号阳光小区,贵州省,六盘水市,,餐饮服务;糕饼店;糕饼店,050800,B0JDA76W81,餐饮服务,糕饼店,糕饼店,
104.46929215835799,25.702365451425933,东湖清真园(二分店),凤鸣中路283号,贵州省,六盘水市,凤鸣南路,餐饮服务;中餐厅;清真菜馆,050121,B0FFMED0T4,餐饮服务,中餐厅,清真菜馆,
104.48753624836392,25.72894819066989,周记食府(盘州店),福泽家园4栋1楼1号,贵州省,六盘水市,,餐饮服务;中餐厅;中餐厅,050100,B0FFLNAZFY,餐饮服务,中餐厅,中餐厅,
104.46303409677307,25.67987010965517,大芊金重庆火锅串串(盘州二店),亦资街道盘州路141号,贵州省,六盘水市,,餐饮服务;中餐厅;火锅店,050117,B0MB3RGCM2,餐饮服务,中餐厅,火锅店,
104.46854751125767,25.700737573721046,唐记荷城羊肉粉,凤鸣南路与竹海东路交叉口西南40米,贵州省,六盘水市,凤鸣南路,餐饮服务;中餐厅;中餐厅,050100,B0LDUCHSKF,餐饮服务,中餐厅,中餐厅,
104.47836527256274,25.71955413567748,周二大青山清真牛肉馆(盘州店),华腾山海驾驶培训学校西南侧190米,贵州省,六盘水市,,餐饮服务;餐饮相关场所;餐饮相关,050000,B0FFLG7JR5,餐饮服务,餐饮相关场所,餐饮相关,
104.46466920011933,25.691109224735268,盘州市鑫新炒菜馆(顺城怡境小区店),亦资街道凤鸣南路顺城怡境1-06门,贵州省,六盘水市,,餐饮服务;中餐厅;中餐厅,050100,B0IGX5NMRN,餐饮服务,中餐厅,中餐厅,
104.46854142262788,25.702645598192273,红辣椒乡下菜(胜境大道店),[],贵州省,六盘水市,凤鸣南路,餐饮服务;中餐厅;中餐厅,050100,B0I1FHPFT2,餐饮服务,中餐厅,中餐厅,
104.46488264762611,25.691633054161677,丫口寨火腿豆花饭(顺城怡境小区店),盘州市六盘水市盘州市盘州市凤鸣南路顺城怡景328号门面,贵州省,六盘水市,,餐饮服务;中餐厅;云贵菜,050114,B0GUNZHGKX,餐饮服务,中餐厅,云贵菜,
104.46488960248998,25.69317389832305,荣膳荷水城羊肉粉(红果总店),银杏广场四期1-10,贵州省,六盘水市,,餐饮服务;餐饮相关场所;餐饮相关,050000,B0JG4ZD6L6,餐饮服务,餐饮相关场所,餐饮相关,
104.46973409449042,25.704546831923857,留一手烤鱼(保罗利亚店),金盛花园凤鸣中路189号保罗利亚酒店隔壁,贵州省,六盘水市,凤鸣南路,餐饮服务;餐饮相关场所;餐饮相关,050000,B0FFIUWE40,餐饮服务,餐饮相关场所,餐饮相关,
104.46467615485969,25.69265206912285,田顺渔庄(华夏店),洪发名苑3幢,贵州省,六盘水市,,餐饮服务;中餐厅;中餐厅,050100,B0KKKLQUFW,餐饮服务,中餐厅,中餐厅,
104.4688922374826,25.702376387061435,佳靓药膳鸡(蓝湾·汇典店),凤鸣中路与竹海东路交叉口北140米,贵州省,六盘水市,凤鸣南路,餐饮服务;中餐厅;中餐厅,050100,B0JUK79FJQ,餐饮服务,中餐厅,中餐厅,
104.46478947691567,25.690772353846523,欣欣小吃店,凤鸣南路338号顺城怡境小区,贵州省,六盘水市,,餐饮服务;中餐厅;中餐厅,050100,B0M6F90IC4,餐饮服务,中餐厅,中餐厅,
104.4700568321623,25.704831857759203,竹里馆茶空间,亦资街凤鸣中路公安局后大门,贵州省,六盘水市,,餐饮服务;茶艺馆;茶艺馆,050600,B0LU69EIHN,餐饮服务,茶艺馆,茶艺馆,
104.46996260280166,25.705099750615034,一枫私房菜,凤鸣中路公安局后大门,贵州省,六盘水市,凤鸣南路,餐饮服务;中餐厅;中餐厅,050100,B0KUTS9YZ9,餐饮服务,中餐厅,中餐厅,
104.46891628657588,25.70253353715496,鑫源羊肉汤锅,贵州省六盘水市盘州市,贵州省,六盘水市,凤鸣南路,餐饮服务;中餐厅;中餐厅,050100,B0FFGMPIN0,餐饮服务,中餐厅,中餐厅,
104.46368726512266,25.68595196857492,0858老厂房烧烤,亦资街道文笔居委会十四组(养老院对面),贵州省,六盘水市,,餐饮服务;中餐厅;特色/地方风味餐厅,050118,B0L3H57VBO,餐饮服务,中餐厅,特色/地方风味餐厅,
104.46762738701793,25.701468530607155,新红园家常菜馆,竹海东路13号,贵州省,六盘水市,凤鸣南路,餐饮服务;中餐厅;中餐厅,050100,B0MB1RWO4U,餐饮服务,中餐厅,中餐厅,
104.46703013623917,25.698957590676017,石桥人家(金秋路店),红果经济开发区金秋路65号(金榜超市对面),贵州省,六盘水市,凤鸣南路,餐饮服务;中餐厅;中餐厅,050100,B0FFFGLT0I,餐饮服务,中餐厅,中餐厅,
104.46660423471995,25.697551711396887,小马过河咖啡,亦资街道凤鸣南路55号舒特麦特二楼,贵州省,六盘水市,凤鸣南路,餐饮服务;咖啡厅;咖啡厅,050500,B0JUHSMPTI,餐饮服务,咖啡厅,咖啡厅,
104.46411282521959,25.69520599894477,尹珍珠·韩式无限烤肉(盘州银杏广场店),亦资街道胜境大道银杏广场2楼,贵州省,六盘水市,凤鸣南路,餐饮服务;餐饮相关场所;餐饮相关,050000,B0L367ABWP,餐饮服务,餐饮相关场所,餐饮相关,
104.4828463762936,25.72408162602721,聚膳园酒楼,盛兴路与华兴路交叉口西80米,贵州省,六盘水市,,餐饮服务;中餐厅;综合酒楼,050101,B0LDBOEMSK,餐饮服务,中餐厅,综合酒楼,
104.4828523900923,25.724120665688833,磷肥厂老火腿排骨猪脚火锅,盘州市翰林农贸市场B幢二层28号,贵州省,六盘水市,,餐饮服务;餐饮相关场所;餐饮相关,050000,B0FFH0B5A0,餐饮服务,餐饮相关场所,餐饮相关,
104.46485750256055,25.693925219413984,正宗水塘鸿腾牛肉馆,[],贵州省,六盘水市,凤鸣南路,餐饮服务;餐饮相关场所;餐饮相关,050000,B0FFIW6ZM5,餐饮服务,餐饮相关场所,餐饮相关,
104.46887820305798,25.702432380145098,屯滋味菌汤剔骨鹅(暂停营业),亦资街道凤鸣中路惠湖园小区一楼商铺,贵州省,六盘水市,凤鸣南路,餐饮服务;中餐厅;中餐厅,050100,B0L2CHHBTY,餐饮服务,中餐厅,中餐厅,
104.46643285577703,25.697432198387077,舒特麦特(华夏中学店),凤鸣南路与平川路交叉口东北40米,贵州省,六盘水市,凤鸣南路,餐饮服务;餐饮相关场所;餐饮相关,050000,B0FFHUASXX,餐饮服务,餐饮相关场所,餐饮相关,
104.46519919522935,25.69542790978885,源作咖啡(银杏广场店),银杏广场东门旁,贵州省,六盘水市,凤鸣南路,餐饮服务;糕饼店;糕饼店|餐饮服务;咖啡厅;咖啡厅,050800|050500,B0FFHZXU8Z,餐饮服务,糕饼店,糕饼店|餐饮服务,咖啡厅
104.46967593938002,25.705068961853897,小珍私房菜(盘州一店),红果经济开发区凤鸣中路公安局后大门,贵州省,六盘水市,凤鸣南路,餐饮服务;餐饮相关场所;餐饮相关,050000,B0FFI1X8HF,餐饮服务,餐饮相关场所,餐饮相关,
104.4697921676239,25.706116850121095,娄记海鲜烧烤(东湖店),凤鸣北路与军民路交叉口东湖边上,贵州省,六盘水市,凤鸣南路,餐饮服务;中餐厅;海鲜酒楼,050119,B0GRGOROD2,餐饮服务,中餐厅,海鲜酒楼,
104.46559999715785,25.697561099739172,八街牛肉粉,富强路9-13,贵州省,六盘水市,凤鸣南路,餐饮服务;中餐厅;中餐厅,050100,B0HROCJ8G0,餐饮服务,中餐厅,中餐厅,
104.46970902762313,25.70477188788643,味鲜居,凤鸣中路与鸿雁路交叉口南160米,贵州省,六盘水市,凤鸣南路,餐饮服务;中餐厅;中餐厅,050100,B0HDC1PI8J,餐饮服务,中餐厅,中餐厅,
104.46547879053736,25.695988935708108,享哆味·汉堡炸鸡(盘州七中店),凤鸣路224号龙祥华府B2栋2-5号(盘州七中对面),贵州省,六盘水市,凤鸣南路,餐饮服务;快餐厅;快餐厅,050300,B0KGFMV9W2,餐饮服务,快餐厅,快餐厅,
104.46672247838602,25.69809931773101,彭氏烧烤(华夏店),凤鸣南路96号门面,贵州省,六盘水市,亦资,餐饮服务;中餐厅;特色/地方风味餐厅,050118,B0FFHYKFZF,餐饮服务,中餐厅,特色/地方风味餐厅,
104.4681255192487,25.70146184621632,水塘君厢园牛肉馆,盘州市竹海东路御景园小区(法院旁),贵州省,六盘水市,凤鸣南路,餐饮服务;中餐厅;中餐厅,050100,B0KRJC6WIY,餐饮服务,中餐厅,中餐厅,
104.46546680867294,25.694850290667333,香因鲜切土鸡煲(盘州店),亦资街道凤鸣南路87号门面,贵州省,六盘水市,,餐饮服务;中餐厅;中餐厅,050100,B0L0L7AS5C,餐饮服务,中餐厅,中餐厅,
104.46466412655788,25.692702065036965,名牛三烧牛肉火锅店(暂停营业),亦资街道胜境大道鸿发名苑3号楼1-11号门面,贵州省,六盘水市,,餐饮服务;中餐厅;火锅店,050117,B0LRVZK5XO,餐饮服务,中餐厅,火锅店,
104.46924495731267,25.704721614289756,熊猫叮咚生日蛋糕(盘州店),凤鸣中路142号,贵州省,六盘水市,凤鸣南路,餐饮服务;餐饮相关场所;餐饮相关,050000,B0H2AC5R0O,餐饮服务,餐饮相关场所,餐饮相关,
104.46503986015497,25.695025281483115,蜜雪冰城(龙祥华府店),龙祥华府东2门旁,贵州省,六盘水市,凤鸣南路,餐饮服务;冷饮店;冷饮店,050700,B0LBZ9OU3F,餐饮服务,冷饮店,冷饮店,
104.4742734694361,25.71388842569348,刘二勺餐馆,江源路214号,贵州省,六盘水市,,餐饮服务;中餐厅;中餐厅,050100,B0KG3RP5RV,餐饮服务,中餐厅,中餐厅,
104.46432341085648,25.691966796822705,映像盘州音乐餐吧,凤鸣南路338号顺城怡境小区,贵州省,六盘水市,,餐饮服务;餐饮相关场所;餐饮相关,050000,B0L3ASRONA,餐饮服务,餐饮相关场所,餐饮相关,
104.46942135740296,25.704898184200264,凯文家咖啡馆,凤鸣中路140号,贵州省,六盘水市,亦资,餐饮服务;咖啡厅;咖啡厅,050500,B0K17SQ5UW,餐饮服务,咖啡厅,咖啡厅,
104.48250048210566,25.724439821117787,两河水草坪老牌酸菜麻辣鱼(一分店),翰林农贸市场187号,贵州省,六盘水市,,餐饮服务;中餐厅;中餐厅,050100,B0GRTLFPIN,餐饮服务,中餐厅,中餐厅,
104.46742494689451,25.70100474337667,鸿福小吃(竹海东路店),红果经济开发区竹海东路12号,贵州省,六盘水市,三圆盘,餐饮服务;中餐厅;中餐厅,050100,B0FFGB5W3C,餐饮服务,中餐厅,中餐厅,
104.46554994458275,25.696075166627864,七夫子(凤鸣南路店),凤鸣南路216号,贵州省,六盘水市,凤鸣南路,餐饮服务;中餐厅;中餐厅,050100,B0FFI0DH8X,餐饮服务,中餐厅,中餐厅,
104.48714519673797,25.729930593690952,豆花烤鱼,福泽家园广场正下方,贵州省,六盘水市,,餐饮服务;中餐厅;特色/地方风味餐厅,050118,B0HRD9XK0W,餐饮服务,中餐厅,特色/地方风味餐厅,
104.46488658806514,25.693372997497057,正宗富源酸菜猪脚火锅店(洪发名苑店),贵州省六盘水市盘州市,贵州省,六盘水市,,餐饮服务;中餐厅;火锅店,050117,B0JGXSSA1N,餐饮服务,中餐厅,火锅店,
104.48263076743852,25.72562387263372,宣威铜锅牛肉,翰林街道华屯村翰林美食城6号门面,贵州省,六盘水市,,餐饮服务;中餐厅;云贵菜|餐饮服务;中餐厅;清真菜馆,050114|050121,B0FFGZKOX0,餐饮服务,中餐厅,云贵菜|餐饮服务,中餐厅
104.46481038068514,25.694396351592438,小蒋哥烧烤店,凤鸣南路266号,贵州省,六盘水市,凤鸣南路,餐饮服务;中餐厅;特色/地方风味餐厅,050118,B0KALBFZS1,餐饮服务,中餐厅,特色/地方风味餐厅,
104.46156194056115,25.680625815003467,青松餐馆,[],贵州省,六盘水市,,餐饮服务;中餐厅;中餐厅,050100,B0G3LLIBT5,餐饮服务,中餐厅,中餐厅,
104.46519618962482,25.695401887992993,麦奇饼屋(华夏店),亦资街道胜境大道(黔锦国际花园1单元1层6号),贵州省,六盘水市,凤鸣南路,餐饮服务;糕饼店;糕饼店,050800,B0KU1MQSQX,餐饮服务,糕饼店,糕饼店,
104.48754120978839,25.730273963368475,盘县老味道(干沟桥店),旭东大道与富民路交叉口东北320米,贵州省,六盘水市,,餐饮服务;中餐厅;中餐厅,050100,B0FFJHE6B5,餐饮服务,中餐厅,中餐厅,
104.46415392266633,25.695000993498173,朴大叔拌饭盘州银杏广场店,亦资街道境大道黔锦花园酒店一期商场1F007B号商铺,贵州省,六盘水市,凤鸣南路,餐饮服务;餐饮相关场所;餐饮相关,050000,B0MBYO5JVY,餐饮服务,餐饮相关场所,餐饮相关,
104.46588763921976,25.697460792400886,水城羊肉粉(平川路店),红果街道金秋路149号,贵州省,六盘水市,凤鸣南路,餐饮服务;中餐厅;中餐厅,050100,B0FFFGLR74,餐饮服务,中餐厅,中餐厅,
104.46145788891731,25.67637133522925,大灶台,亦资街道文笔居委会十二组20号,贵州省,六盘水市,,餐饮服务;中餐厅;中餐厅,050100,B0JA2UAEYR,餐饮服务,中餐厅,中餐厅,
104.4654627584206,25.69590384825726,书亦烧仙草(六盘水银杏广场店),龙祥华府东门南50米,贵州省,六盘水市,凤鸣南路,餐饮服务;冷饮店;冷饮店,050700,B0LRKUJJ92,餐饮服务,冷饮店,冷饮店,
104.4658475383277,25.697761851140328,龙记大桥糯米饭,富强路12号,贵州省,六盘水市,亦资,餐饮服务;中餐厅;中餐厅,050100,B0FFK8S6YZ,餐饮服务,中餐厅,中餐厅,
104.4736699911791,25.714549117675624,天缘楼(恒丰园店),恒丰园西南门旁,贵州省,六盘水市,,餐饮服务;中餐厅;中餐厅,050100,B0J2AL4KW6,餐饮服务,中餐厅,中餐厅,
104.48223077603396,25.724972338287614,清真铜瓢牛肉,华兴路翰林美食城3号门面,贵州省,六盘水市,,餐饮服务;中餐厅;清真菜馆,050121,B0GRXZ9271,餐饮服务,中餐厅,清真菜馆,
104.46424409976785,25.695491488541663,CHAGEE霸王茶姬(银杏广场店),盘州市亦资街道胜景大道(银杏广场一期商场一楼1A-016),贵州省,六盘水市,凤鸣南路,餐饮服务;冷饮店;冷饮店,050700,B0JGVA7D7J,餐饮服务,冷饮店,冷饮店,
104.48224480535409,25.725134471118725,黔味牛菜馆,红果干沟桥翰林美食城,贵州省,六盘水市,,餐饮服务;中餐厅;中餐厅,050100,B0FFGHSZHI,餐饮服务,中餐厅,中餐厅,
104.46537544293375,25.699029313958764,盘关德高私房牛肉,贵州省六盘水市盘州市,贵州省,六盘水市,丹霞,餐饮服务;中餐厅;中餐厅,050100,B0G3VMD9ID,餐饮服务,中餐厅,中餐厅,
104.46619826535922,25.699129505951124,杨二姐牛肉馆(盘州店),胜境大道建中大厦一层1-2号,贵州省,六盘水市,三圆盘,餐饮服务;中餐厅;中餐厅,050100,B0G0RDEEI6,餐饮服务,中餐厅,中餐厅,
104.46471412807836,25.69545667528012,正新鸡排(华夏中学店),亦资街道龙祥华府b栋2-9,贵州省,六盘水市,凤鸣南路,餐饮服务;快餐厅;快餐厅,050300,B0FFJ29KGY,餐饮服务,快餐厅,快餐厅,
104.46901831771396,25.707729661475216,熊喵鲜生(奥运广场店),凤鸣中路50号,贵州省,六盘水市,凤鸣南路,餐饮服务;餐饮相关场所;餐饮相关,050000,B0KR55YS0Z,餐饮服务,餐饮相关场所,餐饮相关,
104.46569418409744,25.69811664500772,普田张军清真牛肉馆,富强路15号,贵州省,六盘水市,凤鸣南路,餐饮服务;中餐厅;清真菜馆,050121,B0J2VHKSPV,餐饮服务,中餐厅,清真菜馆,
104.46569119071654,25.697778454022888,尚者羊肉粉,富强路6号,贵州省,六盘水市,凤鸣南路,餐饮服务;中餐厅;中餐厅,050100,B0JUS6BKLC,餐饮服务,中餐厅,中餐厅,
104.46408971799013,25.696658724025248,宣威马老三牛肉馆,盘州市胜境大道578号,贵州省,六盘水市,,餐饮服务;中餐厅;中餐厅,050100,B0KKA9SEJK,餐饮服务,中餐厅,中餐厅,
104.46951651561602,25.706473304928494,许记小吃豆浆油条,凤鸣中路与军民路交叉口东北40米,贵州省,六盘水市,亦资,餐饮服务;中餐厅;中餐厅,050100,B0FFHJTG9M,餐饮服务,中餐厅,中餐厅,
104.48277513495253,25.72562229248298,四川人家炒菜火锅,翰林美食城,贵州省,六盘水市,,餐饮服务;中餐厅;火锅店,050117,B0G24RFZE9,餐饮服务,中餐厅,火锅店,
104.46428318390892,25.69551760264998,一哥柴火鸡(龙祥华府店),银杏广场商业步行街,贵州省,六盘水市,凤鸣南路,餐饮服务;中餐厅;中餐厅,050100,B0IK09SW5Z,餐饮服务,中餐厅,中餐厅,
104.46411282521959,25.69520599894477,瑞幸咖啡(盘州银杏广场店),盘州市胜境大道银杏广场永辉超市出入口底商,贵州省,六盘水市,凤鸣南路,餐饮服务;咖啡厅;咖啡厅,050500,B0J0J5H7EZ,餐饮服务,咖啡厅,咖啡厅,
104.46556084705483,25.699178875339825,华莱士·全鸡汉堡(六盘水红果胜境店),盘州市盘州市亦资街道胜境大道建中大厦负1层1-06附1、2号,贵州省,六盘水市,三圆盘,餐饮服务;快餐厅;快餐厅,050300,B0I6LD2LRO,餐饮服务,快餐厅,快餐厅,
104.46390539485971,25.69469119209579,蒙自源(贵州盘州市银杏广场店),胜境大道银杏广场一楼一期门面,贵州省,六盘水市,凤鸣南路,餐饮服务;快餐厅;快餐厅,050300,B0HGOLUL27,餐饮服务,快餐厅,快餐厅,
104.48938790872802,25.732916966595315,书亦烧仙草(六盘水干沟桥二号桥店),盘江东路36号,贵州省,六盘水市,,餐饮服务;冷饮店;冷饮店,050700,B0L2SD5UXV,餐饮服务,冷饮店,冷饮店,
104.56566378389235,25.352290968396844,新寨脆皮猪脚店,[],云南省,曲靖市,,餐饮服务;中餐厅;中餐厅,050100,B0JRGBRBXX,餐饮服务,中餐厅,中餐厅,
104.56621615912267,25.35201966323295,祥源牛肉馆,黄泥河镇新寨街上,云南省,曲靖市,,餐饮服务;中餐厅;中餐厅,050100,B0I06HQC15,餐饮服务,中餐厅,中餐厅,
104.56680955011122,25.351608379702462,新寨后院烧烤,204省道,云南省,曲靖市,,餐饮服务;中餐厅;中餐厅,050100,B0L2V58EM8,餐饮服务,中餐厅,中餐厅,
104.61936059945458,25.36878652747017,云贵柴火牛肉,富源县布古村委会车田村马家桥,云南省,曲靖市,,餐饮服务;中餐厅;火锅店,050117,B0LB6RELTP,餐饮服务,中餐厅,火锅店,
104.47021433278245,25.36716670437515,来凤鱼庄,204省道与创业大道交叉口东360米,云南省,曲靖市,,餐饮服务;餐饮相关场所;餐饮相关,050000,B0I12M0EW1,餐饮服务,餐饮相关场所,餐饮相关,
104.64379828955053,25.386201610813448,瓦窑田渔家乐火锅,大山镇瓦窑田桥头100米处,贵州省,六盘水市,,餐饮服务;中餐厅;火锅店,050117,B0J16MQJSH,餐饮服务,中餐厅,火锅店,
104.46941248456818,25.367022523173613,顺风牛肉馆,204省道与创业大道交叉口东280米,云南省,曲靖市,,餐饮服务;中餐厅;中餐厅,050100,B0L1PS52RL,餐饮服务,中餐厅,中餐厅,
104.64498907383945,25.38511344536041,梓昕饭庄,响水镇糯猪克村二组49号,贵州省,六盘水市,,餐饮服务;中餐厅;中餐厅,050100,B0L2ZC466F,餐饮服务,中餐厅,中餐厅,
104.46513989365317,25.366355167334447,西江月美蛙鲜鱼店(振兴路店),振兴路与致富大道交叉口西南40米,云南省,曲靖市,,餐饮服务;中餐厅;中餐厅,050100,B0JBOZN87W,餐饮服务,中餐厅,中餐厅,
104.4658544735581,25.366263005852783,和平牛肉馆,富村魔芋交易市场,云南省,曲靖市,,餐饮服务;中餐厅;中餐厅,050100,B0MBCROCB6,餐饮服务,中餐厅,中餐厅,
104.6476247533339,25.385098962192014,贵阳留一手烤鱼,大山镇新光村三组,贵州省,六盘水市,,餐饮服务;中餐厅;中餐厅,050100,B0LRAO15U2,餐饮服务,中餐厅,中餐厅,
104.64741633928728,25.3850543135268,友芬餐馆,大山镇新光村三组,贵州省,六盘水市,,餐饮服务;中餐厅;中餐厅,050100,B0L1CZ5RDX,餐饮服务,中餐厅,中餐厅,
104.64772746462687,25.385110787055115,张普坤清真馆一分店,刘梓欣台球室西侧60米,贵州省,六盘水市,,餐饮服务;中餐厅;中餐厅,050100,B0HKMU7NLY,餐饮服务,中餐厅,中餐厅,
104.64855715220881,25.384489245134574,盘县四妹牛肉馆,新光发电倒班楼西北侧50米,贵州省,六盘水市,,餐饮服务;中餐厅;中餐厅,050100,B0KD05VZ9M,餐饮服务,中餐厅,中餐厅,
104.64760980896256,25.384740927693016,相聚烧烤,新光发电倒班楼西北侧140米,贵州省,六盘水市,,餐饮服务;中餐厅;特色/地方风味餐厅,050118,B0L3M1PDQX,餐饮服务,中餐厅,特色/地方风味餐厅,
104.46416676335048,25.3664946865504,李记火红黑山羊,振兴路,云南省,曲靖市,,餐饮服务;餐饮相关场所;餐饮相关,050000,B0LAUL7FGM,餐饮服务,餐饮相关场所,餐饮相关,
104.64780925294188,25.3846405667668,贞丰糯米饭,新光发电倒班楼西北侧110米,贵州省,六盘水市,,餐饮服务;中餐厅;中餐厅,050100,B0M6G9PT7L,餐饮服务,中餐厅,中餐厅,
104.46376689002548,25.36669069467076,源味村土菜馆,振兴路与致富大道交叉口西160米,云南省,曲靖市,,餐饮服务;中餐厅;中餐厅,050100,B0HRC5MJCQ,餐饮服务,中餐厅,中餐厅,
104.46306524230485,25.37028044974526,富村柴火牛汤锅,振兴路与致富大道交叉口西北480米,云南省,曲靖市,,餐饮服务;中餐厅;中餐厅,050100,B0KDSCW6Y1,餐饮服务,中餐厅,中餐厅,
104.46256629986094,25.367141722019852,匡老奶摊摊鹅(富源富村店),富村镇振兴路(艾美佳门窗旁),云南省,曲靖市,,餐饮服务;中餐厅;火锅店,050117,B0K36HDYR5,餐饮服务,中餐厅,火锅店,
104.46275269730971,25.367124188739997,文记特色脆皮酸菜猪脚,振兴路与致富大道交叉口西260米,云南省,曲靖市,,餐饮服务;中餐厅;中餐厅,050100,B0IDSHJSFX,餐饮服务,中餐厅,中餐厅,
104.46306137391574,25.366675901902926,鑫鑫花白鲢鱼庄,振兴路与致富大道交叉口西240米,云南省,曲靖市,,餐饮服务;中餐厅;中餐厅,050100,B0HKMUA089,餐饮服务,中餐厅,中餐厅,
104.46243904283617,25.36679935165866,川源肥肠鸡脆皮猪脚,振兴路与致富大道交叉口西300米,云南省,曲靖市,,餐饮服务;餐饮相关场所;餐饮相关,050000,B0J15UW51O,餐饮服务,餐饮相关场所,餐饮相关,
104.46280882010464,25.36704331829098,嘉顺干锅旱鸭,富村镇振兴路,云南省,曲靖市,,餐饮服务;餐饮相关场所;餐饮相关,050000,B0L0VCIVPY,餐饮服务,餐饮相关场所,餐饮相关,
104.4632888482392,25.367015527825412,焱火脆皮猪脚川渝肥肠鸡,振兴路与致富大道交叉口西220米,云南省,曲靖市,,餐饮服务;餐饮相关场所;餐饮相关,050000,B0MB1NVR4A,餐饮服务,餐饮相关场所,餐饮相关,
104.64938881034614,25.384139734306302,众悦饭店,新光发电倒班楼东侧60米,贵州省,六盘水市,,餐饮服务;餐饮相关场所;餐饮相关,050000,B0M647K0OO,餐饮服务,餐饮相关场所,餐饮相关,
104.4626474759019,25.367054913472288,农夫菜馆,振兴路与致富大道交叉口西280米,云南省,曲靖市,,餐饮服务;中餐厅;中餐厅,050100,B0LAX74KLW,餐饮服务,中餐厅,中餐厅,
104.4619038956817,25.36719807019617,馋嘴鸭爪爪(富村镇店),振兴路与致富大道交叉口西360米,云南省,曲靖市,,餐饮服务;餐饮相关场所;餐饮相关,050000,B0JKT98US8,餐饮服务,餐饮相关场所,餐饮相关,
104.46207426032504,25.367062476001347,煊煊牛肉馆,富村镇银丰路3号,云南省,曲靖市,,餐饮服务;中餐厅;中餐厅,050100,B0K6AUILPL,餐饮服务,中餐厅,中餐厅,
104.4601290947521,25.369965095577914,时尚烧烤店,富村镇银丰路,云南省,曲靖市,,餐饮服务;中餐厅;中餐厅,050100,B0G2O7H7OF,餐饮服务,中餐厅,中餐厅,
104.65264342667923,25.385335150152308,张普坤清真馆(二分店),大山镇新光村安置区,贵州省,六盘水市,,餐饮服务;中餐厅;清真菜馆,050121,B0KKJMYC00,餐饮服务,中餐厅,清真菜馆,
104.65263545809722,25.38511812789567,芸峰猪脚馆,瓦窑田中桥,贵州省,六盘水市,,餐饮服务;餐饮相关场所;餐饮相关,050000,B0K1OL458W,餐饮服务,餐饮相关场所,餐饮相关,
104.45780928891679,25.373096975755463,享哆味汉堡炸鸡(富源富村店),富村镇富兴路万家富生活超市对面,云南省,曲靖市,,餐饮服务;快餐厅;快餐厅,050300,B0H2MR2OXZ,餐饮服务,快餐厅,快餐厅,
104.65294854406321,25.385283591403972,柴火鸡,大山镇新光村安置小区,贵州省,六盘水市,,餐饮服务;中餐厅;中餐厅,050100,B0IKJ574AC,餐饮服务,中餐厅,中餐厅,
104.45817700522205,25.3734829124249,好来西饼屋(S205店),富兴路与西环路交叉口东20米,云南省,曲靖市,,餐饮服务;餐饮相关场所;餐饮相关,050000,B0H6LRFWOY,餐饮服务,餐饮相关场所,餐饮相关,
104.45761197455072,25.371136205724003,蜜雪冰城(富兴路红太阳超市正对面店),富村镇富兴路红太阳超市正对面,云南省,曲靖市,,餐饮服务;冷饮店;冷饮店,050700,B0K26GJTLV,餐饮服务,冷饮店,冷饮店,
104.65280895197806,25.385204829919154,静语轩,大山镇新光村退役军人服务站东南侧110米,贵州省,六盘水市,,餐饮服务;餐饮相关场所;餐饮相关,050000,B0L6D78UY6,餐饮服务,餐饮相关场所,餐饮相关,
104.45813697251542,25.37227162960351,良品烧仙草,富兴路与贸丰路交叉口东北100米,云南省,曲靖市,,餐饮服务;冷饮店;冷饮店,050700,B0KBBNH2OS,餐饮服务,冷饮店,冷饮店,
104.45808587315398,25.372208497864886,避风塘茶饮(富村分店),富兴路与贸丰路交叉口北100米,云南省,曲靖市,,餐饮服务;冷饮店;冷饮店,050700,B0FFKCF9XK,餐饮服务,冷饮店,冷饮店,
104.45798768179118,25.372104247572445,望富春酒店,富兴路与贸丰路交叉口北80米,云南省,曲靖市,,住宿服务;宾馆酒店;宾馆酒店|餐饮服务;中餐厅;中餐厅,100100|050100,B0FFLEXG69,住宿服务,宾馆酒店,宾馆酒店|餐饮服务,中餐厅
104.45884158652468,25.36708453849274,万里香重庆地摊火锅,振兴路与富长路交叉口东南140米,云南省,曲靖市,,餐饮服务;中餐厅;火锅店,050117,B0M63CA2UO,餐饮服务,中餐厅,火锅店,
104.45794558975268,25.37231918027468,茶尚喜,富兴路三中门口,云南省,曲靖市,,餐饮服务;冷饮店;冷饮店,050700,B0K0G5BT4T,餐饮服务,冷饮店,冷饮店,
104.45795678809009,25.367792522707166,富源酸菜猪脚,振兴路与富长路交叉口东20米,云南省,曲靖市,,餐饮服务;中餐厅;中餐厅,050100,B0FFKC9L2S,餐饮服务,中餐厅,中餐厅,
104.45758560019095,25.379417446488517,金达来酒家,富兴路与祥云路交叉口北340米,云南省,曲靖市,,餐饮服务;中餐厅;综合酒楼,050101,B036A0IWXT,餐饮服务,中餐厅,综合酒楼,
104.45853889002203,25.369345147168392,小段烧烤,庆丰路与富兴路交叉口东120米,云南省,曲靖市,,餐饮服务;中餐厅;特色/地方风味餐厅,050118,B0L0SGIIYJ,餐饮服务,中餐厅,特色/地方风味餐厅,
104.45784133543509,25.373535119941284,麦香源(富村店),富村镇金三角岔路口,云南省,曲靖市,,餐饮服务;糕饼店;糕饼店,050800,B0KAYU1KN9,餐饮服务,糕饼店,糕饼店,
104.45762462688245,25.380713750540984,松子山鑫鑫牛肉馆,富兴路与祥云路交叉口北480米,云南省,曲靖市,,餐饮服务;中餐厅;中餐厅,050100,B0JKZANLUM,餐饮服务,中餐厅,中餐厅,
104.45739656878489,25.370640619844856,富鑫牛菜馆,富村镇红太阳超市对面,云南省,曲靖市,,餐饮服务;中餐厅;中餐厅,050100,B0FFGCGLWA,餐饮服务,中餐厅,中餐厅,
104.45757570534572,25.376212908950812,老街烤洋芋,富兴路与祥云路交叉口东南20米,云南省,曲靖市,,餐饮服务;餐饮相关场所;餐饮相关,050000,B0H35N1DU5,餐饮服务,餐饮相关场所,餐饮相关,
104.45721325779621,25.369366994093106,保记清真牛菜馆,富村镇富兴路482号,云南省,曲靖市,,餐饮服务;中餐厅;中餐厅,050100,B0GUBZLTMB,餐饮服务,中餐厅,中餐厅,
104.458989902821,25.366645831581756,胖嘟嘟烤鱼店,振兴路与富长路交叉口东南180米,云南省,曲靖市,,餐饮服务;中餐厅;特色/地方风味餐厅,050118,B0M6YRSCGM,餐饮服务,中餐厅,特色/地方风味餐厅,
104.45782229817826,25.373522072611717,和瞿郑特色名吃(富村五分店),富兴路与西环路交叉口西北20米,云南省,曲靖市,,餐饮服务;餐饮相关场所;餐饮相关,050000,B0LACUI99A,餐饮服务,餐饮相关场所,餐饮相关,
104.45748085437327,25.367570358776696,福源牛肉馆,富长路与振兴路交叉口西南40米,云南省,曲靖市,,餐饮服务;中餐厅;中餐厅,050100,B0G07H46TW,餐饮服务,中餐厅,中餐厅,
104.45716887509695,25.376962065548042,清真牛肉馆(S205店),富村镇(信用社斜对面),云南省,曲靖市,,餐饮服务;中餐厅;清真菜馆,050121,B0FFKC9L1M,餐饮服务,中餐厅,清真菜馆,
104.45819020049625,25.369139280896523,刘氏乌鸡米线富村店,新农贸市场2号停车场出入口正对面,云南省,曲靖市,,餐饮服务;中餐厅;中餐厅,050100,B0L05RU51D,餐饮服务,中餐厅,中餐厅,
104.45843866581102,25.36994499707158,大山门烤鸭店,银丰路与富兴路交叉口东80米,云南省,曲靖市,,餐饮服务;中餐厅;中餐厅,050100,B0KK2N67T7,餐饮服务,中餐厅,中餐厅,
104.45712580192358,25.376670917582906,富兴小吃,富村镇富村街富兴路99号,云南省,曲靖市,,餐饮服务;中餐厅;中餐厅,050100,B0FFKC9L1F,餐饮服务,中餐厅,中餐厅,
104.45818802479066,25.373544948397086,纯味佳,富兴路与西环路交叉口东北20米,云南省,曲靖市,,餐饮服务;中餐厅;中餐厅,050100,B0L14R2TPG,餐饮服务,中餐厅,中餐厅,
104.45838859279762,25.369244771576728,洋芋西施,庆丰路与富兴路交叉口东100米,云南省,曲靖市,,餐饮服务;餐饮相关场所;餐饮相关,050000,B0MB7HPCW5,餐饮服务,餐饮相关场所,餐饮相关,
104.45763809619262,25.36933699536551,新源乐蛋糕,富兴路与庆丰路交叉口东南50米,云南省,曲靖市,,餐饮服务;糕饼店;糕饼店,050800,B0FFIR1P7A,餐饮服务,糕饼店,糕饼店,
104.45710908250093,25.368618636122925,福星牛肉馆,富村镇富鑫酒店斜对面,云南省,曲靖市,,餐饮服务;中餐厅;中餐厅,050100,B0G1VOB2Q7,餐饮服务,中餐厅,中餐厅,
104.45743462711637,25.371068775061616,味多美蛋糕(富兴路店),富兴路与贸丰路交叉口西南40米,云南省,曲靖市,,餐饮服务;糕饼店;糕饼店,050800,B0G3HD4XE6,餐饮服务,糕饼店,糕饼店,
104.45719724132977,25.36898189847334,桂林饭店老店,[],云南省,曲靖市,,餐饮服务;中餐厅;中餐厅,050100,B0FFH7C041,餐饮服务,中餐厅,中餐厅,
104.45773534739543,25.36782700076114,红烧牛肉米线,振兴路与富长路交叉口北20米,云南省,曲靖市,,餐饮服务;中餐厅;中餐厅,050100,B0JRGBZ9BV,餐饮服务,中餐厅,中餐厅,
104.45712580192358,25.376670917582906,老字号烧烤,富兴路与祥云路交叉口西北60米,云南省,曲靖市,,餐饮服务;餐饮相关场所;餐饮相关,050000,B0FFLPCNX2,餐饮服务,餐饮相关场所,餐饮相关,
104.4563345546053,25.369109892715972,路缘小火锅,西环路与庆丰路交叉口西20米,云南省,曲靖市,,餐饮服务;中餐厅;火锅店,050117,B0H3HX2UA1,餐饮服务,中餐厅,火锅店,
104.45656102530131,25.36829930084979,土灶王牛汤锅,富村镇财富中心,云南省,曲靖市,,餐饮服务;中餐厅;火锅店,050117,B0FFLEXFZT,餐饮服务,中餐厅,火锅店,
104.45771297503455,25.3762592421819,正宗六盘水羊肉粉,祥云路与富兴路交叉口东20米,云南省,曲靖市,,餐饮服务;餐饮相关场所;餐饮相关,050000,B0L35RES7C,餐饮服务,餐饮相关场所,餐饮相关,
104.45730943596256,25.369646263342176,梧桐树富村店,富兴路与庆丰路交叉口北60米,云南省,曲靖市,,餐饮服务;餐饮相关场所;餐饮相关,050000,B0JGSAJAH1,餐饮服务,餐饮相关场所,餐饮相关,
104.45664783887906,25.377424914169907,保记清真牛菜馆,富村镇大花园(伏氏百货旁),云南省,曲靖市,,餐饮服务;中餐厅;清真菜馆,050121,B0LRCSFJ65,餐饮服务,中餐厅,清真菜馆,
104.457412593465,25.37081768467934,回隆清真牛菜馆,富兴路与贸丰路交叉口西南60米,云南省,曲靖市,,餐饮服务;餐饮相关场所;餐饮相关,050000,B0FFK193QM,餐饮服务,餐饮相关场所,餐饮相关,
104.45692275116197,25.367760069438813,钱兴大山羊肉馆(富长路店),富村镇,云南省,曲靖市,,餐饮服务;中餐厅;中餐厅,050100,B0FFLJ2GDU,餐饮服务,中餐厅,中餐厅,
104.45756567685679,25.37643592054209,金鑫烧烤(S205店),富兴路与祥云路交叉口东北50米,云南省,曲靖市,,餐饮服务;中餐厅;中餐厅,050100,B0FFKC7ZJ1,餐饮服务,中餐厅,中餐厅,
104.45755766106393,25.376434901370388,家家福羊肉米线,富兴路与祥云路交叉口西50米,云南省,曲靖市,,餐饮服务;中餐厅;中餐厅,050100,B0FFKCFZNS,餐饮服务,中餐厅,中餐厅,
104.45761866242178,25.37949753794334,正宗富源酸菜猪脚,富村中心卫生院西北侧190米,云南省,曲靖市,,餐饮服务;中餐厅;中餐厅,050100,B0HKALMUVX,餐饮服务,中餐厅,中餐厅,
104.45636363741377,25.36842885869856,来来烤串,富村镇财富中心步行街A8号商铺,云南省,曲靖市,,餐饮服务;中餐厅;中餐厅,050100,B0L1G1CVOK,餐饮服务,中餐厅,中餐厅,
104.45703290936582,25.369232548587185,兴合圆牛肉馆,富村镇庆丰路号,云南省,曲靖市,,餐饮服务;中餐厅;中餐厅,050100,B0FFMFESE2,餐饮服务,中餐厅,中餐厅,
104.45672520471469,25.371896229512036,俏渔娘(富村店),西环路与贸丰路交叉口东北40米,云南省,曲靖市,,餐饮服务;中餐厅;中餐厅,050100,B0HKDL2ZPR,餐饮服务,中餐厅,中餐厅,
104.45686062193647,25.36796195335535,六盘水羊肉米线,村,云南省,曲靖市,,餐饮服务;中餐厅;中餐厅,050100,B0LGJHO6J8,餐饮服务,中餐厅,中餐厅,
104.45696083257849,25.367581132490205,金缘饭店,富长路与振兴路交叉口西80米,云南省,曲靖市,,餐饮服务;中餐厅;中餐厅,050100,B0FFKCH1WG,餐饮服务,中餐厅,中餐厅,
104.45672520471469,25.371896229512036,香掉牙千层饼,西环路与贸丰路交叉口东北40米,云南省,曲靖市,,餐饮服务;餐饮相关场所;餐饮相关,050000,B0L3M7N2BE,餐饮服务,餐饮相关场所,餐饮相关,
104.45629748842158,25.368967784916478,傣味烧烤,西环路与庆丰路交叉口西南20米,云南省,曲靖市,,餐饮服务;中餐厅;特色/地方风味餐厅,050118,B0IR5S0OQ8,餐饮服务,中餐厅,特色/地方风味餐厅,
104.45652480625459,25.37211979430653,透骨香北京片皮烤鸭鸭,富村镇西环路,云南省,曲靖市,,餐饮服务;中餐厅;中餐厅,050100,B0K0CM7B3O,餐饮服务,中餐厅,中餐厅,
104.45676844253059,25.367950735178393,永和小吃,富村镇富兴路520号,云南省,曲靖市,,餐饮服务;中餐厅;中餐厅,050100,B0L1VZBFX4,餐饮服务,中餐厅,中餐厅,
104.45649085024351,25.369296285868344,华云冰淇淋批发部,西环路与庆丰路交叉口北20米,云南省,曲靖市,,餐饮服务;餐饮相关场所;餐饮相关,050000,B0HKDL3EQ3,餐饮服务,餐饮相关场所,餐饮相关,
104.4568854942277,25.372491697477095,轻养粥坊,西环路与贸丰路交叉口北120米,云南省,曲靖市,,餐饮服务;中餐厅;中餐厅,050100,B0L0K7PVFQ,餐饮服务,中餐厅,中餐厅,
104.4570870629241,25.36801249383818,烧烤快线,富长公路与振兴路交叉口西南40米,云南省,曲靖市,,餐饮服务;中餐厅;中餐厅,050100,B0L3A1XXKD,餐饮服务,中餐厅,中餐厅,
104.45677530316868,25.371875343880053,窦氏烤鸭,富村镇西环路69号,云南省,曲靖市,,餐饮服务;中餐厅;中餐厅,050100,B0K2AURTTD,餐饮服务,中餐厅,中餐厅,
104.45659494367901,25.37208995390908,老北京果木炭火啤酒烤鸭,西环路与贸丰路交叉口北60米,云南省,曲靖市,,餐饮服务;餐饮相关场所;餐饮相关,050000,B0G0C7XOS6,餐饮服务,餐饮相关场所,餐饮相关,
104.45592979876977,25.368471855092604,花千谷(富村花店),富村镇财富中心5/13,云南省,曲靖市,,餐饮服务;餐饮相关场所;餐饮相关,050000,B0L35SEG4Z,餐饮服务,餐饮相关场所,餐饮相关,
104.45622638263035,25.368154497621457,牛味源,富长公路与西环路交叉口西100米,云南省,曲靖市,,餐饮服务;中餐厅;中餐厅,050100,B0HK3DHQ51,餐饮服务,中餐厅,中餐厅,
104.45600494395342,25.368455027106634,亿碗小吃,西环路与庆丰路交叉口西南80米,云南省,曲靖市,,餐饮服务;中餐厅;中餐厅,050100,B0HKDL2ZPJ,餐饮服务,中餐厅,中餐厅,
104.45643468899789,25.370640357604373,风味老卤店,西环路与贸丰路交叉口南100米,云南省,曲靖市,,餐饮服务;快餐厅;快餐厅,050300,B0M6TR6IYB,餐饮服务,快餐厅,快餐厅,
104.45594482165136,25.368625912982157,燕子烧烤(西环路店),西环路与庆丰路交叉口西南80米,云南省,曲靖市,,餐饮服务;中餐厅;特色/地方风味餐厅,050118,B0LR3CC6VM,餐饮服务,中餐厅,特色/地方风味餐厅,
104.4561241374029,25.3693844435394,鸿运烧烤,西环路与庆丰路交叉口西北60米,云南省,曲靖市,,餐饮服务;中餐厅;中餐厅,050100,B0LKFMSWMD,餐饮服务,中餐厅,中餐厅,
104.4561111666262,25.367991205006366,小宋厨房,富长公路与西环路交叉口西120米,云南省,曲靖市,,餐饮服务;餐饮相关场所;餐饮相关,050000,B0L0PL1N7V,餐饮服务,餐饮相关场所,餐饮相关,
104.45457130436047,25.366263403858092,柴火羊汤锅,富厂路,云南省,曲靖市,,餐饮服务;中餐厅;火锅店,050117,B0FFKO7W6W,餐饮服务,中餐厅,火锅店,
104.45604020124158,25.3892704748811,柴火洋芋,中国能源富村加油站(长流水站)西北侧60米,云南省,曲靖市,,餐饮服务;中餐厅;中餐厅,050100,B0KRKD45UW,餐饮服务,中餐厅,中餐厅,
104.45588664744969,25.344532517888233,山谷之鲜,亦底公路175号,云南省,曲靖市,,餐饮服务;中餐厅;中餐厅,050100,B0L2RRNVRD,餐饮服务,中餐厅,中餐厅,
104.45570876696647,25.409738527003167,原汁牛肉馆,中国石油宏发加油站北侧110米,云南省,曲靖市,,餐饮服务;中餐厅;中餐厅,050100,B0J3OUJF5V,餐饮服务,中餐厅,中餐厅,
104.45588664744969,25.344532517888233,山谷之鲜,亦底公路175号,云南省,曲靖市,,餐饮服务;中餐厅;中餐厅,050100,B0L2RRNVRD,餐饮服务,中餐厅,中餐厅,
104.45570876696647,25.409738527003167,原汁牛肉馆,中国石油宏发加油站北侧110米,云南省,曲靖市,,餐饮服务;中餐厅;中餐厅,050100,B0J3OUJF5V,餐饮服务,中餐厅,中餐厅,
104.45002146036386,25.40893273037999,大石头柴火洋芋,永通玉米收购厂西侧180米,云南省,曲靖市,,餐饮服务;中餐厅;中餐厅,050100,B0L0GC4CBV,餐饮服务,中餐厅,中餐厅,
104.67228748303314,25.412086136340918,乡间小味,保田镇鹅毛寨村六组,贵州省,六盘水市,,餐饮服务;中餐厅;中餐厅,050100,B0K2L1PQIX,餐饮服务,中餐厅,中餐厅,
104.67208611111374,25.411700443705403,八方牛客铜锅牛肉馆,鹅毛寨小学西南侧170米,贵州省,六盘水市,,餐饮服务;中餐厅;中餐厅,050100,B0MBC7OH5W,餐饮服务,中餐厅,中餐厅,
104.6718537895619,25.412442037327242,村里的包子铺,保田镇鹅毛寨村,贵州省,六盘水市,,餐饮服务;餐饮相关场所;餐饮相关,050000,B0IGFRYOKL,餐饮服务,餐饮相关场所,餐饮相关,
104.67378099231195,25.410697005669565,莫利牛肉馆,保田镇鹅毛寨村退役军人服务站西北侧230米,贵州省,六盘水市,,餐饮服务;中餐厅;中餐厅,050100,B0LRKXIZO8,餐饮服务,中餐厅,中餐厅,
104.7092543283501,25.397689527533313,功夫排骨(保田分店),保田镇上保田村一组,贵州省,六盘水市,,餐饮服务;中餐厅;中餐厅,050100,B0H61ANOTV,餐饮服务,中餐厅,中餐厅,
104.70893703611183,25.39944627576297,张普坤清真馆,保田镇盘南大道红绿灯往加油站方向100米,贵州省,六盘水市,,餐饮服务;中餐厅;清真菜馆,050121,B0KALAAV51,餐饮服务,中餐厅,清真菜馆,
104.70899987850484,25.399530207319554,红英脆皮猪脚,保兴路与盘南大道交叉口北160米,贵州省,六盘水市,,餐饮服务;餐饮相关场所;餐饮相关,050000,B0HRG67402,餐饮服务,餐饮相关场所,餐饮相关,
104.70998259842847,25.39658736453948,保田伊兰园牛肉馆,盘州市-保田镇,贵州省,六盘水市,,餐饮服务;中餐厅;火锅店,050117,B0HRD7YZTC,餐饮服务,中餐厅,火锅店,
104.70872762627637,25.397555207059966,谭记冷锅鱼,保兴路与盘南大道交叉口南60米,贵州省,六盘水市,,餐饮服务;中餐厅;中餐厅,050100,B0KRKH4W1Y,餐饮服务,中餐厅,中餐厅,
104.70930121745859,25.397594447734065,富源特色脆皮酸菜猪脚,保兴路200号,贵州省,六盘水市,,餐饮服务;中餐厅;中餐厅,050100,B0IK6AIRDB,餐饮服务,中餐厅,中餐厅,
104.71081835734755,25.402232329835964,盘州周记铜锅牛肉馆,保兴路247县,贵州省,六盘水市,,餐饮服务;中餐厅;中餐厅,050100,B0LASM0A30,餐饮服务,中餐厅,中餐厅,
104.70944862428698,25.40344734868535,回味农家菜,247县道与保兴路交叉口西南40米,贵州省,六盘水市,,餐饮服务;中餐厅;中餐厅,050100,B0G22HTU5J,餐饮服务,中餐厅,中餐厅,
104.71021277615739,25.403237304729206,张记普田清真馆,盘州市保田加油站对面,贵州省,六盘水市,,餐饮服务;中餐厅;清真菜馆,050121,B0G22RUCQV,餐饮服务,中餐厅,清真菜馆,
104.71060179108945,25.404408024022537,花江狗肉,246国道与保兴路交叉口东北120米,贵州省,六盘水市,,餐饮服务;中餐厅;特色/地方风味餐厅,050118,B0KBJUFFK1,餐饮服务,中餐厅,特色/地方风味餐厅,
104.71003318826138,25.40380564774686,盘南酒楼,保田镇上保田(加油站岔路口),贵州省,六盘水市,,餐饮服务;中餐厅;综合酒楼,050101,B0M6DR709E,餐饮服务,中餐厅,综合酒楼,
104.71049905127641,25.404087095328432,云南红豆脆皮猪脚,保兴路247县,贵州省,六盘水市,,餐饮服务;餐饮相关场所;餐饮相关,050000,B0L6MAVGWF,餐饮服务,餐饮相关场所,餐饮相关,
104.71076248442533,25.40240943529465,乌江片片鱼,保兴路与247县道交叉口东南160米,贵州省,六盘水市,,餐饮服务;中餐厅;中餐厅,050100,B0K2MHVBZY,餐饮服务,中餐厅,中餐厅,
104.7106407073488,25.40415992614251,醉江渔生态鱼馆,246国道与保兴路交叉口东北100米,贵州省,六盘水市,,餐饮服务;中餐厅;海鲜酒楼,050119,B0K3277WCZ,餐饮服务,中餐厅,海鲜酒楼,
104.71017889408617,25.40233417720219,客香居私房菜,保兴路与247县道交叉口南160米,贵州省,六盘水市,,餐饮服务;中餐厅;中餐厅,050100,B0LA27K8JK,餐饮服务,中餐厅,中餐厅,
104.71068060805406,25.404243890764544,王记川味鲜鱼坊,保兴路247县,贵州省,六盘水市,,餐饮服务;中餐厅;中餐厅,050100,B0KKNR8SQK,餐饮服务,中餐厅,中餐厅,
104.71141678741256,25.405724234392462,会烙烙锅店,246国道与247县道交叉口北60米,贵州省,六盘水市,,餐饮服务;餐饮相关场所;餐饮相关,050000,B0JKKCCGKJ,餐饮服务,餐饮相关场所,餐饮相关,
104.71140382256024,25.405617230123134,咩咩羊汤锅,保兴路342号,贵州省,六盘水市,,餐饮服务;中餐厅;中餐厅,050100,B0LG3D5R8A,餐饮服务,中餐厅,中餐厅,
104.71017889408617,25.40233417720219,客香居私房菜,保兴路与247县道交叉口南160米,贵州省,六盘水市,,餐饮服务;中餐厅;中餐厅,050100,B0LA27K8JK,餐饮服务,中餐厅,中餐厅,
104.71068060805406,25.404243890764544,王记川味鲜鱼坊,保兴路247县,贵州省,六盘水市,,餐饮服务;中餐厅;中餐厅,050100,B0KKNR8SQK,餐饮服务,中餐厅,中餐厅,
104.71141678741256,25.405724234392462,会烙烙锅店,246国道与247县道交叉口北60米,贵州省,六盘水市,,餐饮服务;餐饮相关场所;餐饮相关,050000,B0JKKCCGKJ,餐饮服务,餐饮相关场所,餐饮相关,
104.71140382256024,25.405617230123134,咩咩羊汤锅,保兴路342号,贵州省,六盘水市,,餐饮服务;中餐厅;中餐厅,050100,B0LG3D5R8A,餐饮服务,中餐厅,中餐厅,
104.71087711271396,25.404833751268658,牛王堡炸鸡汉堡,246国道与保兴路交叉口东北160米,贵州省,六盘水市,,餐饮服务;快餐厅;快餐厅,050300,B0L3JPCYNK,餐饮服务,快餐厅,快餐厅,
104.71092599552406,25.404833688515478,99早餐馆,246国道与247县道交叉口西南60米,贵州省,六盘水市,,餐饮服务;中餐厅;中餐厅,050100,B0L1UK1ZRV,餐饮服务,中餐厅,中餐厅,
104.71346087574541,25.408426229662187,丁记清真园,246国道与247县道交叉口东北420米,贵州省,六盘水市,,餐饮服务;中餐厅;清真菜馆,050121,B0G2F51Q10,餐饮服务,中餐厅,清真菜馆,
104.71526168930258,25.410023417637316,山西面馆,保田镇,贵州省,六盘水市,,餐饮服务;中餐厅;中餐厅,050100,B0KD9ZWLUI,餐饮服务,中餐厅,中餐厅,
104.71327132947106,25.408081391469793,凯里酸汤鱼,双迎门业西北侧,贵州省,六盘水市,,餐饮服务;中餐厅;中餐厅,050100,B0K1ZGT7KW,餐饮服务,中餐厅,中餐厅,
104.71452138992906,25.409561188847068,保田老兵烤鱼美蛙鱼火锅,保田镇下保田居委会一组,贵州省,六盘水市,,餐饮服务;中餐厅;火锅店,050117,B0LRN5L5WZ,餐饮服务,中餐厅,火锅店,
104.71633825470748,25.410531293757415,回味烙锅,246国道与111乡道交叉口西南180米,贵州省,六盘水市,,餐饮服务;餐饮相关场所;餐饮相关,050000,B0FFIDNL22,餐饮服务,餐饮相关场所,餐饮相关,
104.71491822277547,25.416151058495913,有缘餐厅,保田镇有缘餐厅,贵州省,六盘水市,,餐饮服务;中餐厅;中餐厅,050100,B0FFJCXBWO,餐饮服务,中餐厅,中餐厅,
104.71225029456468,25.418716807563825,宏利牛肉馆,保田镇,贵州省,六盘水市,,餐饮服务;中餐厅;中餐厅,050100,B0K2NS09PC,餐饮服务,中餐厅,中餐厅,
104.71789179442565,25.411636810967092,享哆味汉堡炸鸡(保田店),"保田镇(红太阳超市斜对面,包勇电器旁边)",贵州省,六盘水市,,餐饮服务;快餐厅;快餐厅,050300,B0FFK1Y263,餐饮服务,快餐厅,快餐厅,
104.71486959184777,25.409677803974443,万州烤鱼,保田镇保兴路200号,贵州省,六盘水市,,餐饮服务;中餐厅;中餐厅,050100,B0G2T9537B,餐饮服务,中餐厅,中餐厅,
104.71567975308461,25.40987690850464,重庆留一手烤鱼(保田店),盘州市246国道与111乡道交叉口西南280米,贵州省,六盘水市,,餐饮服务;中餐厅;中餐厅,050100,B0G25YR41K,餐饮服务,中餐厅,中餐厅,
104.71633726231205,25.410396267926895,茶小思,保兴路200号,贵州省,六盘水市,,餐饮服务;餐饮相关场所;餐饮相关,050000,B0K2LSOVA7,餐饮服务,餐饮相关场所,餐饮相关,
104.71719942737782,25.408622960962255,盘州市鲜外鲜牛汤锅店,保田新农贸市场里鲜外鲜牛汤锅,贵州省,六盘水市,,餐饮服务;中餐厅;中餐厅,050100,B0LBGRBCYJ,餐饮服务,中餐厅,中餐厅,
104.7162314948143,25.41047140169344,保田羊肉粉,盘州市246国道与111乡道交叉口西南100米,贵州省,六盘水市,,餐饮服务;中餐厅;中餐厅,050100,B0J3LSZI4U,餐饮服务,中餐厅,中餐厅,
104.71499006263241,25.416076959578383,蒋记陈猪脚肚包肉,保田镇街上,贵州省,六盘水市,,餐饮服务;中餐厅;中餐厅,050100,B0H6CCZ20E,餐饮服务,中餐厅,中餐厅,
104.715418514046,25.405547358533735,丁用普田清真馆,保兴路200号,贵州省,六盘水市,,餐饮服务;中餐厅;清真菜馆,050121,B0LKP70NNC,餐饮服务,中餐厅,清真菜馆,
104.71452138992906,25.409561188847068,盘州市辣渔味家餐饮店,246国道与111乡道交叉口西南380米,贵州省,六盘水市,,餐饮服务;中餐厅;中餐厅,050100,B0LRGPSTHZ,餐饮服务,中餐厅,中餐厅,
104.71711749512781,25.411431609674153,丽平小吃欢喜手工披萨店,保田镇下保田居委会三组,贵州省,六盘水市,,餐饮服务;快餐厅;快餐厅,050300,B0L05UTIHK,餐饮服务,快餐厅,快餐厅,
104.71503797644262,25.415513787821972,普田华琴清真馆,保田镇居委会保兴路12号,贵州省,六盘水市,,餐饮服务;中餐厅;清真菜馆,050121,B0FFMGQ1HR,餐饮服务,中餐厅,清真菜馆,
104.71486760228223,25.40952977691471,飘香烤鱼烙锅,246国道与111乡道交叉口西南360米,贵州省,六盘水市,,餐饮服务;中餐厅;中餐厅,050100,B0LRSX5H63,餐饮服务,中餐厅,中餐厅,
104.71452138992906,25.409561188847068,盘州市辣渔味家餐饮店,246国道与111乡道交叉口西南380米,贵州省,六盘水市,,餐饮服务;中餐厅;中餐厅,050100,B0LRGPSTHZ,餐饮服务,中餐厅,中餐厅,
104.71711749512781,25.411431609674153,丽平小吃欢喜手工披萨店,保田镇下保田居委会三组,贵州省,六盘水市,,餐饮服务;快餐厅;快餐厅,050300,B0L05UTIHK,餐饮服务,快餐厅,快餐厅,
104.71503797644262,25.415513787821972,普田华琴清真馆,保田镇居委会保兴路12号,贵州省,六盘水市,,餐饮服务;中餐厅;清真菜馆,050121,B0FFMGQ1HR,餐饮服务,中餐厅,清真菜馆,
104.71486760228223,25.40952977691471,飘香烤鱼烙锅,246国道与111乡道交叉口西南360米,贵州省,六盘水市,,餐饮服务;中餐厅;中餐厅,050100,B0LRSX5H63,餐饮服务,中餐厅,中餐厅,
104.71565558709091,25.415390050935514,祥义餐馆,246国道与247县道交叉口西北320米,贵州省,六盘水市,,餐饮服务;中餐厅;中餐厅,050100,B0K3M7T59X,餐饮服务,中餐厅,中餐厅,
104.7163462370294,25.410529284406504,煲金珠老红糖珍珠鲜奶茶,246国道与111乡道交叉口西南180米,贵州省,六盘水市,,餐饮服务;冷饮店;冷饮店,050700,B0KRDRORAH,餐饮服务,冷饮店,冷饮店,
104.71690299314314,25.410791717501393,避风塘烧仙草,246国道与111乡道交叉口西南120米,贵州省,六盘水市,,餐饮服务;中餐厅;特色/地方风味餐厅,050118,B0G1RBY244,餐饮服务,中餐厅,特色/地方风味餐厅,
104.7169488885741,25.410875683672806,精武鸭头(G246店),保田镇居委会保兴路165号,贵州省,六盘水市,,餐饮服务;餐饮相关场所;餐饮相关,050000,B0HDZMZP4F,餐饮服务,餐饮相关场所,餐饮相关,
104.71673337862877,25.410520851041426,姐妹小吃(G246店),246国道与111乡道交叉口西南160米,贵州省,六盘水市,,餐饮服务;餐饮相关场所;餐饮相关,050000,B0G1RZ1JYR,餐饮服务,餐饮相关场所,餐饮相关,
104.71625445557085,25.410173316450326,安龙现蒸红油剪粉,246国道与111乡道交叉口西南220米,贵州省,六盘水市,,餐饮服务;中餐厅;中餐厅,050100,B0L0U1X15S,餐饮服务,中餐厅,中餐厅,
104.71688900469168,25.41127482968379,保田老朋友烧烤店,保田镇下保田村,贵州省,六盘水市,,餐饮服务;中餐厅;特色/地方风味餐厅,050118,B0I2MUAVOF,餐饮服务,中餐厅,特色/地方风味餐厅,
104.71690106880092,25.409005364412813,美菊早餐店,246国道与111乡道交叉口南320米,贵州省,六盘水市,,餐饮服务;中餐厅;中餐厅,050100,B0I1VU27BA,餐饮服务,中餐厅,中餐厅,
104.71701265800786,25.413128067159498,隆江猪脚饭,246国道与247县道交叉口西40米,贵州省,六盘水市,,餐饮服务;中餐厅;中餐厅,050100,B0LUNX3CKV,餐饮服务,中餐厅,中餐厅,
104.71767723274706,25.412353186114018,兴义羊肉粉,保田镇下保田村,贵州省,六盘水市,,餐饮服务;中餐厅;中餐厅,050100,B0FFG2TFIL,餐饮服务,中餐厅,中餐厅,
104.71993546839344,25.410564471218787,张贵普田清真黄牛香,盘州市盘州市保田小学上面十字路口左边,贵州省,六盘水市,,餐饮服务;中餐厅;清真菜馆,050121,B0G3SCVN9E,餐饮服务,中餐厅,清真菜馆,
104.71690099894192,25.410756712704114,茶之都,246国道与111乡道交叉口西南140米,贵州省,六盘水市,,餐饮服务;冷饮店;冷饮店,050700,B0I2MADBT1,餐饮服务,冷饮店,冷饮店,
104.71682217884583,25.410608770239204,早点见面,246国道与111乡道交叉口西南160米,贵州省,六盘水市,,餐饮服务;中餐厅;中餐厅,050100,B0KU45TZHT,餐饮服务,中餐厅,中餐厅,
104.7177301430915,25.411711999868405,保田超群饼屋,保田镇街上(包勇电器旁),贵州省,六盘水市,,餐饮服务;糕饼店;糕饼店,050800,B0FFMDS15F,餐饮服务,糕饼店,糕饼店,
104.71744574397658,25.412211408199955,梦芸小吃店,246国道与111乡道交叉口北40米,贵州省,六盘水市,,餐饮服务;中餐厅;中餐厅,050100,B0H375DMKP,餐饮服务,中餐厅,中餐厅,
104.7172790784002,25.412978744871868,秦记羊肉粉,246国道与247县道交叉口西南20米,贵州省,六盘水市,,餐饮服务;快餐厅;快餐厅,050300,B0FFMDXXTZ,餐饮服务,快餐厅,快餐厅,
104.71695975365472,25.413651231690885,宏源黑山羊肉馆,保田镇街上新民叉路口50来,贵州省,六盘水市,,餐饮服务;中餐厅;中餐厅,050100,B0I1ZHIXB8,餐饮服务,中餐厅,中餐厅,
104.71591520697912,25.410328730497138,冰喏雪糕铺,246国道与111乡道交叉口西南220米,贵州省,六盘水市,,餐饮服务;冷饮店;冷饮店,050700,B0L1CR5VQ3,餐饮服务,冷饮店,冷饮店,
104.71726210060628,25.413354839713453,水城羊肉粉家常炒菜,246国道与247县道交叉口北40米,贵州省,六盘水市,,餐饮服务;中餐厅;中餐厅,050100,B0M64CJQQ0,餐饮服务,中餐厅,中餐厅,
104.71676329620297,25.410927899230696,亦茶大师,246国道与111乡道交叉口西南120米,贵州省,六盘水市,,餐饮服务;冷饮店;冷饮店,050700,B0LGKXMDRV,餐饮服务,冷饮店,冷饮店,
104.71756848868853,25.411886209534497,优卡滋,保田镇,贵州省,六盘水市,,餐饮服务;快餐厅;快餐厅,050300,B0L3PSGNVD,餐饮服务,快餐厅,快餐厅,
104.71756848868853,25.411886209534497,优卡滋,保田镇,贵州省,六盘水市,,餐饮服务;快餐厅;快餐厅,050300,B0L3PSGNVD,餐饮服务,快餐厅,快餐厅,
104.71604273949276,25.414888507981086,土黄牛清真园,246国道与247县道交叉口西北240米,贵州省,六盘水市,,餐饮服务;中餐厅;清真菜馆,050121,B0I1RA33XR,餐饮服务,中餐厅,清真菜馆,
104.71760740980349,25.411734136819476,七妹餐馆,111乡道与246国道交叉口东南20米,贵州省,六盘水市,,餐饮服务;中餐厅;中餐厅,050100,B0HKDR3P27,餐饮服务,中餐厅,中餐厅,
104.71762933979244,25.412288224730165,汉堡乐园,保田镇保兴路124号,贵州省,六盘水市,,餐饮服务;快餐厅;快餐厅,050300,B0LK2UQZYL,餐饮服务,快餐厅,快餐厅,
104.71788191485976,25.409162327988952,昌鑫饭店,246国道与111乡道交叉口南300米,贵州省,六盘水市,,餐饮服务;中餐厅;中餐厅,050100,B0L04LZ0NL,餐饮服务,中餐厅,中餐厅,
104.71732202406868,25.411982496740283,秘制辣卤熟食,246国道与111乡道交叉口西北20米,贵州省,六盘水市,,餐饮服务;餐饮相关场所;餐饮相关,050000,B0M64CJSHN,餐饮服务,餐饮相关场所,餐饮相关,
104.71686309374316,25.410477698836935,老字号烤猪蹄,246国道与111乡道交叉口南160米,贵州省,六盘水市,,餐饮服务;中餐厅;中餐厅,050100,B0L0N9ST8S,餐饮服务,中餐厅,中餐厅,
104.71956524934576,25.410559845236634,土黄牛肉粉店,保田镇下保田居保田小学十字路口供电所旁,贵州省,六盘水市,,餐饮服务;中餐厅;中餐厅,050100,B0LDOH0FVY,餐饮服务,中餐厅,中餐厅,
104.71762235978105,25.412169208267386,老味道小吃店,246国道与111乡道交叉口东北40米,贵州省,六盘水市,,餐饮服务;中餐厅;中餐厅,050100,B0KRKDAXYA,餐饮服务,中餐厅,中餐厅,
104.71781106234825,25.40932643658139,刘阿姨小炒肉,247县道与111乡道交叉口西南260米,贵州省,六盘水市,,餐饮服务;中餐厅;中餐厅,050100,B0LUGXRVFE,餐饮服务,中餐厅,中餐厅,
104.71721226905008,25.411877595499078,香香饭店,246国道与111乡道交叉口西20米,贵州省,六盘水市,,餐饮服务;中餐厅;中餐厅,050100,B0L0DXO7L2,餐饮服务,中餐厅,中餐厅,
104.7195331930679,25.413660502926668,回娘家饭庄,247县道与246国道交叉口东220米,贵州省,六盘水市,,餐饮服务;中餐厅;中餐厅,050100,B0G1R40D5K,餐饮服务,中餐厅,中餐厅,
104.72384858393862,25.40877042888154,丁秋林普田清真馆,盘南大道交汇处新格子岔路口,贵州省,六盘水市,,餐饮服务;中餐厅;清真菜馆,050121,B0KAA19XCC,餐饮服务,中餐厅,清真菜馆,
104.71905830153291,25.4111754890173,乐园之家汉堡店,111乡道与246国道交叉口东180米,贵州省,六盘水市,,餐饮服务;餐饮相关场所;餐饮相关,050000,B0M6AUZ1P5,餐饮服务,餐饮相关场所,餐饮相关,
104.38530280388235,25.359763547658833,三味园清真羊肉馆,富乐镇,云南省,曲靖市,,餐饮服务;中餐厅;清真菜馆,050121,B0G3OD9SUR,餐饮服务,中餐厅,清真菜馆,
104.72237454270449,25.4081236299028,普田清香园牛肉馆,243县道与盘南大道交叉口西180米,贵州省,六盘水市,,餐饮服务;中餐厅;中餐厅,050100,B0K6BCGJY5,餐饮服务,中餐厅,中餐厅,
104.72321385414166,25.408347908607606,张艳清真牛肉火锅城,243县道与盘南大道交叉口西北20米,贵州省,六盘水市,,餐饮服务;中餐厅;清真菜馆,050121,B0J0PD6Q2V,餐饮服务,中餐厅,清真菜馆,
104.72529700429783,25.37821373067367,马鞍山柴火羊汤锅,和谐园北侧280米,贵州省,六盘水市,,餐饮服务;中餐厅;中餐厅,050100,B0MBAXB1AG,餐饮服务,中餐厅,中餐厅,
104.38355688512452,25.361974983892484,毅薇主题餐厅,钻块线与095乡道交叉口西北380米,云南省,曲靖市,,餐饮服务;中餐厅;中餐厅,050100,B0LGCLU2RR,餐饮服务,中餐厅,中餐厅,
104.38281182250573,25.362651596821767,富乐飘香饭店,福乐镇朝阳红大酒店旁,云南省,曲靖市,,餐饮服务;中餐厅;中餐厅,050100,B0HR75PGMK,餐饮服务,中餐厅,中餐厅,
104.38147171978302,25.359944199097804,老字号清真小吃店,富乐镇团结街,云南省,曲靖市,,餐饮服务;餐饮相关场所;餐饮相关,050000,B0JRG4PU7A,餐饮服务,餐饮相关场所,餐饮相关,
104.38196306715365,25.359621785619403,路路通清真馆,富乐镇中心完小东南侧170米,云南省,曲靖市,,餐饮服务;中餐厅;清真菜馆,050121,B0FFFYAKCR,餐饮服务,中餐厅,清真菜馆,
104.38222171813639,25.359692605116866,茶与欢,钻块线与095乡道交叉口西400米,云南省,曲靖市,,餐饮服务;冷饮店;冷饮店,050700,B0IRL7GA5R,餐饮服务,冷饮店,冷饮店,
104.38185022177072,25.359552859897672,醇和清真馆,钻块线与095乡道交叉口西440米,云南省,曲靖市,,餐饮服务;中餐厅;清真菜馆,050121,B0FFFYAKCQ,餐饮服务,中餐厅,清真菜馆,
104.38234643553669,25.362668933035895,富乐鲜鸡鱼跃坊,富乐镇新大街,云南省,曲靖市,,餐饮服务;中餐厅;中餐厅,050100,B0LGARLQCZ,餐饮服务,中餐厅,中餐厅,
105.064653903363,26.682785340053453,尝尝羊肉粉馆,青林乡灰依村委会旁,贵州省,六盘水市,,餐饮服务;快餐厅;快餐厅,050300,B0HG6LEHLL,餐饮服务,快餐厅,快餐厅,
105.06307155703256,26.632834690287943,三岔河干锅牛肉粉馆,S310与水纳路交叉口东北方向182米左右,贵州省,六盘水市,,餐饮服务;中餐厅;中餐厅,050100,B0L3MHKHR0,餐饮服务,中餐厅,中餐厅,
105.09705550091077,26.685024641167274,粉面馆,杰富汽车修理厂东南侧,贵州省,毕节市,,餐饮服务;中餐厅;中餐厅,050100,B0L3A9WTJV,餐饮服务,中餐厅,中餐厅,
105.09354790887546,26.696854552892944,金鸿酒楼,新房乡以角滥坝村村民委员会康金煤矿,贵州省,毕节市,,餐饮服务;中餐厅;综合酒楼,050101,B0L0HUQCHW,餐饮服务,中餐厅,综合酒楼,
105.09573716325976,26.700894450572306,老红旗烤鱼店一,以角村,贵州省,毕节市,,餐饮服务;中餐厅;中餐厅,050100,B0JUXDVRJS,餐饮服务,中餐厅,中餐厅,
105.09552136873661,26.701636432549215,黄牛御锅牛肉馆,新房乡以角村猪市丫口,贵州省,毕节市,,餐饮服务;中餐厅;中餐厅,050100,B0JD15W1K2,餐饮服务,中餐厅,中餐厅,
105.09570520508886,26.70076345191017,小星歌天鲜阁音乐餐厅,小星歌KTV西南侧,贵州省,毕节市,,餐饮服务;中餐厅;中餐厅,050100,B0KBL6TQT5,餐饮服务,中餐厅,中餐厅,
105.09392711927612,26.703754417843403,故乡居,新房乡以角村街上组,贵州省,毕节市,,餐饮服务;中餐厅;中餐厅,050100,B0J259N9HP,餐饮服务,中餐厅,中餐厅,
105.09383021999747,26.70408641616575,福牛顺原汤牛肉火锅店,以角小学西南侧约190米,贵州省,毕节市,,餐饮服务;中餐厅;火锅店,050117,B0FFMGZ04O,餐饮服务,中餐厅,火锅店,
105.09556431799292,26.70169043242673,回头客粉面馆,战云台球俱乐部东南侧70米,贵州省,毕节市,,餐饮服务;中餐厅;中餐厅,050100,B0L09OEQF4,餐饮服务,中餐厅,中餐厅,
105.09399902455193,26.703931410617777,醉香居坛子烤鱼,以角村,贵州省,毕节市,,餐饮服务;餐饮相关场所;餐饮相关,050000,B0FFLCRR54,餐饮服务,餐饮相关场所,餐饮相关,
105.0945983625892,26.702952409315756,幸福烧鸡公,以角小学西南约320米,贵州省,毕节市,,餐饮服务;中餐厅;中餐厅,050100,B0M60UM8S3,餐饮服务,中餐厅,中餐厅,
105.0958499945818,26.70180343807448,郭记餐馆,以角酷车联盟(立马电动)专卖店东北侧50米,贵州省,毕节市,,餐饮服务;中餐厅;中餐厅,050100,B0KUTX5HQO,餐饮服务,中餐厅,中餐厅,
105.09588193823483,26.702242431088468,乌江片片鱼,以角猪市丫,贵州省,毕节市,,餐饮服务;中餐厅;中餐厅,050100,B0KBU7LWI6,餐饮服务,中餐厅,中餐厅,
105.09405695372465,26.703963407235374,荞饭鸡火锅,贵阳银行农村普惠金融综合服务点(新房乡以角村)西侧80米,贵州省,毕节市,,餐饮服务;中餐厅;火锅店,050117,B0M63C9QZZ,餐饮服务,中餐厅,火锅店,
105.0948090443633,26.704481374459395,睿龙肠旺面粉馆,新房乡以角街上,贵州省,毕节市,,餐饮服务;中餐厅;中餐厅,050100,B0FFL3TMMX,餐饮服务,中餐厅,中餐厅,
105.09474412981238,26.70426837988668,牛霸王牛肉馆,以角村牛霸王牛肉馆,贵州省,毕节市,,餐饮服务;中餐厅;中餐厅,050100,B0KK47V0JE,餐饮服务,中餐厅,中餐厅,
105.0949059452767,26.70421337913306,盘县牛肉,以角小学西南侧260米,贵州省,毕节市,,餐饮服务;中餐厅;中餐厅,050100,B0MBAOAN3Z,餐饮服务,中餐厅,中餐厅,
105.09480804556735,26.704480374493283,四方尝回头,以角小学西南侧250米,贵州省,毕节市,,餐饮服务;中餐厅;中餐厅,050100,B0KARH8F9Z,餐饮服务,中餐厅,中餐厅,
105.09607763689347,26.704039403229594,红庆羊肉粉,新房乡以角村以角街上,贵州省,毕节市,,餐饮服务;中餐厅;中餐厅,050100,B0G0KPSIK4,餐饮服务,中餐厅,中餐厅,
105.0951056992345,26.704563370924742,红烧大蹄花粉,以角小学西南侧220米,贵州省,毕节市,,餐饮服务;中餐厅;中餐厅,050100,B0L0RO7N1S,餐饮服务,中餐厅,中餐厅,
105.09509169726974,26.704938362790514,麦田烘焙坊,好一佳果蔬店西北侧,贵州省,毕节市,,餐饮服务;餐饮相关场所;餐饮相关,050000,B0FFMA1Z2I,餐饮服务,餐饮相关场所,餐饮相关,
105.09507471339151,26.705007361283762,凯里酸汤鱼粉,以角小学西南侧190米,贵州省,毕节市,,餐饮服务;中餐厅;中餐厅,050100,B0LR3CE014,餐饮服务,中餐厅,中餐厅,
105.09595474431005,26.704613386109095,肖记鲜味砂锅粉馆,新房乡以角村退役军人服务站西侧250米,贵州省,毕节市,,餐饮服务;中餐厅;中餐厅,050100,B0L2R5MVXT,餐饮服务,中餐厅,中餐厅,
105.09565503814405,26.70541335916129,彭伦进餐馆,新房乡以角村退役军人服务站西侧260米,贵州省,毕节市,,餐饮服务;中餐厅;中餐厅,050100,B0LAXR4S8W,餐饮服务,中餐厅,中餐厅,
105.0958288268207,26.70579235549526,烙意阁,新房乡以角村,贵州省,毕节市,,餐饮服务;中餐厅;综合酒楼,050101,B0J1BYN1N7,餐饮服务,中餐厅,综合酒楼,
105.09565403897129,26.705419359001787,土家酱香饼,新房乡以角村退役军人服务站西侧260米,贵州省,毕节市,,餐饮服务;餐饮相关场所;餐饮相关,050000,B0L2HN97JI,餐饮服务,餐饮相关场所,餐饮相关,
105.09585479228923,26.70591335356257,私房烘焙,新房乡以角村退役军人服务站西侧250米,贵州省,毕节市,,餐饮服务;糕饼店;糕饼店,050800,B0MBXUZ7YA,餐饮服务,糕饼店,糕饼店,
105.09768077228922,26.707633445776036,老刘家鱼味无穷,新房乡河边村,贵州省,毕节市,,餐饮服务;中餐厅;中餐厅,050100,B0IAV5J6D5,餐饮服务,中餐厅,中餐厅,
104.97892469974715,26.67435980177884,钟山区马云牛肉馆,232县道,贵州省,六盘水市,,餐饮服务;中餐厅;清真菜馆,050121,B0LRA50WTV,餐饮服务,中餐厅,清真菜馆,
104.97815602431575,26.675601047204832,加河郑家羊肉粉馆,保华镇加河村三组街上岔路口,贵州省,六盘水市,,餐饮服务;中餐厅;中餐厅,050100,B0FFKYSIGF,餐饮服务,中餐厅,中餐厅,
104.97855522128883,26.67670890754499,徐记鲜味带皮羊肉粉馆,保华镇加河街上232县道西,贵州省,六盘水市,,餐饮服务;中餐厅;中餐厅,050100,B0I3Y5LBGM,餐饮服务,中餐厅,中餐厅,
104.97797280726533,26.676076583314025,东晟食府,232县道西北侧,贵州省,六盘水市,,餐饮服务;中餐厅;中餐厅,050100,B0GRKO6BMY,餐饮服务,中餐厅,中餐厅,
105.03656138059182,26.601783672564956,龙井山庄,水城县老鹰山街道中坡村龙井山庄,贵州省,六盘水市,,餐饮服务;中餐厅;云贵菜,050114,B0H1ZH7LPE,餐饮服务,中餐厅,云贵菜,
105.03555148469687,26.597678665593335,聚友好食府,老鹰山街道办中坡社区斜对面岔河路口旁边聚友好食府,贵州省,六盘水市,,餐饮服务;中餐厅;特色/地方风味餐厅,050118,B0JRXD2UPF,餐饮服务,中餐厅,特色/地方风味餐厅,
105.14369216239658,26.673557252587624,毛家小院,新房乡街上,贵州省,毕节市,,体育休闲服务;休闲场所;休闲场所|餐饮服务;中餐厅;中餐厅,080500|050100,B0I0CCG92G,体育休闲服务,休闲场所,休闲场所|餐饮服务,中餐厅
105.03790067895682,26.59244735490631,敏姐餐馆,董地加油站旁边,贵州省,六盘水市,,餐饮服务;中餐厅;中餐厅,050100,B0K1RRV0EL,餐饮服务,中餐厅,中餐厅,
104.97347240464818,26.62964536772576,招富烧烤烟酒店,月照社区竹独山村寨上四组,贵州省,六盘水市,,餐饮服务;中餐厅;中餐厅,050100,B0LKXRP3Y5,餐饮服务,中餐厅,中餐厅,
105.03938337541024,26.564332823390355,水城经开区生活服务中心,六盘水蔬香门递食材配送有限公司东北侧50米,贵州省,六盘水市,,餐饮服务;餐饮相关场所;餐饮相关,050000,B0LURM2LJB,餐饮服务,餐饮相关场所,餐饮相关,
105.02498683485629,26.56485754133322,享哆味汉堡炸鸡(水城经开区店),水城经开区城东壹号1楼20号门店,贵州省,六盘水市,,餐饮服务;快餐厅;快餐厅,050300,B0LRP1S6MT,餐饮服务,快餐厅,快餐厅,
105.19055174121405,26.643092144848424,享哆味汉堡炸鸡(纳雍阳长店),阳长镇滨河村5组,贵州省,毕节市,,餐饮服务;餐饮相关场所;餐饮相关,050000,B0KU7M6ONJ,餐饮服务,餐饮相关场所,餐饮相关,
104.96780806343116,26.54516881883432,森屿岛,双水街道明硐社区沿湖路东部国际城,贵州省,六盘水市,,餐饮服务;中餐厅;中餐厅,050100,B0J1R5QOAT,餐饮服务,中餐厅,中餐厅,
104.96398060538667,26.548931624227574,陈记特色牛肉馆(东部·国际城店),沿湖路与双水大道交叉口北40米,贵州省,六盘水市,,餐饮服务;中餐厅;中餐厅,050100,B0ID76305O,餐饮服务,中餐厅,中餐厅,
104.95055379181355,26.554123707003317,牛知味铜锅牛肉馆(水城店),富民路工商局斜对面,贵州省,六盘水市,,餐饮服务;餐饮相关场所;餐饮相关,050000,B0L6CD5C7U,餐饮服务,餐饮相关场所,餐饮相关,
104.95189005774671,26.551924371188953,水城农民画艺术餐厅,石桥巷-高林路,贵州省,六盘水市,,餐饮服务;中餐厅;中餐厅,050100,B0FFLHO2IG,餐饮服务,中餐厅,中餐厅,
104.9524321406129,26.550505902836207,德克士(水城县店),双水街道双水大道雨田境界合力超市1层,贵州省,六盘水市,,餐饮服务;快餐厅;快餐厅,050300,B0FFKDTKEX,餐饮服务,快餐厅,快餐厅,
104.95614242393346,26.547830861503563,麻辣香锅烤鱼(天羿栖凤苑店),双水大广场文苑路栖凤苑后门104号门面,贵州省,六盘水市,,餐饮服务;中餐厅;中餐厅,050100,B0FFFY7G3S,餐饮服务,中餐厅,中餐厅,
104.95003974088914,26.551575365561686,双水尝回头羊肉粉私房菜(祥和园店),石桥路,贵州省,六盘水市,,餐饮服务;中餐厅;中餐厅,050100,B0HRC5MCEL,餐饮服务,中餐厅,中餐厅,
104.94939999997476,26.55193280537666,福临门酒楼,双水街道黄家桥社区石桥西路景新苑门面,贵州省,六盘水市,,餐饮服务;中餐厅;综合酒楼,050101,B0I67CPT9R,餐饮服务,中餐厅,综合酒楼,
104.95304904667131,26.546547779550217,老羊头羊肉粉(双水直营店),双水街道办明硐商住楼1栋107号,贵州省,六盘水市,,餐饮服务;中餐厅;中餐厅,050100,B0FFJL3YDJ,餐饮服务,中餐厅,中餐厅,
104.94982552653558,26.55105873392423,叶家私房菜,石桥路夏凉之都旁二楼(农村信用社对面),贵州省,六盘水市,,餐饮服务;中餐厅;中餐厅,050100,B0G2T172WZ,餐饮服务,中餐厅,中餐厅,
104.95380139513678,26.543546496723117,太阳之手(双水小广场店),金山巷与金山路交叉口西南20米,贵州省,六盘水市,,餐饮服务;餐饮相关场所;餐饮相关,050000,B0G2T15S5B,餐饮服务,餐饮相关场所,餐饮相关,
104.95631893317865,26.54368165922729,正新鸡排(金山店),双水街道车之家站台对面正新鸡排店,贵州省,六盘水市,,餐饮服务;餐饮相关场所;餐饮相关,050000,B0FFHJT5NN,餐饮服务,餐饮相关场所,餐饮相关,
104.95992105303331,26.542903777212132,正宗水城葛记辣椒面店,双水阳光花园和谐二港,贵州省,六盘水市,,餐饮服务;中餐厅;中餐厅,050100,B0HRZUNXWI,餐饮服务,中餐厅,中餐厅,
104.95649228937657,26.543320178567143,霸王茶姬(贵州六盘水双水小广场店),金龙港小区3号楼1层,贵州省,六盘水市,,餐饮服务;中餐厅;中餐厅,050100,B0J307FXVU,餐饮服务,中餐厅,中餐厅,
104.95621129546507,26.544759120096952,喜之缘酒楼,小山路与金山北巷交叉口东南20米,贵州省,六盘水市,,餐饮服务;餐饮相关场所;餐饮相关,050000,B0FFK0UZ1O,餐饮服务,餐饮相关场所,餐饮相关,
104.95429249496802,26.545247693895583,茶百道(六盘水双水广场店),双水龙泉路从左往右1号门面,贵州省,六盘水市,,餐饮服务;餐饮相关场所;餐饮相关,050000,B0HRD5WKSH,餐饮服务,餐饮相关场所,餐饮相关,
104.95270330167321,26.546919629960605,享哆味汉堡炸鸡(双水世纪佳苑店),双水水黄路西侧(世纪佳苑公交站),贵州省,六盘水市,,餐饮服务;快餐厅;快餐厅,050300,B0JGDHJL8I,餐饮服务,快餐厅,快餐厅,
104.95841290466409,26.543530601597762,武松醉鹅(水城店),建业路5号楼4-6,贵州省,六盘水市,,餐饮服务;餐饮相关场所;餐饮相关,050000,B0H3DZP8AW,餐饮服务,餐饮相关场所,餐饮相关,
104.95667658807618,26.543298736284843,瑞幸咖啡(双水广场店),金山路金龙巷102号底商,贵州省,六盘水市,,餐饮服务;冷饮店;冷饮店,050700,B0KKNY4XOE,餐饮服务,冷饮店,冷饮店,
104.95283585003439,26.546106178197967,太阳之手(世纪佳苑店),双水街道世纪佳苑商住楼1栋商场门口靠右8-11号门面,贵州省,六盘水市,,餐饮服务;糕饼店;糕饼店,050800,B0KAU779YQ,餐饮服务,糕饼店,糕饼店,
104.9538223191776,26.54350744132793,但家香酥鸭(双水小广场店),双水小广场108号,贵州省,六盘水市,,餐饮服务;快餐厅;快餐厅,050300,B0L33DB5X0,餐饮服务,快餐厅,快餐厅,
104.95680217274368,26.54182415172524,红瓦房自助烙锅(双水店),诚信路32号,贵州省,六盘水市,,餐饮服务;餐饮相关场所;餐饮相关,050000,B0K2SX970P,餐饮服务,餐饮相关场所,餐饮相关,
104.95393689037395,26.543585193799352,爷爷不泡茶NOYEYENOTEA(六盘水双水广场店),金山路108号,贵州省,六盘水市,,餐饮服务;餐饮相关场所;餐饮相关,050000,B0LDF5W1BC,餐饮服务,餐饮相关场所,餐饮相关,
104.95406043001836,26.54360991504972,蜜雪冰城(双水店),双水街道办金山路28栋,贵州省,六盘水市,,餐饮服务;冷饮店;冷饮店,050700,B0K01UC10P,餐饮服务,冷饮店,冷饮店,
104.95282692200388,26.545199026657354,芊小二虾兵蟹将(双水店),[],贵州省,六盘水市,,餐饮服务;中餐厅;海鲜酒楼,050119,B0LDC7TEJC,餐饮服务,中餐厅,海鲜酒楼,
104.95267049578344,26.54521138150252,书亦烧仙草(金山北巷店),双水街道水城大道与金山北巷交叉口,贵州省,六盘水市,,餐饮服务;冷饮店;冷饮店,050700,B0FFL7CB26,餐饮服务,冷饮店,冷饮店,
104.95263170768077,26.54359816066797,书亦烧仙草(六盘水小广场店),金山路126号,贵州省,六盘水市,,餐饮服务;餐饮相关场所;餐饮相关,050000,B0L2ZU4I4D,餐饮服务,餐饮相关场所,餐饮相关,
104.9530810422772,26.543920208300065,卡麦基·炸鸡汉堡店(双水店),双水车之家对面,贵州省,六盘水市,,餐饮服务;快餐厅;快餐厅,050300,B0FFGKF0UA,餐饮服务,快餐厅,快餐厅,
104.95461835255617,26.543524612140597,益禾堂(六盘水双水小广场店),双水街道小山社区龙泉路3号门面,贵州省,六盘水市,,餐饮服务;餐饮相关场所;餐饮相关,050000,B0FFKHGU98,餐饮服务,餐饮相关场所,餐饮相关,
104.95427164355318,26.54360842891643,古茗(双水小广场店),金山路101号(大口九旁),贵州省,六盘水市,,餐饮服务;冷饮店;冷饮店,050700,B0J2X5N2B8,餐饮服务,冷饮店,冷饮店,
104.94830824739066,26.542557364966452,凉都青瓦房烙锅(水城店),双水街道朝阳社区麒龙香山美域旁,贵州省,六盘水市,,餐饮服务;中餐厅;中餐厅,050100,B0JRM7K8WF,餐饮服务,中餐厅,中餐厅,
104.95358816705436,26.543973065765545,茶公子与茶女仕(金山路店),双水小广场金山路与龙泉路交叉处二楼,贵州省,六盘水市,,餐饮服务;茶艺馆;茶艺馆|餐饮服务;冷饮店;冷饮店,050600|050700,B0FFGZ8BHJ,餐饮服务,茶艺馆,茶艺馆|餐饮服务,冷饮店
104.95413419622996,26.54266756389697,鱼哆哆(双水店),金山南巷与金山巷交叉口东南40米,贵州省,六盘水市,,餐饮服务;中餐厅;中餐厅,050100,B0HR9K5MQJ,餐饮服务,中餐厅,中餐厅,
104.95397679338656,26.542397873186854,麒麟豆汤圆子火锅(双水分店),双水街道金山巷31-3幢6号,贵州省,六盘水市,,餐饮服务;中餐厅;火锅店,050117,B0G0KOWDQV,餐饮服务,中餐厅,火锅店,
104.9532713636171,26.543384673867276,天天香干锅庄(水之宛2期店),金山路双水小广场附近,贵州省,六盘水市,,餐饮服务;中餐厅;中餐厅,050100,B0FFFEBKWZ,餐饮服务,中餐厅,中餐厅,
104.97046367995107,26.52817917882052,以朵富祥山庄,以朵社区以朵组子上,贵州省,六盘水市,,体育休闲服务;休闲场所;休闲场所|餐饮服务;中餐厅;中餐厅,080500|050100,B0FFJEL329,体育休闲服务,休闲场所,休闲场所|餐饮服务,中餐厅
104.89127429638802,26.593445039249932,何家难民火锅,杨柳街道冶金北路102号,贵州省,六盘水市,,餐饮服务;中餐厅;火锅店,050117,B0FFHFUMJK,餐饮服务,中餐厅,火锅店,
104.89156007093104,26.593629159354347,秦家难民火锅,冶金北路62号附7号,贵州省,六盘水市,,餐饮服务;中餐厅;火锅店,050117,B0JDCR5L5E,餐饮服务,中餐厅,火锅店,
104.88978140189005,26.592722385541805,黔西何老五羊肉粉(总店),第十小学公交车站,贵州省,六盘水市,,餐饮服务;快餐厅;快餐厅,050300,B0GRUR7C20,餐饮服务,快餐厅,快餐厅,
104.88863404439945,26.59543322181584,实惠火锅店,冶金北路与文教巷交叉口西北380米,贵州省,六盘水市,,餐饮服务;中餐厅;中餐厅,050100,B0I1CM8HIS,餐饮服务,中餐厅,中餐厅,
105.08568427142814,26.503325186683547,茨冲梁财鸡火锅,茨冲村村委会西北侧120米,贵州省,六盘水市,,餐饮服务;中餐厅;火锅店,050117,B035A009MY,餐饮服务,中餐厅,火锅店,
104.89721604426917,26.56772972192222,尝回头羊肉粉,教杉路与人民路交叉口南200米,贵州省,六盘水市,,餐饮服务;中餐厅;中餐厅,050100,B0FFGYLERD,餐饮服务,中餐厅,中餐厅,
104.96928222713518,26.51502547876921,水城区水投善善酒店,双水街道以朵村白马洞组,贵州省,六盘水市,,餐饮服务;中餐厅;中餐厅|住宿服务;宾馆酒店;宾馆酒店,050100|100100,B0FFJM9PSZ,餐饮服务,中餐厅,中餐厅|住宿服务,宾馆酒店
104.89717607135894,26.5680747728893,湘遇在这里,蓝妮湾小区2号楼202号楼,贵州省,六盘水市,,餐饮服务;中餐厅;中餐厅,050100,B0FFI91CMZ,餐饮服务,中餐厅,中餐厅,
104.89800627633495,26.566075517361472,万友缘喜宴楼(五分店),钟山东路17号门面,贵州省,六盘水市,,餐饮服务;中餐厅;综合酒楼,050101,B0IRBDYMAJ,餐饮服务,中餐厅,综合酒楼,
104.87653176624232,26.58791887692006,焦化山久久烙锅店,凤池路与冶金南路交叉口西480米,贵州省,六盘水市,,餐饮服务;中餐厅;中餐厅,050100,B0GRPRL59T,餐饮服务,中餐厅,中餐厅,
104.88579457873945,26.57334476101344,钢城酒楼,上海花园西北1门旁,贵州省,六盘水市,,餐饮服务;中餐厅;综合酒楼,050101,B0FFF88P9K,餐饮服务,中餐厅,综合酒楼,
104.88418549916915,26.569301168956716,味绝美蛙鱼头(六盘水大润发店),大润发(六盘水店),贵州省,六盘水市,,餐饮服务;中餐厅;火锅店,050117,B0I2LD3VVC,餐饮服务,中餐厅,火锅店,
104.88380165807061,26.569382935385892,肯德基(帝都新城店),钟山大道帝都新城大润发超市1层,贵州省,六盘水市,,餐饮服务;快餐厅;肯德基,050301,B0FFFPS332,餐饮服务,快餐厅,肯德基,
104.8779289127767,26.57985202703215,满堂红(官厅店),荷城街道湖东苑A栋,贵州省,六盘水市,,餐饮服务;中餐厅;中餐厅,050100,B035A01IR9,餐饮服务,中餐厅,中餐厅,
104.88076837173783,26.577606029038886,天津灌汤小笼包(安居形象店),安居路黄河医院旁小吃街,贵州省,六盘水市,,餐饮服务;中餐厅;中餐厅,050100,B0FFHJT53P,餐饮服务,中餐厅,中餐厅,
104.88481412006722,26.571676928362606,嘉香源酒楼(上海花园店),荷城街道茶叶林路2号,贵州省,六盘水市,,餐饮服务;中餐厅;综合酒楼,050101,B0FFFE86U6,餐饮服务,中餐厅,综合酒楼,
104.90208615324627,26.549639556319093,青田羊肉(山语城来新居店),红桥新区双水街道山语城售楼部对面,贵州省,六盘水市,,餐饮服务;中餐厅;中餐厅,050100,B0FFGKTBA9,餐饮服务,中餐厅,中餐厅,
104.87351927981113,26.57907872938153,全有福烙锅古镇店,古镇8号楼4号门面,贵州省,六盘水市,,餐饮服务;中餐厅;中餐厅,050100,B0HGKBGBN9,餐饮服务,中餐厅,中餐厅,
104.87793996062783,26.57866186648122,古城土菜馆(官厅路店),官厅东路62号,贵州省,六盘水市,,餐饮服务;中餐厅;中餐厅,050100,B0FFGCOWF5,餐饮服务,中餐厅,中餐厅,
105.11659317617573,26.846951858592014,小桥流水人家,昆寨乡农贸大街,贵州省,毕节市,,餐饮服务;中餐厅;中餐厅,050100,B0HG45RPT9,餐饮服务,中餐厅,中餐厅,
104.88376567967617,26.569221886759717,太阳之手(大润发超市店),钟山大道大润发1层到地下停车场入口处,贵州省,六盘水市,,餐饮服务;餐饮相关场所;餐饮相关,050000,B0FFF7Z4D2,餐饮服务,餐饮相关场所,餐饮相关,
104.879053862413,26.575997425552455,烙菜记烙锅(老城烙锅一条街店)(暂停营业),官厅东路6号101室1层101号门面,贵州省,六盘水市,,餐饮服务;中餐厅;中餐厅,050100,B0J1TRIPR3,餐饮服务,中餐厅,中餐厅,
104.87416328200601,26.579002372393905,天下第一锅(唐人街店),荷城东路水城古镇6号楼,贵州省,六盘水市,,餐饮服务;中餐厅;中餐厅,050100,B0FFHGOUNJ,餐饮服务,中餐厅,中餐厅,
104.87331526778142,26.57929455014156,聚源烙锅,贵州三线建设博物馆东北门西北270米,贵州省,六盘水市,,餐饮服务;中餐厅;中餐厅,050100,B0FFGB7JH5,餐饮服务,中餐厅,中餐厅,
104.87911384458275,26.576119493250552,老城小辣雍烙锅(总店),安居路21号附80号81号,贵州省,六盘水市,,餐饮服务;中餐厅;中餐厅,050100,B0FFGI915B,餐饮服务,中餐厅,中餐厅,
104.88280802319025,26.569982364550693,德贵千禧宴(帝都国际商业中心店),钟山大道帝都商业中心2层,贵州省,六盘水市,,餐饮服务;中餐厅;中餐厅,050100,B0FFKCBSRT,餐饮服务,中餐厅,中餐厅,
104.88354977509834,26.569046717852103,书亦烧仙草(六盘水钟山大润发店),大润发(六盘水店),贵州省,六盘水市,,餐饮服务;冷饮店;冷饮店,050700,B0GKZK419B,餐饮服务,冷饮店,冷饮店,
104.87976569934492,26.576051014756708,家合缘农庄,荷城街道安居小区,贵州省,六盘水市,,餐饮服务;中餐厅;中餐厅,050100,B0FFHFBX6N,餐饮服务,中餐厅,中餐厅,
104.86829550525374,26.584031607892033,运荣荷城羊肉粉馆(总店),荷城街道凤凰路荷城花园14号楼2号,贵州省,六盘水市,,餐饮服务;中餐厅;中餐厅,050100,B0FFGIC3WD,餐饮服务,中餐厅,中餐厅,
104.88369071250811,26.569173830324736,均白味海鲜牛排自助餐厅,荷城街道钟山大道大润发4楼,贵州省,六盘水市,,餐饮服务;中餐厅;中餐厅,050100,B0LRB6MU05,餐饮服务,中餐厅,中餐厅,
104.8725523841111,26.57589625822694,麗枫酒店(六盘水钟山大道水城古镇店),钟山大道551号,贵州省,六盘水市,,住宿服务;宾馆酒店;宾馆酒店|餐饮服务;餐饮相关场所;餐饮相关,100100|050000,B0FFJ08DJI,住宿服务,宾馆酒店,宾馆酒店|餐饮服务,餐饮相关场所
104.87643627318674,26.57601413091417,酸汤世家(古镇店),水城古镇21号房,贵州省,六盘水市,,餐饮服务;中餐厅;中餐厅,050100,B0FFJGNGKY,餐饮服务,中餐厅,中餐厅,
104.88303198202036,26.568952356483877,绝味鸭脖(六盘水大润发店),帝都新城二期5号楼1层,贵州省,六盘水市,,餐饮服务;餐饮相关场所;餐饮相关,050000,B0FFKWBY46,餐饮服务,餐饮相关场所,餐饮相关,
104.87959176799035,26.575394777432685,享哆味汉堡炸鸡(六盘水荷谐园店),荷谐园1号1层02号门面,贵州省,六盘水市,,餐饮服务;餐饮相关场所;餐饮相关,050000,B0J15APGMV,餐饮服务,餐饮相关场所,餐饮相关,
104.87950678965005,26.575347701493456,老城羊肉粉(安居小区店),荷谐园西区东南门东北80米,贵州省,六盘水市,,餐饮服务;中餐厅;中餐厅,050100,B0FFJ09OFW,餐饮服务,中餐厅,中餐厅,
104.8985166187752,26.54459476041104,好百年宴会艺术中心,乾元路与凉都大道交叉口西南160米,贵州省,六盘水市,,餐饮服务;餐饮相关场所;餐饮相关,050000,B0HUTHXNAG,餐饮服务,餐饮相关场所,餐饮相关,
104.88327687749339,26.56919155924246,CHAGEE霸王茶姬(六盘水大润发店),大润发(六盘水店),贵州省,六盘水市,,餐饮服务;冷饮店;冷饮店,050700,B0LRM5XRHJ,餐饮服务,冷饮店,冷饮店,
104.88272208334394,26.569301198860256,塔斯汀中国汉堡(六盘水市钟山帝都新城店),钢城大道帝都新城43号,贵州省,六盘水市,,餐饮服务;快餐厅;快餐厅,050300,B0J0A59ZDB,餐饮服务,快餐厅,快餐厅,
104.88368273702717,26.568664745063803,惠诚滋知(恒远·帝都新城店),钟山东路20号5栋101商铺,贵州省,六盘水市,,餐饮服务;糕饼店;糕饼店,050800,B0LUUUQ42D,餐饮服务,糕饼店,糕饼店,
104.87333131009433,26.57828742206269,水城古镇黔羊宴,官厅路南水城古镇2号楼(凤池园旁),贵州省,六盘水市,,餐饮服务;中餐厅;中餐厅,050100,B0FFHK48SE,餐饮服务,中餐厅,中餐厅,
104.88350784253922,26.567835498928574,螺旋桨螺蛳粉(帝都新城店),民生路112号,贵州省,六盘水市,,餐饮服务;中餐厅;中餐厅,050100,B0L1D5U350,餐饮服务,中餐厅,中餐厅,
104.87313931826364,26.577991180319824,土灶烙锅,荷城街道古镇1号楼,贵州省,六盘水市,,餐饮服务;中餐厅;云贵菜,050114,B0LKAU94U4,餐饮服务,中餐厅,云贵菜,
104.87037087190527,26.583532955871593,盘县普田清真牛肉馆(汽配城小区店),黄山路16号,贵州省,六盘水市,,餐饮服务;中餐厅;中餐厅,050100,B0HRCDKZC9,餐饮服务,中餐厅,中餐厅,
104.87193522944861,26.578723009951435,CHAGEE霸王茶姬(贵州六盘水水城古镇店),凤池园(西南角),贵州省,六盘水市,,餐饮服务;冷饮店;冷饮店,050700,B0KDXMLRT4,餐饮服务,冷饮店,冷饮店,
104.869251650242,26.584835847302607,华莱士·全鸡汉堡(六盘水荷城店),荷城花园凤凰路120号华莱士炸鸡汉堡店,贵州省,六盘水市,,餐饮服务;快餐厅;快餐厅,050300,B0FFITM1BQ,餐饮服务,快餐厅,快餐厅,
104.87278128191564,26.578584891700093,老城恒利源砂锅烙锅,唐人街2号一层101-104,贵州省,六盘水市,,餐饮服务;中餐厅;中餐厅,050100,B0HR99AXS9,餐饮服务,中餐厅,中餐厅,
104.86481660433533,26.58364320661803,奢香·野果酸汤牛肉(六盘水店),荷泉路66号丽江苑,贵州省,六盘水市,,餐饮服务;中餐厅;中餐厅,050100,B0L1SAP8S4,餐饮服务,中餐厅,中餐厅,
104.90807908761448,26.53749269239409,青山隐餐饮酒文化体验馆,石桥社区文化步行街2号楼3号楼,贵州省,六盘水市,,餐饮服务;中餐厅;中餐厅,050100,B0KAM7907T,餐饮服务,中餐厅,中餐厅,
104.90807908761448,26.53749269239409,青山隐餐饮酒文化体验馆,石桥社区文化步行街2号楼3号楼,贵州省,六盘水市,,餐饮服务;中餐厅;中餐厅,050100,B0KAM7907T,餐饮服务,中餐厅,中餐厅,
104.86824163963857,26.58054605950235,浙江大酒店(六盘水水城古镇店),柒匀家宴,贵州省,六盘水市,,餐饮服务;中餐厅;综合酒楼|住宿服务;宾馆酒店;三星级宾馆,050101|100104,B035A0NJ5I,餐饮服务,中餐厅,综合酒楼|住宿服务,宾馆酒店
104.87564034905463,26.575874363010556,菌菇园老火腿养生菌火锅(古镇店),水城古镇61号楼西侧,贵州省,六盘水市,,餐饮服务;中餐厅;火锅店,050117,B0J3HZM21C,餐饮服务,中餐厅,火锅店,
104.8724152924628,26.57792740969819,茶百道(六盘水古镇店),荷城内(西侧),贵州省,六盘水市,,餐饮服务;冷饮店;冷饮店,050700,B0LDJAXNYO,餐饮服务,冷饮店,冷饮店,
104.86769340820692,26.58326577671277,野菜豆米肉圆火锅(丽江苑总店),凤凰路51号和53号,贵州省,六盘水市,,餐饮服务;中餐厅;火锅店,050117,B0GR1L1IKP,餐饮服务,中餐厅,火锅店,
104.87468446106828,26.574408218127175,红瓦房自助烙锅(水城古镇店),钟山大道505号,贵州省,六盘水市,,餐饮服务;餐饮相关场所;餐饮相关,050000,B0LUM9GJWN,餐饮服务,餐饮相关场所,餐饮相关,
104.90186172329952,26.542863304050005,宏桥饭店,盛世星天汇东门北70米,贵州省,六盘水市,,餐饮服务;中餐厅;中餐厅,050100,B0IR0HT3MU,餐饮服务,中餐厅,中餐厅,
104.8677664414661,26.582859809482866,塔斯汀中国汉堡(钟山荷城花园店),西湖苑P栋105号门面,贵州省,六盘水市,,餐饮服务;快餐厅;快餐厅,050300,B0LUFC1ZVR,餐饮服务,快餐厅,快餐厅,
104.8738024680136,26.574604364032794,德坞向佳羊肉粉(三分店),荷泉街道老城南门口,贵州省,六盘水市,,餐饮服务;中餐厅;中餐厅,050100,B035A008KQ,餐饮服务,中餐厅,中餐厅,
104.87227038200777,26.57558691247141,麒麟豆汤圆子(阳光二巷店),[],贵州省,六盘水市,,餐饮服务;中餐厅;中餐厅,050100,B0FFK1RL0A,餐饮服务,中餐厅,中餐厅,
104.87468046483535,26.57432120115624,盘县水塘铜锅牛肉馆,钟山大道488号,贵州省,六盘水市,,餐饮服务;中餐厅;中餐厅,050100,B0ID45N51J,餐饮服务,中餐厅,中餐厅,
104.86758144061331,26.58188044864196,太阳之手(荷城店),钟山大道与凤凰路交叉口东60米,贵州省,六盘水市,,餐饮服务;糕饼店;糕饼店,050800,B0FFF99GAK,餐饮服务,糕饼店,糕饼店,
104.86781742283151,26.583576969941415,土砂锅野菜豆汤圆子火锅(荷城总店),凤凰路10号102室,贵州省,六盘水市,,餐饮服务;中餐厅;火锅店,050117,B0HU2CTK1D,餐饮服务,中餐厅,火锅店,
104.86730836912947,26.58206614047868,贵州龙(荷城店),荷城花园西湖苑12栋1单元105号104房,贵州省,六盘水市,,餐饮服务;糕饼店;糕饼店,050800,B0FFG9SWVB,餐饮服务,糕饼店,糕饼店,
104.87442852149411,26.57313977358208,康弘羊汤锅六盘水店(六盘水店),凉都大道136号南凤天城2栋103号门面,贵州省,六盘水市,,餐饮服务;中餐厅;中餐厅,050100,B0J357ONA5,餐饮服务,中餐厅,中餐厅,
104.87355244758724,26.575065177442436,瑞幸咖啡(钟山大道店),宏辉大厦东北门旁,贵州省,六盘水市,,餐饮服务;餐饮相关场所;餐饮相关,050000,B0JUH7YSLE,餐饮服务,餐饮相关场所,餐饮相关,
104.8675813888651,26.583120620381244,菌之缘(丽江苑店),凤凰路47号,贵州省,六盘水市,,餐饮服务;餐饮相关场所;餐饮相关,050000,B0FFJHGPTW,餐饮服务,餐饮相关场所,餐饮相关,
104.89301080324846,26.548272595279222,麒麟豆汤圆子火锅(凉都大道店),凉都大道103号凉都名郡,贵州省,六盘水市,,餐饮服务;中餐厅;火锅店,050117,B0JG3D0FYX,餐饮服务,中餐厅,火锅店,
104.86966388948409,26.580704754899596,贵州饭店·中餐厅,荷城花园酒店西南门西北100米,贵州省,六盘水市,,餐饮服务;中餐厅;中餐厅,050100,B0JKOCNMZ2,餐饮服务,中餐厅,中餐厅,
104.87260341003197,26.575332228748934,豉四方·我们家豆豉火锅(南门桥总店),钟山大道南门桥5号,贵州省,六盘水市,,餐饮服务;中餐厅;火锅店,050117,B0FFFE94KS,餐饮服务,中餐厅,火锅店,
104.89222539415044,26.549512596589334,丁记盘县普田铜锅牛肉馆(石桥新城店),红桥新区石桥公寓丁记盘县普田铜锅牛肉馆,贵州省,六盘水市,,餐饮服务;中餐厅;火锅店,050117,B0FFJ27RB6,餐饮服务,中餐厅,火锅店,
104.8911332240773,26.549879303720207,百年老牌羊汤锅,石桥公寓公交车站旁,贵州省,六盘水市,,餐饮服务;中餐厅;中餐厅,050100,B0FFHCX2DN,餐饮服务,中餐厅,中餐厅,
104.90088707114894,26.53965276310353,源味羊肉粉馆(总店),六盘水交通运输集团有限公司西北门东北100米,贵州省,六盘水市,,餐饮服务;中餐厅;中餐厅,050100,B0FFKT8Q61,餐饮服务,中餐厅,中餐厅,
104.8713812878982,26.576239045472644,盘县鑫源牛肉馆,荷城街道栖凤社区海岸路1号门面,贵州省,六盘水市,,餐饮服务;餐饮相关场所;餐饮相关,050000,B0GDS5RN4L,餐饮服务,餐饮相关场所,餐饮相关,
104.899899236685,26.540036884304527,马老五干锅牛肉(红桥店),红桥中路13号1003,贵州省,六盘水市,,餐饮服务;中餐厅;四川菜(川菜),050102,B0FFJDOSTF,餐饮服务,中餐厅,四川菜(川菜),
104.899899236685,26.540036884304527,马老五干锅牛肉(红桥店),红桥中路13号1003,贵州省,六盘水市,,餐饮服务;中餐厅;四川菜(川菜),050102,B0FFJDOSTF,餐饮服务,中餐厅,四川菜(川菜),
104.89357333836794,26.547949682506438,怡满香羊肉粉(凉都名郡店),六盘水市高新开发区石桥社区红桥大道凉都名郡6号楼,贵州省,六盘水市,,餐饮服务;中餐厅;中餐厅,050100,B0J0THV58T,餐饮服务,中餐厅,中餐厅,
104.86726633459989,26.582653170295032,艳姐烧椒牛肉,荷城街道凤凰路建业国际大厦37号门面,贵州省,六盘水市,,餐饮服务;中餐厅;中餐厅,050100,B0LRPRRQ63,餐饮服务,中餐厅,中餐厅,
104.8647094659835,26.586127403009428,闹猫小巷,荷泉路95号附9号(三间小院往上走最后一家),贵州省,六盘水市,,餐饮服务;中餐厅;中餐厅,050100,B0LG5M26B8,餐饮服务,中餐厅,中餐厅,
104.86705828163768,26.582709921856413,同心建业酒楼(建业国际店),建业国际东南门西南50米,贵州省,六盘水市,,餐饮服务;中餐厅;综合酒楼,050101,B0JBMK2MG2,餐饮服务,中餐厅,综合酒楼,
104.8612562375014,26.584039447674346,幺得·冒烤鸭·老妈蹄花(六盘水店),钟山大道麒麟星座4号楼一楼,贵州省,六盘水市,,餐饮服务;中餐厅;中餐厅,050100,B0L1VSB936,餐饮服务,中餐厅,中餐厅,
104.86840272431289,26.57929907501154,农品香土菜馆(六盘水店),凤池路9号2号楼门面,贵州省,六盘水市,,餐饮服务;餐饮相关场所;餐饮相关,050000,B0FFKKYFRV,餐饮服务,餐饮相关场所,餐饮相关,
104.8673984254766,26.581226133534376,湘·回家吃饭(贵州一店),荷城街道钟山大道86号香榭水岸一楼,贵州省,六盘水市,,餐饮服务;中餐厅;湖南菜(湘菜),050108,B0FFGNWT8E,餐饮服务,中餐厅,湖南菜(湘菜),
104.86861589272077,26.576263888566952,凤宁酒楼,荷泉路70号,贵州省,六盘水市,,餐饮服务;中餐厅;综合酒楼,050101,B0FFK2DDSZ,餐饮服务,中餐厅,综合酒楼,
104.89294392909072,26.546598263746564,陈记野菜馆(铜锣湾店),红桥新区铜锣湾1期501,贵州省,六盘水市,,餐饮服务;中餐厅;中餐厅,050100,B0JUAAQF7E,餐饮服务,中餐厅,中餐厅,
104.89124717971154,26.54889316189445,螺旋桨螺蛳粉(红桥医院店),凉都大道103号凉都名郡,贵州省,六盘水市,,餐饮服务;中餐厅;中餐厅,050100,B0L1ZCNHH5,餐饮服务,中餐厅,中餐厅,
104.86735855688059,26.577850603316463,佐阿姐家烧椒牛肉私房菜,荷城街道聚丰上城印象一楼132-133号,贵州省,六盘水市,,餐饮服务;中餐厅;中餐厅,050100,B0LUU9SN2T,餐饮服务,中餐厅,中餐厅,
104.86726053050026,26.577923493564363,小食候湘(南环路店),凉都都大道聚丰上城印象,贵州省,六盘水市,,餐饮服务;中餐厅;湖南菜(湘菜),050108,B0IU3HFZH3,餐饮服务,中餐厅,湖南菜(湘菜),
104.85509397139081,26.58498346273905,时代假日酒店,中山中路66号,贵州省,六盘水市,,住宿服务;宾馆酒店;四星级宾馆|餐饮服务;餐饮相关场所;餐饮相关,100103|050000,B035A0037O,住宿服务,宾馆酒店,四星级宾馆|餐饮服务,餐饮相关场所
104.86026196974647,26.579738442366143,醉香丝(凉都印象城店),麒麟路南段68号凉都印象城,贵州省,六盘水市,,餐饮服务;中餐厅;中餐厅,050100,B0I6XDCV05,餐饮服务,中餐厅,中餐厅,
104.89071263309619,26.547521714889758,书亦烧仙草(水城千味美食街店),千味美食街B5,贵州省,六盘水市,,餐饮服务;休闲餐饮场所;休闲餐饮场所,050400,B0L2S55QL4,餐饮服务,休闲餐饮场所,休闲餐饮场所,
104.85235910318391,26.58768749512234,味之绝热血美蛙鱼火锅(川心小区店),川心小区凯悦广场3号2楼,贵州省,六盘水市,,餐饮服务;中餐厅;火锅店,050117,B0FFGZKOT0,餐饮服务,中餐厅,火锅店,
104.86031266797892,26.587534582558757,四个朋友(搬迁一街店),荷泉街道吉祥街262号2层201室,贵州省,六盘水市,,餐饮服务;中餐厅;中餐厅,050100,B0M6J9GU17,餐饮服务,中餐厅,中餐厅,
104.85585434417247,26.586942898877133,酱香羊肉粉,荷泉街道富康路4号附13号,贵州省,六盘水市,,餐饮服务;中餐厅;中餐厅,050100,B0KASCR1C0,餐饮服务,中餐厅,中餐厅,
104.85939614046355,26.58970754777535,正宗大方手撕豆腐(人民中路),人民路辅路与电厂巷交叉口西南20米,贵州省,六盘水市,,餐饮服务;中餐厅;中餐厅,050100,B0H2N7HP2H,餐饮服务,中餐厅,中餐厅,
104.8561305464803,26.585962191505516,有幸小食院(六盘水钟山店),钟山大道智能停车场后院有幸小食院钟山路店,贵州省,六盘水市,,餐饮服务;中餐厅;中餐厅,050100,B0JU3SC8RH,餐饮服务,中餐厅,中餐厅,
104.86029498744713,26.579681481359252,恒记甜品(凉都印象城店),麒麟路南段68号凉都印象城,贵州省,六盘水市,,餐饮服务;甜品店;甜品店,050900,B0H2HBFLKB,餐饮服务,甜品店,甜品店,
104.86001382184708,26.58049819519398,张小匪烤牛肋条任吃(六盘水爱琴海店),爱琴海购物公园C馆F4层,贵州省,六盘水市,,餐饮服务;餐饮相关场所;餐饮相关,050000,B0L1TD2ZC9,餐饮服务,餐饮相关场所,餐饮相关,
104.8545165324923,26.58698983081619,麒麟豆汤圆子火锅(川心小区店),川康路南侧聚伦1号综合楼102室,贵州省,六盘水市,,餐饮服务;中餐厅;火锅店,050117,B0J3Z5YY24,餐饮服务,中餐厅,火锅店,
104.85784964788363,26.582533318117214,羊羊侠水城羊肉粉,麒麟路与凉都大道交叉口北60米,贵州省,六盘水市,,餐饮服务;餐饮相关场所;餐饮相关,050000,B0KRZG53WY,餐饮服务,餐饮相关场所,餐饮相关,
104.85522796327894,26.587122956531697,盘县普田牛肉馆,齐心街57号,贵州省,六盘水市,,餐饮服务;餐饮相关场所;餐饮相关,050000,B0LDU5CGQ4,餐饮服务,餐饮相关场所,餐饮相关,
104.85972636549035,26.58815482358184,满堂红(吉祥街),麒麟路11号附80号(布雷尔利旗舰店),贵州省,六盘水市,,餐饮服务;中餐厅;综合酒楼,050101,B0FFG7BWUJ,餐饮服务,中餐厅,综合酒楼,
104.8615934119432,26.583330821445557,康成上座酒楼,荷泉街道凉都大剧院旁麒麟苑商城三楼,贵州省,六盘水市,,餐饮服务;中餐厅;广东菜(粤菜),050103,B0JBY5W7M4,餐饮服务,中餐厅,广东菜(粤菜),
104.83612452706433,26.661704185989553,大河明旺羊肉总店,大河镇渡口村二组,贵州省,六盘水市,,餐饮服务;中餐厅;中餐厅,050100,B0FFIN5ETA,餐饮服务,中餐厅,中餐厅,
104.86328621863373,26.58015569510931,田顺渔庄(凉都星筑店),星筑中央公园c区东北门西北200米,贵州省,六盘水市,,餐饮服务;中餐厅;中餐厅,050100,B0K2DSGJ0R,餐饮服务,中餐厅,中餐厅,
104.8610681935199,26.583121057927364,大黔门食府(麒麟星座店),荷泉街道大剧院社区服务站旁麒麟苑一楼商铺,贵州省,六盘水市,,餐饮服务;餐饮相关场所;餐饮相关,050000,B0JB9R1YD5,餐饮服务,餐饮相关场所,餐饮相关,
104.86077121890298,26.579345109591966,林椒椒菜,凤凰街道凉都印象城4-5号楼负111号,贵州省,六盘水市,,餐饮服务;餐饮相关场所;餐饮相关,050000,B0LDZCV30Z,餐饮服务,餐饮相关场所,餐饮相关,
104.86403666211464,26.575995094965943,0.5g Cafe(星筑中央公园D区店),凉都大道333号星筑中央公园D区一号楼107铺,贵州省,六盘水市,,餐饮服务;咖啡厅;咖啡厅,050500,B0FFLQ8Z1X,餐饮服务,咖啡厅,咖啡厅,
104.8605500116998,26.581911158326776,荷城小院,凉都大道96号2栋4,贵州省,六盘水市,,餐饮服务;中餐厅;特色/地方风味餐厅,050118,B0H0V526LI,餐饮服务,中餐厅,特色/地方风味餐厅,
104.8544554794211,26.58734978275526,尹三顺首尔烤肉大排档,荷泉街道川心小区聚纶1号2层,贵州省,六盘水市,,餐饮服务;外国餐厅;韩国料理,050203,B0KKZ9X0D4,餐饮服务,外国餐厅,韩国料理,
104.86346028764218,26.580040912564016,黔食汇(星筑中央公园A区店),星筑中央公园A区5号楼,贵州省,六盘水市,,餐饮服务;中餐厅;中餐厅,050100,B0JA77WG5O,餐饮服务,中餐厅,中餐厅,
104.86219682223874,26.579502120197407,融柳大铁牛螺蛳粉,凤凰街道星筑中央公园A区112门店,贵州省,六盘水市,,餐饮服务;中餐厅;中餐厅,050100,B0MBG145QX,餐饮服务,中餐厅,中餐厅,
104.85314769294342,26.58613455377694,太阳之手(大师店),钟山中路名都大厦1层,贵州省,六盘水市,,餐饮服务;糕饼店;糕饼店|购物服务;购物相关场所;购物相关场所,050800|060000,B0FFF5ZM46,餐饮服务,糕饼店,糕饼店|购物服务,购物相关场所
104.85720838829673,26.580413062257083,萍姐火锅.公路夜市(六盘水印象城店),麒麟路95号,贵州省,六盘水市,,餐饮服务;中餐厅;火锅店,050117,B0LRHO8VVX,餐饮服务,中餐厅,火锅店,
104.86211979739242,26.579345991888918,怡满香羊肉粉羊汤锅(星筑中央公园店),星筑中央公园A区7号楼,贵州省,六盘水市,,餐饮服务;中餐厅;中餐厅,050100,B0FFKW7YK2,餐饮服务,中餐厅,中餐厅,
104.85932129532736,26.585115834069313,华莱士·全鸡汉堡(六盘水1店),五千年对面搬迁一街路口,贵州省,六盘水市,,餐饮服务;快餐厅;快餐厅,050300,B0FFGI2GNF,餐饮服务,快餐厅,快餐厅,
104.8598147200096,26.580672933943244,夏日玛莉西餐厅(爱琴海店),爱琴海购物中心3F,贵州省,六盘水市,,餐饮服务;外国餐厅;西餐厅(综合风味),050201,B0J2O5GUAO,餐饮服务,外国餐厅,西餐厅(综合风味),
104.85748031201217,26.585811213489713,咱浓家铁锅炖(龙城广场店),钟山中路81号LK龙城广场购物中心F3层,贵州省,六盘水市,,餐饮服务;中餐厅;中餐厅,050100,B0L11DL4R8,餐饮服务,中餐厅,中餐厅,
104.86266402644952,26.579071698252637,麒麟豆汤圆子火锅(星筑中央公园店),星筑中央公园一期美食街(旺云购超市对面),贵州省,六盘水市,,餐饮服务;中餐厅;火锅店,050117,B0HG0X471P,餐饮服务,中餐厅,火锅店,
104.85664185987592,26.585482905920692,德克士(LK龙城广场购物中心店),龙城广场1号门1门,贵州省,六盘水市,,餐饮服务;快餐厅;快餐厅,050300,B0GUUU108E,餐饮服务,快餐厅,快餐厅,
104.85011387878082,26.603271708412127,三合酒楼(红岩新苑店),红岩新苑西门旁,贵州省,六盘水市,,餐饮服务;中餐厅;中餐厅,050100,B0H3T7K7KZ,餐饮服务,中餐厅,中餐厅,
104.85431239131678,26.587315553817913,009香辣虾,荷泉街道齐心西路18号附13号,贵州省,六盘水市,,餐饮服务;中餐厅;海鲜酒楼,050119,B0FFFXZUM9,餐饮服务,中餐厅,海鲜酒楼,
104.8600528697084,26.57979215104974,杭桃里(爱琴海店),爱琴海购物公园4楼C馆(303楼上),贵州省,六盘水市,,餐饮服务;餐饮相关场所;餐饮相关,050000,B0L66ULS0Z,餐饮服务,餐饮相关场所,餐饮相关,
104.85986376113618,26.580247944395328,茉酸奶(六盘水钟山爱琴海店),爱琴海购物公园3楼3032,贵州省,六盘水市,,餐饮服务;休闲餐饮场所;休闲餐饮场所,050400,B0JRZM0SQ2,餐饮服务,休闲餐饮场所,休闲餐饮场所,
104.85444843561325,26.588293895615195,朱记特色烤小肠(六盘水店),迎新路20号川心园,贵州省,六盘水市,,餐饮服务;中餐厅;中餐厅,050100,B0I3TOJOIH,餐饮服务,中餐厅,中餐厅,
105.00053455823232,26.17379453648625,北盘江野菜馆,野钟乡发射村便民服务站东北侧,贵州省,六盘水市,,餐饮服务;中餐厅;中餐厅,050100,B0GR0MV0FT,餐饮服务,中餐厅,中餐厅,
104.99045510068426,26.177760628301034,丁记清真牛肉火锅城,麟锐五金店西北侧110米,贵州省,六盘水市,,餐饮服务;中餐厅;火锅店|餐饮服务;中餐厅;清真菜馆,050117|050121,B0L6GSRTJ6,餐饮服务,中餐厅,火锅店|餐饮服务,中餐厅
105.13245365961126,26.1484617912582,乡村鱼庄,长流乡双龙村当家组,贵州省,黔西南布依族苗族自治州,,餐饮服务;中餐厅;火锅店,050117,B0FFMAYXS7,餐饮服务,中餐厅,火锅店,
105.12488078071466,26.22697941607344,上关特色辣子鸡,候场乡水黄路77公里处,贵州省,六盘水市,,餐饮服务;中餐厅;中餐厅,050100,B0HGRAMZOL,餐饮服务,中餐厅,中餐厅,
105.12505276228748,26.22796218731815,兴会特味豆汤圆子火锅,水黄公路西北侧,贵州省,六盘水市,,餐饮服务;中餐厅;综合酒楼,050101,B0HKMU8IEQ,餐饮服务,中餐厅,综合酒楼,
105.13111752120217,26.22534426292088,快乐星汉堡(猴场店),猴场乡猴场新小学正大门对面,贵州省,六盘水市,,餐饮服务;餐饮相关场所;餐饮相关,050000,B0FFLK0RG3,餐饮服务,餐饮相关场所,餐饮相关,
105.12581174178266,26.23127600001772,农大哥烧饼店,猴场苗族布依族乡卫生院南侧90米,贵州省,六盘水市,,餐饮服务;餐饮相关场所;餐饮相关,050000,B0L0PL1SMJ,餐饮服务,餐饮相关场所,餐饮相关,
105.12598464828777,26.23397576423584,成飞烤鱼烧烤店,水黄公路,贵州省,六盘水市,,餐饮服务;中餐厅;特色/地方风味餐厅,050118,B0L3ZX196Z,餐饮服务,中餐厅,特色/地方风味餐厅,
105.12585965396661,26.233335246470034,盘县普田牛肉馆(百车河候场分店),猴场乡猴场村二组,贵州省,六盘水市,,餐饮服务;餐饮相关场所;餐饮相关,050000,B0I64ZSO2S,餐饮服务,餐饮相关场所,餐饮相关,
105.12549857216453,26.23363399243166,凉都食酒度宴会中心,猴场乡村民委员会新街1号,贵州省,六盘水市,,餐饮服务;中餐厅;中餐厅,050100,B0L2L9QLLE,餐饮服务,中餐厅,中餐厅,
105.12609767318581,26.233927871359423,乡味家常菜馆,小城镇内,贵州省,六盘水市,,餐饮服务;中餐厅;火锅店,050117,B0J0T7WVSV,餐饮服务,中餐厅,火锅店,
105.12596265233083,26.233797635414945,猕乡(香)羊肉,猴场乡猴场村小城镇,贵州省,六盘水市,,餐饮服务;中餐厅;中餐厅,050100,B0IAHS4R2L,餐饮服务,中餐厅,中餐厅,
105.12598366620503,26.233591541617137,牛乐味铜锅牛肉,猴场村村委会西北侧50米,贵州省,六盘水市,,餐饮服务;中餐厅;火锅店,050117,B0L0MN8EVJ,餐饮服务,中餐厅,火锅店,
105.12639475259495,26.233551010131826,茶亦客烧仙草,猴场村村委会西北侧,贵州省,六盘水市,,餐饮服务;冷饮店;冷饮店,050700,B0JAFZJW7F,餐饮服务,冷饮店,冷饮店,
105.12594965188873,26.233752593993202,壹品破酥包,水黄公路,贵州省,六盘水市,,餐饮服务;餐饮相关场所;餐饮相关,050000,B0K3D7QHMM,餐饮服务,餐饮相关场所,餐饮相关,
105.1259476563066,26.233650532788825,宏鼎糕点店,猴场村村委会西北侧60米,贵州省,六盘水市,,餐饮服务;糕饼店;糕饼店,050800,B0JGJ98KW7,餐饮服务,糕饼店,糕饼店,
105.12711194468831,26.23290150609,一品正宗羊肉馆,水城区公安局猴场派出所西侧60米,贵州省,六盘水市,,餐饮服务;中餐厅;中餐厅,050100,B0FFIKC3N0,餐饮服务,中餐厅,中餐厅,
105.12628778560911,26.232372201331106,新老朋友野生鱼烤鱼店,猴场村村委会南侧110米,贵州省,六盘水市,,餐饮服务;中餐厅;特色/地方风味餐厅,050118,B0LKLP7O33,餐饮服务,中餐厅,特色/地方风味餐厅,
105.12594864485116,26.23389767640966,六盘水子豪烧烤店,猴场村村委会西北侧70米,贵州省,六盘水市,,餐饮服务;中餐厅;中餐厅,050100,B0L0PL1MUZ,餐饮服务,中餐厅,中餐厅,
105.12747702108919,26.233169109733097,回头客羊肉粉(水黄公路店),水黄公路入口与水黄公路出口交叉口西北100米,贵州省,六盘水市,,餐饮服务;餐饮相关场所;餐饮相关,050000,B0FFKUAX45,餐饮服务,餐饮相关场所,餐饮相关,
105.12660679285376,26.23367033468566,盘鑫脆皮猪脚馆,猴场苗族布依族乡人民政府东北侧110米,贵州省,六盘水市,,餐饮服务;中餐厅;中餐厅,050100,B0JAFZHJB6,餐饮服务,中餐厅,中餐厅,
105.12610768700436,26.233677739153134,鱼虾兼得,猴场村村委会西北侧50米,贵州省,六盘水市,,餐饮服务;中餐厅;中餐厅,050100,B0IR2O3MC2,餐饮服务,中餐厅,中餐厅,
105.12739800794938,26.23303093243843,贵阳肠旺粉,猴场乡猴场村街上二组,贵州省,六盘水市,,餐饮服务;中餐厅;中餐厅,050100,B0I2RDUO8N,餐饮服务,中餐厅,中餐厅,
105.12648173849057,26.234245515096575,祥顺土菜馆,猴场苗族布依族乡财政所北侧150米,贵州省,六盘水市,,餐饮服务;中餐厅;中餐厅,050100,B0G14ZDDKN,餐饮服务,中餐厅,中餐厅,
105.1269868670513,26.233923942755542,炭火江湖烧烤,猴场苗族布依族乡,贵州省,六盘水市,,餐饮服务;中餐厅;特色/地方风味餐厅,050118,B0LG97XVVQ,餐饮服务,中餐厅,特色/地方风味餐厅,
105.12629264786311,26.23531590362602,水城县猴场明粉食品店,水黄公路,贵州省,六盘水市,,餐饮服务;餐饮相关场所;餐饮相关,050000,B0L1GOC4NX,餐饮服务,餐饮相关场所,餐饮相关,
105.12681483810654,26.233697602692423,黔客隆,猴场村村委会东北侧,贵州省,六盘水市,,餐饮服务;中餐厅;中餐厅,050100,B0LGSL1P9H,餐饮服务,中餐厅,中餐厅,
105.12706286407298,26.234365289873715,聚缘客狗肉馆,猴场村村委会东北侧120米,贵州省,六盘水市,,餐饮服务;中餐厅;特色/地方风味餐厅,050118,B0JA27EOEM,餐饮服务,中餐厅,特色/地方风味餐厅,
105.12662571438776,26.23542336672098,德惠餐馆,猴场小城镇,贵州省,六盘水市,,餐饮服务;中餐厅;中餐厅,050100,B0L6H7H88A,餐饮服务,中餐厅,中餐厅,
105.12706486298796,26.234398311333422,芝芝蛋糕店,猴场村村委会东北侧120米,贵州省,六盘水市,,餐饮服务;糕饼店;糕饼店,050800,B0L3ASRT0V,餐饮服务,糕饼店,糕饼店,
105.15596942451941,26.14275053015613,丁丁脆皮猪脚,003县道东南侧,贵州省,黔西南布依族苗族自治州,,餐饮服务;中餐厅;中餐厅,050100,B0H0M9LBVJ,餐饮服务,中餐厅,中餐厅,
105.16273593433559,26.141125994137305,益禾烤奶,晴隆县公安局长流派出所西北侧270米,贵州省,黔西南布依族苗族自治州,,餐饮服务;餐饮相关场所;餐饮相关,050000,B0I2M1J5K5,餐饮服务,餐饮相关场所,餐饮相关,
105.1636548829129,26.14010305332543,睛隆县长流乡甜甜蛋糕店,003县道,贵州省,黔西南布依族苗族自治州,,餐饮服务;糕饼店;糕饼店,050800,B0L6BRZ3VP,餐饮服务,糕饼店,糕饼店,
105.16348469981415,26.140443955065898,兄弟鸭霸王,003县道东北侧,贵州省,黔西南布依族苗族自治州,,餐饮服务;中餐厅;中餐厅,050100,B0HBXYOYLT,餐饮服务,中餐厅,中餐厅,
105.16281220550616,26.13692140964563,鑫福缘牛肉馆,长流乡溪流村长流政府旁50米,贵州省,黔西南布依族苗族自治州,,餐饮服务;餐饮相关场所;餐饮相关,050000,B0J2LZZ8TO,餐饮服务,餐饮相关场所,餐饮相关,
105.16349470701864,26.140500010138975,昼夜食光,晴隆县公安局长流派出所西北侧170米,贵州省,黔西南布依族苗族自治州,,餐饮服务;中餐厅;中餐厅,050100,B0L04UY4S7,餐饮服务,中餐厅,中餐厅,
105.16369493644822,26.139799932002443,长流丽霞烧烤烙锅店,长流乡街上,贵州省,黔西南布依族苗族自治州,,餐饮服务;餐饮相关场所;餐饮相关,050000,B0K0TZPRE9,餐饮服务,餐饮相关场所,餐饮相关,
105.16372496704047,26.139776973451315,水城烙锅店,晴隆县公安局长流派出所西侧110米,贵州省,黔西南布依族苗族自治州,,餐饮服务;中餐厅;中餐厅,050100,B0L0JXH90C,餐饮服务,中餐厅,中餐厅,
105.1633147083965,26.136692201871565,艳龙餐饮店,长流顺丰快递东南侧120米,贵州省,黔西南布依族苗族自治州,,餐饮服务;中餐厅;中餐厅,050100,B0L03RDNOH,餐饮服务,中餐厅,中餐厅,
104.94501781160602,26.136943691130696,鸿福一品鲜,[],贵州省,六盘水市,,餐饮服务;中餐厅;中餐厅,050100,B0M6VUJRYA,餐饮服务,中餐厅,中餐厅,
105.17380356263511,26.17023839532782,观湖休闲食府,长流乡溪流村仙仁屯组大枫香树安君码头,贵州省,黔西南布依族苗族自治州,,餐饮服务;中餐厅;中餐厅,050100,B0K0GZ1Y1X,餐饮服务,中餐厅,中餐厅,
104.94094899547797,26.139256921376777,牛香源牛肉馆,行程宾馆东侧,贵州省,六盘水市,,餐饮服务;中餐厅;中餐厅,050100,B0JB1LPAND,餐饮服务,中餐厅,中餐厅,
104.94072370445092,26.139387415184004,天门布依风味酒楼,鸡场生活超市东南侧50米,贵州省,六盘水市,,餐饮服务;中餐厅;综合酒楼,050101,B0KRKD4VL1,餐饮服务,中餐厅,综合酒楼,
105.13071391522583,26.086135292138472,杰美小院,中营镇布戛寨龙家二组,贵州省,黔西南布依族苗族自治州,,餐饮服务;中餐厅;中餐厅,050100,B0LGJSQL9L,餐饮服务,中餐厅,中餐厅,
104.94152914349893,26.139301887723924,溢香楼食府,G60沪昆高速与天门服务区交叉口西南480米,贵州省,六盘水市,,餐饮服务;中餐厅;中餐厅,050100,B0M63CAAWM,餐饮服务,中餐厅,中餐厅,
104.93998402553588,26.139599882268385,农村土菜馆,鸡场生活超市西侧,贵州省,六盘水市,,餐饮服务;中餐厅;中餐厅,050100,B0MBDMG3BJ,餐饮服务,中餐厅,中餐厅,
104.93968499578133,26.13876487183228,原生态羊肉粉馆,鸡场生活超市西南侧110米,贵州省,六盘水市,,餐饮服务;中餐厅;中餐厅,050100,B0LG3OI85H,餐饮服务,中餐厅,中餐厅,
105.18639301831922,26.158391953874844,西嘎,百圆丰达中寨乡ZZ18站,贵州省,六盘水市,,地名地址信息;普通地名;村庄级地名|餐饮服务;中餐厅;中餐厅,190108|050100,B035A000V4,地名地址信息,普通地名,村庄级地名|餐饮服务,中餐厅
105.17944802126956,26.192703825973386,布依农家餐馆,牂牁镇兴隆村阿志田坝露营休闲基地西南侧180米,贵州省,六盘水市,,餐饮服务;中餐厅;中餐厅|体育休闲服务;休闲场所;休闲场所,050100|080500,B0L0HPPRFU,餐饮服务,中餐厅,中餐厅|体育休闲服务,休闲场所
104.98684331822444,26.26986530364773,牛一方牛肉馆,果布戛街与果罗路交叉口西北60米,贵州省,六盘水市,,餐饮服务;中餐厅;中餐厅,050100,B0LA79YQ3P,餐饮服务,中餐厅,中餐厅,
104.98813847239225,26.270332673816352,避风塘(果布戛街店),果布戛街与果罗路交叉口东北120米,贵州省,六盘水市,,餐饮服务;冷饮店;冷饮店,050700,B0G2MZXI7S,餐饮服务,冷饮店,冷饮店,
104.98810460628779,26.270755003856706,陈胖子餐馆,果布戛街与果罗路交叉口东北140米,贵州省,六盘水市,,餐饮服务;中餐厅;中餐厅,050100,B0HR55A791,餐饮服务,中餐厅,中餐厅,
104.9886202684339,26.271088634901005,水城县顺隆酒楼,果布戛乡,贵州省,六盘水市,,餐饮服务;中餐厅;综合酒楼,050101,B0G1G9O7P8,餐饮服务,中餐厅,综合酒楼,
104.9868433204165,26.269815276555388,许愿茶,果布戛街与果罗路交叉口西60米,贵州省,六盘水市,,餐饮服务;冷饮店;冷饮店,050700,B0LRYNURQZ,餐饮服务,冷饮店,冷饮店,
104.98868498239237,26.27096037106289,大河羊肉粉,果布戛街与果罗路交叉口东北200米,贵州省,六盘水市,,餐饮服务;中餐厅;中餐厅,050100,B0LGJRS6HE,餐饮服务,中餐厅,中餐厅,
104.9881055436459,26.272080716660874,乡村酒楼(果布戛街店),果布戛街与果罗路交叉口北280米,贵州省,六盘水市,,餐饮服务;餐饮相关场所;餐饮相关,050000,B0FFJ9WOUI,餐饮服务,餐饮相关场所,餐饮相关,
105.18637599818837,26.1585029944743,招友餐馆,扁朝村村委会南侧,贵州省,六盘水市,,餐饮服务;中餐厅;中餐厅,050100,B0JDDCXEK1,餐饮服务,中餐厅,中餐厅,
105.18700148867057,26.15971186543188,牂牁镇惠民农家乐餐馆,牂牁江旅游观光船东北侧70米,贵州省,六盘水市,,餐饮服务;餐饮相关场所;餐饮相关,050000,B0FFIWXLV1,餐饮服务,餐饮相关场所,餐饮相关,
104.98828666696409,26.273462916897202,高高烧烤烙锅店,果布戛街与141乡道交叉口南160米,贵州省,六盘水市,,餐饮服务;中餐厅;特色/地方风味餐厅,050118,B0L0ZKDTR3,餐饮服务,中餐厅,特色/地方风味餐厅,
104.98714673115363,26.274947133223357,旺客牛肉馆,242县道与果布戛街交叉口西80米,贵州省,六盘水市,,餐饮服务;中餐厅;中餐厅,050100,B0L6X14PYS,餐饮服务,中餐厅,中餐厅,
105.12228541804515,26.058246178794803,乡味食府,中营镇173街上,贵州省,黔西南布依族苗族自治州,,餐饮服务;中餐厅;中餐厅,050100,B0FFIL6OU4,餐饮服务,中餐厅,中餐厅,
105.12214649932174,26.05632971806146,牛羊肉清真馆,003县道西南侧,贵州省,黔西南布依族苗族自治州,,餐饮服务;中餐厅;中餐厅,050100,B0HKMU95IQ,餐饮服务,中餐厅,中餐厅,
105.12307256013072,26.056527855273973,刘一手烤鱼店,中国邮政(中营邮政支局)东侧110米,贵州省,黔西南布依族苗族自治州,,餐饮服务;中餐厅;综合酒楼,050101,B0J0NG3OI6,餐饮服务,中餐厅,综合酒楼,
105.12252552192035,26.056377157017305,和平饭店,003县道东北侧,贵州省,黔西南布依族苗族自治州,,餐饮服务;中餐厅;中餐厅|住宿服务;宾馆酒店;宾馆酒店,050100|100100,B0HUXPIA7T,餐饮服务,中餐厅,中餐厅|住宿服务,宾馆酒店
105.12104644470084,26.056612759515787,红松早餐店,173平价超市西侧80米,贵州省,黔西南布依族苗族自治州,,餐饮服务;中餐厅;中餐厅,050100,B0L0FBUM5A,餐饮服务,中餐厅,中餐厅,
105.00050063906113,26.039987924646336,水城糊辣椒羊肉粉馆,中国移动(耀宇营业厅)西北侧70米,贵州省,黔西南布依族苗族自治州,,餐饮服务;中餐厅;中餐厅,050100,B0J1Y1P6KV,餐饮服务,中餐厅,中餐厅,
105.00008751096493,26.040095262117088,蒸食味包子店,636县道东侧,贵州省,黔西南布依族苗族自治州,,餐饮服务;中餐厅;中餐厅,050100,B0HRVL4G46,餐饮服务,中餐厅,中餐厅,
105.00019401257877,26.0404241629032,普田干锅牛肉馆,菜鸟龙吟公共服务站西南侧80米,贵州省,黔西南布依族苗族自治州,,餐饮服务;中餐厅;中餐厅,050100,B035B0MSOR,餐饮服务,中餐厅,中餐厅,
105.00135479372868,26.03925881267416,普安龙吟镇避风塘茶饮,龙吟镇避风塘茶饮,贵州省,黔西南布依族苗族自治州,,餐饮服务;冷饮店;冷饮店,050700,B0FFLKBW3X,餐饮服务,冷饮店,冷饮店,
105.0000516717189,26.040142404251004,面包物语,龙吟镇大坪三岔路口乐美佳购物广场对面,贵州省,黔西南布依族苗族自治州,,餐饮服务;糕饼店;糕饼店,050800,B0H0TUP5A2,餐饮服务,糕饼店,糕饼店,
105.00007557293762,26.039920178007353,秀山家常菜馆,红旗批发超市北侧60米,贵州省,黔西南布依族苗族自治州,,餐饮服务;中餐厅;中餐厅,050100,B0FFL4KSRP,餐饮服务,中餐厅,中餐厅,
105.00097153448364,26.03922896254066,茶小满茶饮,636县道,贵州省,黔西南布依族苗族自治州,,餐饮服务;冷饮店;冷饮店,050700,B0KUPS6AGD,餐饮服务,冷饮店,冷饮店,
105.0026240193507,26.03969424222368,超群饼屋(龙吟分店),龙吟镇民族希望小学西南侧190米,贵州省,黔西南布依族苗族自治州,,餐饮服务;餐饮相关场所;餐饮相关,050000,B0FFL7J5AH,餐饮服务,餐饮相关场所,餐饮相关,
105.00265388417574,26.039691149126835,方哥鱼府(金州人家石锅鱼分店),龙吟镇飞龙商场三梦缘发都对面方哥鱼府,贵州省,黔西南布依族苗族自治州,,餐饮服务;中餐厅;中餐厅,050100,B0G3Z7U1KU,餐饮服务,中餐厅,中餐厅,
105.00048968830767,26.03999896573415,来一碗砂锅,[],贵州省,黔西南布依族苗族自治州,,餐饮服务;餐饮相关场所;餐饮相关,050000,B0K1KAL0FO,餐饮服务,餐饮相关场所,餐饮相关,
105.00136870128821,26.039922227373026,兄弟鸭霸王,刘花百货批发超市对面,贵州省,黔西南布依族苗族自治州,,餐饮服务;餐饮相关场所;餐饮相关,050000,B0J1Y7QDZI,餐饮服务,餐饮相关场所,餐饮相关,
104.99664216084855,26.040377003822933,普安县龙吟镇苗岭山庄,龙吟镇红旗社区石坳口,贵州省,黔西南布依族苗族自治州,,餐饮服务;中餐厅;中餐厅,050100,B0FFKH9RUR,餐饮服务,中餐厅,中餐厅,
105.00019700116798,26.04037511997445,尝来黄焖羊肉馆,菜鸟龙吟公共服务站西南侧80米,贵州省,黔西南布依族苗族自治州,,餐饮服务;中餐厅;中餐厅,050100,B0JR0PPC1Q,餐饮服务,中餐厅,中餐厅,
105.00253242868091,26.03982260968506,正宗重庆小面,普安县公安局龙吟派出所西侧200米,贵州省,黔西南布依族苗族自治州,,餐饮服务;中餐厅;中餐厅,050100,B0M6FHZ5WG,餐饮服务,中餐厅,中餐厅,
105.00184955186216,26.039201263204326,益禾烤奶,龙吟镇农贸市场,贵州省,黔西南布依族苗族自治州,,餐饮服务;餐饮相关场所;餐饮相关,050000,B0HK159CK4,餐饮服务,餐饮相关场所,餐饮相关,
105.00283209384202,26.039307341936908,万里飘香鸭脖,龙吟镇民族希望小学西南侧190米,贵州省,黔西南布依族苗族自治州,,餐饮服务;餐饮相关场所;餐饮相关,050000,B0J1KL7GY8,餐饮服务,餐饮相关场所,餐饮相关,
105.00081030880673,26.038269794005036,牛羊帝(龙吟店),636县道,贵州省,黔西南布依族苗族自治州,,餐饮服务;餐饮相关场所;餐饮相关,050000,B0KDCZPB32,餐饮服务,餐饮相关场所,餐饮相关,
105.00021199872016,26.03888804937489,苗镇首家酸笋牛肉馆,龙吟镇红旗社区退役军人服务站北侧250米,贵州省,黔西南布依族苗族自治州,,餐饮服务;中餐厅;中餐厅,050100,B0K3S183O3,餐饮服务,中餐厅,中餐厅,
105.00034037772785,26.039744246781275,帅记安顺老面破酥包子店,红旗批发超市东北侧,贵州省,黔西南布依族苗族自治州,,餐饮服务;快餐厅;快餐厅,050300,B0HUKY4PO6,餐饮服务,快餐厅,快餐厅,
105.12694888939554,26.23326251506639,避风塘茶饮(水黄公路店)(暂停营业),水黄公路入口与水黄公路出口交叉口西北150米,贵州省,六盘水市,,餐饮服务;冷饮店;冷饮店,050700,B0FFKUBW9S,餐饮服务,冷饮店,冷饮店,
105.00043604484613,26.03744336822754,陈老三河鲜火锅,龙吟镇农贸市场陈老三河鲜火锅,贵州省,黔西南布依族苗族自治州,,餐饮服务;中餐厅;火锅店,050117,B0HKNSPKG3,餐饮服务,中餐厅,火锅店,
105.00031551457701,26.039202949798433,陈记干锅牛肉,龙吟镇大坪二组陈记干锅牛肉,贵州省,黔西南布依族苗族自治州,,餐饮服务;中餐厅;中餐厅,050100,B0I3H58WZ9,餐饮服务,中餐厅,中餐厅,
105.0001731469284,26.03952860968097,兴义羊肉粉,红旗批发超市东侧,贵州省,黔西南布依族苗族自治州,,餐饮服务;中餐厅;中餐厅,050100,B0LDVC5174,餐饮服务,中餐厅,中餐厅,
105.00131399672283,26.038854658681238,潇潇宝休闲吧,龙吟镇农贸市场,贵州省,黔西南布依族苗族自治州,,餐饮服务;外国餐厅;外国餐厅,050200,B0L0DOODDN,餐饮服务,外国餐厅,外国餐厅,
105.0001930938379,26.038678963086216,北盘江烤鱼,中国电信龙吟电商快递综合服务中心西北侧,贵州省,黔西南布依族苗族自治州,,餐饮服务;中餐厅;中餐厅,050100,B0H27CZ5QU,餐饮服务,中餐厅,中餐厅,
105.00001193226555,26.038331277666828,鸿火早餐,中国电信龙吟电商快递综合服务中心西南侧,贵州省,黔西南布依族苗族自治州,,餐饮服务;中餐厅;中餐厅,050100,B0LU7NWR5B,餐饮服务,中餐厅,中餐厅,
104.99978397645906,26.038142845430656,留一手烤鱼,顺丰速运(黔西南普安龙吟镇合作店)西北侧,贵州省,黔西南布依族苗族自治州,,餐饮服务;中餐厅;特色/地方风味餐厅,050118,B0LU7NWR5C,餐饮服务,中餐厅,特色/地方风味餐厅,
105.00057341128911,26.03766309976623,烙锅烧烤,龙吟镇,贵州省,黔西南布依族苗族自治州,,餐饮服务;中餐厅;特色/地方风味餐厅,050118,B0M6R728WT,餐饮服务,中餐厅,特色/地方风味餐厅,
104.99942861470299,26.037622574911563,健康长寿鱼,龙吟镇红旗社区大黄家,贵州省,黔西南布依族苗族自治州,,餐饮服务;中餐厅;火锅店,050117,B0GU9MTMHG,餐饮服务,中餐厅,火锅店,
105.00003086361798,26.037937948577028,苗镇玉成人家,636县道南侧,贵州省,黔西南布依族苗族自治州,,餐饮服务;中餐厅;中餐厅,050100,B0H277ZL5E,餐饮服务,中餐厅,中餐厅,
105.00065998518319,26.038409349615673,聚友烧烤,串香麻辣烫东侧,贵州省,黔西南布依族苗族自治州,,餐饮服务;中餐厅;特色/地方风味餐厅,050118,B0JU3NWGYH,餐饮服务,中餐厅,特色/地方风味餐厅,
105.00832929870897,26.307860987541773,兄妹乡宴,果布戛枫香村田坝组,贵州省,六盘水市,,餐饮服务;中餐厅;中餐厅,050100,B0LKTCWYP6,餐饮服务,中餐厅,中餐厅,
104.93521101038424,26.269343764484713,盘县铜锅牛肉馆(常明新街店),野钟苗族彝族布依族乡人民政府东北34米,贵州省,六盘水市,,餐饮服务;中餐厅;中餐厅,050100,B0G21D8C3I,餐饮服务,中餐厅,中餐厅,
104.93561077968278,26.270750887767857,多客仕奶茶汉堡店,野钟乡常明新街智慧宝贝连锁店对面,贵州省,六盘水市,,餐饮服务;冷饮店;冷饮店,050700,B0G39MMQBT,餐饮服务,冷饮店,冷饮店,
104.93270527278209,26.267198449743404,兰家牛肉粉,230县道与常明新街交叉口西北140米,贵州省,六盘水市,,餐饮服务;中餐厅;中餐厅,050100,B0KRKD8NHP,餐饮服务,中餐厅,中餐厅,
104.93521101038424,26.269343764484713,盘县铜锅牛肉馆(常明新街店),野钟苗族彝族布依族乡人民政府东北34米,贵州省,六盘水市,,餐饮服务;中餐厅;中餐厅,050100,B0G21D8C3I,餐饮服务,中餐厅,中餐厅,
104.93561077968278,26.270750887767857,多客仕奶茶汉堡店,野钟乡常明新街智慧宝贝连锁店对面,贵州省,六盘水市,,餐饮服务;冷饮店;冷饮店,050700,B0G39MMQBT,餐饮服务,冷饮店,冷饮店,
104.93270527278209,26.267198449743404,兰家牛肉粉,230县道与常明新街交叉口西北140米,贵州省,六盘水市,,餐饮服务;中餐厅;中餐厅,050100,B0KRKD8NHP,餐饮服务,中餐厅,中餐厅,
104.93628270211842,26.27293397754793,避风塘奶茶(常明新街店),230县道与242县道交叉口东南320米,贵州省,六盘水市,,餐饮服务;冷饮店;冷饮店,050700,B0GR0AV0KT,餐饮服务,冷饮店,冷饮店,
104.9360963033317,26.271788663904392,郑小姐羊肉粉,242县道与常明老街交叉口南240米,贵州省,六盘水市,,餐饮服务;中餐厅;中餐厅,050100,B0M6SA2VDM,餐饮服务,中餐厅,中餐厅,
104.93579821326438,26.27109877413384,益禾烤奶,常明老街与242县道交叉口南500米,贵州省,六盘水市,,餐饮服务;餐饮相关场所;餐饮相关,050000,B0HKMU8PO4,餐饮服务,餐饮相关场所,餐饮相关,
104.93508911643066,26.275262148555406,温家牛肉馆,常明老街与242县道交叉口大塘边X230县道,贵州省,六盘水市,,餐饮服务;快餐厅;快餐厅,050300,B0K6DS80RO,餐饮服务,快餐厅,快餐厅,
104.93514493367509,26.275735313601317,祥和坛子鸡,野钟乡常明鱼塘边三叉路口,贵州省,六盘水市,,餐饮服务;中餐厅;火锅店,050117,B0GR0KW7O3,餐饮服务,中餐厅,火锅店,
104.93642128746171,26.27299478353367,牛四方铜锅牛肉馆,242县道与常明老街交叉口南100米,贵州省,六盘水市,,餐饮服务;中餐厅;中餐厅,050100,B0L21LTHKH,餐饮服务,中餐厅,中餐厅,
104.93668847166472,26.273440584055624,鸿艳羊肉粉,242县道与常明老街交叉口南60米,贵州省,六盘水市,,餐饮服务;中餐厅;中餐厅,050100,B0LRFC7GPF,餐饮服务,中餐厅,中餐厅,
104.9228084321362,26.080705246262713,霸果蜜茶,230县道与花嘎街交叉口北400米,贵州省,六盘水市,,餐饮服务;冷饮店;冷饮店,050700,B0J1YCO9FZ,餐饮服务,冷饮店,冷饮店,
104.93476003199315,26.276241191916753,盘县普田清真牛肉火锅城,温家牛肉馆北侧110米,贵州省,六盘水市,,餐饮服务;中餐厅;清真菜馆,050121,B0G2M7XF8S,餐饮服务,中餐厅,清真菜馆,
104.93689778478328,26.274867004060678,早味多,常明老街与242县道交叉口北100米,贵州省,六盘水市,,餐饮服务;中餐厅;中餐厅|餐饮服务;快餐厅;快餐厅,050100|050300,B0L6M1PCJR,餐饮服务,中餐厅,中餐厅|餐饮服务,快餐厅
104.9195227806321,26.080585382161903,上上签烧烤烤鱼酸汤饭,花嘎乡农贸市场旁边,贵州省,六盘水市,,餐饮服务;快餐厅;快餐厅,050300,B0J0J9SYYM,餐饮服务,快餐厅,快餐厅,
104.9224733310542,26.077691553903257,花嘎乡原生态羊肉粉馆,花嘎乡街上,贵州省,六盘水市,,餐饮服务;中餐厅;中餐厅,050100,B0G2M7WKAW,餐饮服务,中餐厅,中餐厅,
104.9224214319031,26.07813590907161,京品牛肉馆,230县道与花夏街交叉口北120米,贵州省,六盘水市,,餐饮服务;中餐厅;中餐厅,050100,B0LGN1X8MK,餐饮服务,中餐厅,中餐厅,
104.92282655836006,26.07665848367041,乐乐餐馆,花府路与花夏街交叉口南40米,贵州省,六盘水市,,餐饮服务;中餐厅;中餐厅,050100,B0GR06UB31,餐饮服务,中餐厅,中餐厅,
104.92250128441073,26.077266236348876,馨怡餐馆(X230店),230县道与花夏街交叉口西北20米,贵州省,六盘水市,,餐饮服务;中餐厅;中餐厅,050100,B0FFIN3JKO,餐饮服务,中餐厅,中餐厅,
104.92255117359736,26.077168117893578,大众餐馆,花戛街,贵州省,六盘水市,,餐饮服务;中餐厅;中餐厅,050100,B0FFHBCBSV,餐饮服务,中餐厅,中餐厅,
104.91965848799204,26.080586259462887,二小姐的店,230县道与花夏街交叉口西北500米,贵州省,六盘水市,,餐饮服务;冷饮店;冷饮店,050700,B0G2MAXI4R,餐饮服务,冷饮店,冷饮店,
104.92287944672786,26.076393247873494,永平餐馆老城烙锅,花府路与花夏街交叉口南80米,贵州省,六盘水市,,餐饮服务;中餐厅;中餐厅,050100,B0J1Y7O2H9,餐饮服务,中餐厅,中餐厅,
105.19459886639417,26.261572420717904,龙记烤鱼坊,陡箐镇新发村四组,贵州省,六盘水市,,餐饮服务;中餐厅;特色/地方风味餐厅,050118,B0MBHHIGZC,餐饮服务,中餐厅,特色/地方风味餐厅,
104.88767810691608,26.22274023425021,水城羊肉粉,法德村委会西南侧80米,贵州省,六盘水市,,餐饮服务;中餐厅;中餐厅,050100,B0LU1GDNRP,餐饮服务,中餐厅,中餐厅,
104.88761710032925,26.223763804053256,老猪脚火锅,320县道,贵州省,六盘水市,,餐饮服务;中餐厅;火锅店,050117,B0MBB7WQ6U,餐饮服务,中餐厅,火锅店,
104.88708641499673,26.223477366131995,鲜香羊肉粉,320县道西北侧,贵州省,六盘水市,,餐饮服务;中餐厅;中餐厅,050100,B0HRA4LWGO,餐饮服务,中餐厅,中餐厅,
104.88761710032925,26.223763804053256,老猪脚火锅,320县道,贵州省,六盘水市,,餐饮服务;中餐厅;火锅店,050117,B0MBB7WQ6U,餐饮服务,中餐厅,火锅店,
104.88708641499673,26.223477366131995,鲜香羊肉粉,320县道西北侧,贵州省,六盘水市,,餐饮服务;中餐厅;中餐厅,050100,B0HRA4LWGO,餐饮服务,中餐厅,中餐厅,
104.88827775792406,26.22249037756841,涛御铜锅牛肉馆,法德村委会南侧110米,贵州省,六盘水市,,餐饮服务;中餐厅;火锅店,050117,B0MB9DUAZT,餐饮服务,中餐厅,火锅店,
104.8880278417678,26.2241362233735,盘县洪文羊肉粉馆,法德村委会北侧70米,贵州省,六盘水市,,餐饮服务;餐饮相关场所;餐饮相关,050000,B0MBMY6KCI,餐饮服务,餐饮相关场所,餐饮相关,
104.88802782299726,26.22459148983865,奶茶咖啡馆,法德小学东北侧100米,贵州省,六盘水市,,餐饮服务;咖啡厅;咖啡厅,050500,B0MB5RL20M,餐饮服务,咖啡厅,咖啡厅,
104.88918215940807,26.101664413719817,农村烧烤店,[],贵州省,六盘水市,,餐饮服务;中餐厅;特色/地方风味餐厅,050118,B0M6VCJX9D,餐饮服务,中餐厅,特色/地方风味餐厅,
105.08454559237289,26.004186141615147,李氏餐馆,003县道西侧,贵州省,黔西南布依族苗族自治州,,餐饮服务;中餐厅;中餐厅,050100,B0GR4UH26G,餐饮服务,中餐厅,中餐厅,
105.22870751450455,26.09976639414772,跃阳顺鑫农家餐馆,老王山便利店东侧,贵州省,六盘水市,,餐饮服务;中餐厅;中餐厅,050100,B0K0KMC8UM,餐饮服务,中餐厅,中餐厅,
104.92679875489164,26.296739094494647,锅满溢羊肉粉馆,野钟乡响石村缪家寨组,贵州省,六盘水市,,餐饮服务;中餐厅;中餐厅,050100,B0K3JSDQ0T,餐饮服务,中餐厅,中餐厅,
105.08473132730472,26.003256409176636,盘县普田牛肉馆,花贡邮政支局西北侧290米,贵州省,黔西南布依族苗族自治州,,餐饮服务;中餐厅;中餐厅,050100,B0FFHE33NO,餐饮服务,中餐厅,中餐厅,
105.08779662744045,26.000310152709616,晴隆县满分食光小吃铺,花贡镇花贡社区花贡小学正门对面,贵州省,黔西南布依族苗族自治州,,餐饮服务;中餐厅;中餐厅,050100,B0L17A7OJG,餐饮服务,中餐厅,中餐厅,
105.08675719946758,26.000633740449796,超群饼屋(X003店),花贡镇超群饼屋,贵州省,黔西南布依族苗族自治州,,餐饮服务;糕饼店;糕饼店,050800,B0GKVZ1OLC,餐饮服务,糕饼店,糕饼店,
105.08718552973536,26.000829721039924,时光烘焙,003县道,贵州省,黔西南布依族苗族自治州,,餐饮服务;糕饼店;糕饼店,050800,B0KUZA9SV4,餐饮服务,糕饼店,糕饼店,
105.0870756847984,26.001118960974456,鲜饮快车,花贡镇人民政府西北侧50米,贵州省,黔西南布依族苗族自治州,,餐饮服务;冷饮店;冷饮店,050700,B0I2ZRQFJK,餐饮服务,冷饮店,冷饮店,
104.92674191385372,26.296361970706432,天红酒楼,230县道与242县道交叉口南60米,贵州省,六盘水市,,餐饮服务;中餐厅;中餐厅,050100,B0FFK873ZS,餐饮服务,中餐厅,中餐厅,
105.08506478031757,26.00320922412808,三姑妈私房菜,花贡镇中心学校北侧280米,贵州省,黔西南布依族苗族自治州,,餐饮服务;中餐厅;中餐厅,050100,B0JRC7B7XJ,餐饮服务,中餐厅,中餐厅,
105.19430725083315,26.291481926301902,水城区红岩飘香小菜馆,红岩老街,贵州省,六盘水市,,餐饮服务;中餐厅;中餐厅,050100,B0H1HAS1Q7,餐饮服务,中餐厅,中餐厅,
105.08522454922095,26.00256370477913,花贡兄弟烤鱼,花贡镇中心学校北侧210米,贵州省,黔西南布依族苗族自治州,,餐饮服务;中餐厅;中餐厅,050100,B0HBXYPYOC,餐饮服务,中餐厅,中餐厅,
105.19394597817724,26.2915393629763,天鹏食府,红岩乡卫生院西侧120米,贵州省,六盘水市,,餐饮服务;中餐厅;中餐厅,050100,B0JUFSHAUW,餐饮服务,中餐厅,中餐厅,
105.24421071549284,26.191226135281404,瞿记餐馆,水黄公路北侧,贵州省,六盘水市,,餐饮服务;中餐厅;中餐厅,050100,B0LKZPDZZN,餐饮服务,中餐厅,中餐厅,
105.08733827524073,26.001283983022233,家香餐馆,花贡镇人民政府北侧60米,贵州省,黔西南布依族苗族自治州,,餐饮服务;中餐厅;中餐厅,050100,B0KRMO07KP,餐饮服务,中餐厅,中餐厅,
105.08784846591853,26.002109385225484,飞娥烙锅店,乐乐欣口腔东北侧,贵州省,黔西南布依族苗族自治州,,餐饮服务;中餐厅;中餐厅,050100,B0L3AOYDTL,餐饮服务,中餐厅,中餐厅,
105.1936657620977,26.291643955492734,吴记留一手烤鱼,陡箐镇红岩中学东南侧140米,贵州省,六盘水市,,餐饮服务;中餐厅;中餐厅,050100,B0M63U9HQI,餐饮服务,中餐厅,中餐厅,
105.19317837564782,26.291974320195415,兴新糕点,陡箐红岩中学公租房东南侧80米,贵州省,六盘水市,,餐饮服务;糕饼店;糕饼店,050800,B0L2O5VXZG,餐饮服务,糕饼店,糕饼店,
105.08506885374969,26.001488027266255,黔西南布依族苗族自治州·老地方烙锅,花贡镇人民政府西侧250米,贵州省,黔西南布依族苗族自治州,,餐饮服务;中餐厅;中餐厅,050100,B0JUOLE88V,餐饮服务,中餐厅,中餐厅,
105.1936657620977,26.291643955492734,吴记留一手烤鱼,陡箐镇红岩中学东南侧140米,贵州省,六盘水市,,餐饮服务;中餐厅;中餐厅,050100,B0M63U9HQI,餐饮服务,中餐厅,中餐厅,
105.19317837564782,26.291974320195415,兴新糕点,陡箐红岩中学公租房东南侧80米,贵州省,六盘水市,,餐饮服务;糕饼店;糕饼店,050800,B0L2O5VXZG,餐饮服务,糕饼店,糕饼店,
105.08506885374969,26.001488027266255,黔西南布依族苗族自治州·老地方烙锅,花贡镇人民政府西侧250米,贵州省,黔西南布依族苗族自治州,,餐饮服务;中餐厅;中餐厅,050100,B0JUOLE88V,餐饮服务,中餐厅,中餐厅,
105.1936797707232,26.291686000404738,舒芯烧仙草,陡箐镇红岩中学东南侧150米,贵州省,六盘水市,,餐饮服务;冷饮店;冷饮店,050700,B0KRKCBUVR,餐饮服务,冷饮店,冷饮店,
105.19057328965299,26.292562242851588,非遗烙锅,陡箐镇红岩中学西侧190米,贵州省,六盘水市,,餐饮服务;中餐厅;中餐厅,050100,B0L0AKAUZF,餐饮服务,中餐厅,中餐厅,
104.92607945055671,26.299212233494284,百味美食餐馆,230县道与242县道交叉口北280米,贵州省,六盘水市,,餐饮服务;中餐厅;中餐厅,050100,B0JRMOI463,餐饮服务,中餐厅,中餐厅,
105.10846407234571,26.340714872281158,书亦烧仙草(贵州水城水黄路店),水黄路,贵州省,六盘水市,,餐饮服务;休闲餐饮场所;休闲餐饮场所,050400,B0L2SH5C52,餐饮服务,休闲餐饮场所,休闲餐饮场所,
105.19206851281861,26.291997479732334,槿言奶茶,陡箐镇红岩中学西南侧70米,贵州省,六盘水市,,餐饮服务;冷饮店;冷饮店,050700,B0LKJL2Q3G,餐饮服务,冷饮店,冷饮店,
105.19206851281861,26.291997479732334,避风糖,陡箐镇红岩中学西南侧70米,贵州省,六盘水市,,餐饮服务;中餐厅;特色/地方风味餐厅,050118,B0KRKD9B7E,餐饮服务,中餐厅,特色/地方风味餐厅,
105.0870497359751,26.0008768021353,鸭霸王,花贡小学西北侧110米,贵州省,黔西南布依族苗族自治州,,餐饮服务;餐饮相关场所;餐饮相关,050000,B0M67AX4AH,餐饮服务,餐饮相关场所,餐饮相关,
105.10896590946273,26.338886312332303,烤滋味,加油站斜对面,贵州省,六盘水市,,餐饮服务;中餐厅;中餐厅,050100,B0L3C5J1T5,餐饮服务,中餐厅,中餐厅,
105.24901040394029,26.19917497346743,十里长坡上官特色辣子鸡,三家寨大桥附近,贵州省,六盘水市,,餐饮服务;中餐厅;中餐厅,050100,B0L1KRUN41,餐饮服务,中餐厅,中餐厅,
105.10846210781516,26.339986534148668,永誉马老五干锅牛肉,蟠龙镇黄金湾4栋139-241号门面,贵州省,六盘水市,,餐饮服务;中餐厅;中餐厅,050100,B0I11M7QSK,餐饮服务,中餐厅,中餐厅,
105.10846109876354,26.340188627159986,盘县普田牛肉馆,水黄公路旁边黄金湾路口,贵州省,六盘水市,,餐饮服务;中餐厅;中餐厅,050100,B0GR06VS3A,餐饮服务,中餐厅,中餐厅,
105.10947860893232,26.3400971778216,周府聚缘坛子烤鱼,黄金湾B16-12-13,贵州省,六盘水市,,餐饮服务;中餐厅;中餐厅,050100,B0FFKWS4OD,餐饮服务,中餐厅,中餐厅,
104.92568040785353,26.29992807322797,聚鑫缘酒楼,242县道与230县道交叉口北360米,贵州省,六盘水市,,餐饮服务;中餐厅;综合酒楼,050101,B0JGHSO6YI,餐饮服务,中餐厅,综合酒楼,
105.11096699822966,26.339473829902136,皇茶奶茶店,蟠龙镇政府部门入口处,贵州省,六盘水市,,餐饮服务;冷饮店;冷饮店,050700,B0KDXC02LT,餐饮服务,冷饮店,冷饮店,
105.19912764687855,26.29022994243321,鸿运来餐馆,马红路西侧,贵州省,六盘水市,,餐饮服务;中餐厅;中餐厅,050100,B0LRYSW64B,餐饮服务,中餐厅,中餐厅,
105.10848509888531,26.339928520221836,海滨酒楼,龙城加油站西北侧80米,贵州省,六盘水市,,餐饮服务;中餐厅;中餐厅,050100,B0JUON0YGW,餐饮服务,中餐厅,中餐厅,
105.11106695672842,26.339515915714074,老羊头羊肉粉(蟠龙店),水黄路,贵州省,六盘水市,,餐饮服务;餐饮相关场所;餐饮相关,050000,B0LAHRFRCI,餐饮服务,餐饮相关场所,餐饮相关,
105.108602039721,26.339931587814505,张阿姨砂锅粉,龙城加油站北侧80米,贵州省,六盘水市,,餐饮服务;中餐厅;中餐厅,050100,B0G2YSQKPL,餐饮服务,中餐厅,中餐厅,
105.10905681140946,26.340028895393875,程领鲜烧烤店,蟠龙黄金湾水黄公路入口50米处,贵州省,六盘水市,,餐饮服务;中餐厅;特色/地方风味餐厅,050118,B0L119LT7L,餐饮服务,中餐厅,特色/地方风味餐厅,
105.19491670431607,26.291395876635885,杭州小笼包,红岩乡卫生院西南侧50米,贵州省,六盘水市,,餐饮服务;中餐厅;中餐厅,050100,B0MB4CZ9OI,餐饮服务,中餐厅,中餐厅,
105.1954170792974,26.291146558834107,伊味园清真全牛馆,红岩乡卫生院南侧80米,贵州省,六盘水市,,餐饮服务;中餐厅;清真菜馆,050121,B0M6TR6B8R,餐饮服务,中餐厅,清真菜馆,
105.11011138683845,26.33878695953847,茶语轩,康祥诊所东北侧,贵州省,六盘水市,,餐饮服务;茶艺馆;茶艺馆,050600,B0LBRDHLOY,餐饮服务,茶艺馆,茶艺馆,
105.11011138683845,26.33878695953847,茶语轩,康祥诊所东北侧,贵州省,六盘水市,,餐饮服务;茶艺馆;茶艺馆,050600,B0LBRDHLOY,餐饮服务,茶艺馆,茶艺馆,
105.10983144533566,26.340160422303974,蟠龙留一手烤鱼城,蟠龙镇政务服务中心西侧130米,贵州省,六盘水市,,餐饮服务;中餐厅;特色/地方风味餐厅,050118,B0L0O9J8O5,餐饮服务,中餐厅,特色/地方风味餐厅,
105.11052119999077,26.339046340603293,有资有味私房菜,龙城加油站东侧160米,贵州省,六盘水市,,餐饮服务;中餐厅;中餐厅,050100,B0M6FSXMJO,餐饮服务,中餐厅,中餐厅,
105.11126088264153,26.33948803250416,茶悦,蟠龙小学西侧80米,贵州省,六盘水市,,餐饮服务;冷饮店;冷饮店,050700,B0LAR1EF3B,餐饮服务,冷饮店,冷饮店,
105.1084321044797,26.34037969929638,茨冲鸡火锅(水黄公路店),中国石化六盘水水城龙城加油站北侧130米,贵州省,六盘水市,,餐饮服务;中餐厅;火锅店,050117,B0G2A54H2I,餐饮服务,中餐厅,火锅店,
105.11206052738066,26.340789185185926,爱莱士,蟠龙镇人民政府东北侧50米,贵州省,六盘水市,,餐饮服务;快餐厅;快餐厅,050300,B0M67ZXVFI,餐饮服务,快餐厅,快餐厅,
105.11215153179892,26.34002689667953,好来汉堡,蟠龙镇人民政府东南侧70米,贵州省,六盘水市,,餐饮服务;快餐厅;快餐厅,050300,B0JUVR7M77,餐饮服务,快餐厅,快餐厅,
105.11239144831404,26.340063084166623,顺华羊肉粉,蟠龙镇人民政府东南侧80米,贵州省,六盘水市,,餐饮服务;中餐厅;中餐厅,050100,B0JUZLB377,餐饮服务,中餐厅,中餐厅,
105.1104291757111,26.340373896840678,富家烤鱼,公安局蟠龙派出所西南侧110米,贵州省,六盘水市,,餐饮服务;餐饮相关场所;餐饮相关,050000,B0K0RMFS5B,餐饮服务,餐饮相关场所,餐饮相关,
105.11064910198054,26.339997864527707,海波羊肉粉,蟠龙镇人民政府西南侧100米,贵州省,六盘水市,,餐饮服务;中餐厅;中餐厅,050100,B0KUFN4MS2,餐饮服务,中餐厅,中餐厅,
105.11104096814329,26.339490886833488,多乐滋蛋糕,蟠龙小学西侧100米,贵州省,六盘水市,,餐饮服务;糕饼店;糕饼店,050800,B0KU2MZ854,餐饮服务,糕饼店,糕饼店,
105.1121605446891,26.33968874637826,罗家柴火辣椒面,蟠龙小学北侧,贵州省,六盘水市,,餐饮服务;中餐厅;中餐厅,050100,B0L3R1O7TK,餐饮服务,中餐厅,中餐厅,
105.03489865090228,25.9958907585631,鱼悦餐馆,幸惠超市东北侧210米,贵州省,黔西南布依族苗族自治州,,餐饮服务;中餐厅;中餐厅,050100,B0K2MRUDAI,餐饮服务,中餐厅,中餐厅,
105.11247338784624,26.340762466561824,金苹果西饼,蟠龙镇人民政府东侧90米,贵州省,六盘水市,,餐饮服务;餐饮相关场所;餐饮相关,050000,B0G2O6BOUW,餐饮服务,餐饮相关场所,餐饮相关,
105.1094816075441,26.340097179630646,食为天农家菜馆,水城民安康医院西侧,贵州省,六盘水市,,餐饮服务;中餐厅;中餐厅,050100,B0K0RMKUV0,餐饮服务,中餐厅,中餐厅,
105.10981145774367,26.340087376161257,卖鸡鸭鹅点杀店,中国石化六盘水水城龙城加油站东北侧130米,贵州省,六盘水市,,餐饮服务;中餐厅;中餐厅,050100,B0MBD6ES0M,餐饮服务,中餐厅,中餐厅,
105.11025126391215,26.34010766030871,香回头砂锅粉,蟠龙镇人民政府西侧140米,贵州省,六盘水市,,餐饮服务;中餐厅;中餐厅,050100,B0K3OMTWFH,餐饮服务,中餐厅,中餐厅,
105.11066109515563,26.34003789085048,原味羊肉粉馆,蟠龙镇黄金湾商业7栋,贵州省,六盘水市,,餐饮服务;中餐厅;综合酒楼,050101,B0J0ZDDRRZ,餐饮服务,中餐厅,综合酒楼,
105.09992726911247,25.99622763507495,富贵牛肉馆,花贡金源酒店东侧50米,贵州省,黔西南布依族苗族自治州,,餐饮服务;中餐厅;中餐厅,050100,B0JR0PTSPT,餐饮服务,中餐厅,中餐厅,
105.11216445851484,26.34148057779803,黔客隆鞋服批发广场,人民法院蟠龙人民法庭东北侧90米,贵州省,六盘水市,,餐饮服务;中餐厅;中餐厅,050100,B0JKKXACS0,餐饮服务,中餐厅,中餐厅,
105.11241033181936,26.342390172095786,子酉鲜果奶茶,人民法院蟠龙人民法庭东北侧180米,贵州省,六盘水市,,餐饮服务;冷饮店;冷饮店,050700,B0LKX6H2HA,餐饮服务,冷饮店,冷饮店,
105.11293610137831,26.343664139744007,花江狗肉牛肉馆,蟠龙镇黄金湾,贵州省,六盘水市,,餐饮服务;中餐厅;特色/地方风味餐厅,050118,B0L1UC3RCK,餐饮服务,中餐厅,特色/地方风味餐厅,
105.18800319387393,26.034111728638717,小黎路亚渔庄,003县道,贵州省,黔西南布依族苗族自治州,,餐饮服务;中餐厅;中餐厅,050100,B0L1YKBZ1W,餐饮服务,中餐厅,中餐厅,
105.11329799833527,26.343512339286896,吉百味蛋糕屋蟠龙镇店,161乡道南侧,贵州省,六盘水市,,餐饮服务;糕饼店;糕饼店,050800,B0GRJORX30,餐饮服务,糕饼店,糕饼店,
105.11267219794576,26.343396823897752,神奇茶汤,蟠龙镇中心学校西南侧90米,贵州省,六盘水市,,餐饮服务;餐饮相关场所;餐饮相关,050000,B0L1RY9ZCV,餐饮服务,餐饮相关场所,餐饮相关,
105.06784105142982,25.664589293720955,避风塘,市场口,贵州省,黔西南布依族苗族自治州,,餐饮服务;中餐厅;特色/地方风味餐厅,050118,B0K26PJTCK,餐饮服务,中餐厅,特色/地方风味餐厅,
105.06800364212103,25.66467914081233,然伦包子铺,箐口小学东北侧130米,贵州省,黔西南布依族苗族自治州,,餐饮服务;中餐厅;中餐厅,050100,B0L3AUV946,餐饮服务,中餐厅,中餐厅,
105.06864903258703,25.664982518387518,箐口蛋糕店,638县道,贵州省,黔西南布依族苗族自治州,,餐饮服务;糕饼店;糕饼店,050800,B0MBK7QYOQ,餐饮服务,糕饼店,糕饼店,
105.06750496439062,25.66302891801093,好友来蛋糕屋,儿童玩具店北侧50米,贵州省,黔西南布依族苗族自治州,,餐饮服务;糕饼店;糕饼店,050800,B0LBL1MVFP,餐饮服务,糕饼店,糕饼店,
105.07958936862234,25.637959872897774,辣子鸡,农商银行上虎村全能煤矿村村通服务点西北侧,贵州省,黔西南布依族苗族自治州,,餐饮服务;中餐厅;中餐厅,050100,B0L0SGHXCK,餐饮服务,中餐厅,中餐厅,
105.10214965215863,25.62369384928565,青山李记清真餐馆,地久村瓦厂北侧100米,贵州省,黔西南布依族苗族自治州,,餐饮服务;中餐厅;清真菜馆,050121,B0HGN5N81R,餐饮服务,中餐厅,清真菜馆,
105.10155025942116,25.621042455023158,大众餐馆,雅迪电动车(纳兴高速店)西北侧,贵州省,黔西南布依族苗族自治州,,餐饮服务;中餐厅;中餐厅,050100,B0M6K7CI8O,餐饮服务,中餐厅,中餐厅,
105.09762008651258,25.616200486315474,云南鸡脚王,大厂立交桥西北侧,贵州省,黔西南布依族苗族自治州,,餐饮服务;餐饮相关场所;餐饮相关,050000,B0K6FSDJFS,餐饮服务,餐饮相关场所,餐饮相关,
105.09707965022118,25.615981334437613,晴隆县地久黄记牛肉餐馆,大厂立交桥西北侧,贵州省,黔西南布依族苗族自治州,,餐饮服务;中餐厅;中餐厅,050100,B0K6FSDR5G,餐饮服务,中餐厅,中餐厅,
105.09800070277907,25.61625055364762,七里香包子铺,大厂立交桥东南侧,贵州省,黔西南布依族苗族自治州,,餐饮服务;中餐厅;中餐厅,050100,B0KRZ7B8FO,餐饮服务,中餐厅,中餐厅,
105.0975371871341,25.6158393138209,旺角拾年烙锅店,地久村大厂收费站出口100米往右,贵州省,黔西南布依族苗族自治州,,餐饮服务;外国餐厅;外国餐厅,050200,B0LKLH90CZ,餐饮服务,外国餐厅,外国餐厅,
105.09740131858351,25.615990368301887,余味烤鱼,G7612纳兴高速,贵州省,黔西南布依族苗族自治州,,餐饮服务;中餐厅;特色/地方风味餐厅,050118,B0L1BL012Q,餐饮服务,中餐厅,特色/地方风味餐厅,
105.0974942302883,25.615850314312304,利群餐馆(大厂立交桥店),大厂镇,贵州省,黔西南布依族苗族自治州,,餐饮服务;中餐厅;中餐厅,050100,B0HRNZWDRL,餐饮服务,中餐厅,中餐厅,
105.05359089985456,25.74249360489069,进自然·村食,进自然·康乐度假中心西侧170米,贵州省,黔西南布依族苗族自治州,,餐饮服务;中餐厅;中餐厅,050100,B0M647K0TK,餐饮服务,中餐厅,中餐厅,
105.07757856730908,25.741311332401672,乡味坊餐饮店,茶源街道8号,贵州省,黔西南布依族苗族自治州,,餐饮服务;中餐厅;云贵菜,050114,B0L0MLA03S,餐饮服务,中餐厅,云贵菜,
105.07664629108244,25.745115306217755,河北特色包子店,江西坡镇布依茶源小镇新市民社区纳茶小区五巷16栋1单元,贵州省,黔西南布依族苗族自治州,,餐饮服务;中餐厅;中餐厅,050100,B0FFKT58RG,餐饮服务,中餐厅,中餐厅,
105.07655250117311,25.74475317256987,羊场布依族牛肉馆,茶源街道纳茶社区15栋1单元7号,贵州省,黔西南布依族苗族自治州,,餐饮服务;餐饮相关场所;餐饮相关,050000,B0KAMH3T45,餐饮服务,餐饮相关场所,餐饮相关,
105.0768448636272,25.74553638851033,余记燚鑫土菜馆,茶东路纳茶三巷24栋6号商铺,贵州省,黔西南布依族苗族自治州,,餐饮服务;中餐厅;云贵菜,050114,B0FFK8ZP56,餐饮服务,中餐厅,云贵菜,
105.07567530520048,25.745331260596714,罗家布依香土狗肉馆,纳茶社区六巷1号2单元104室,贵州省,黔西南布依族苗族自治州,,餐饮服务;中餐厅;特色/地方风味餐厅,050118,B0J31SL8ZI,餐饮服务,中餐厅,特色/地方风味餐厅,
105.07659539737303,25.745085331028392,娜姐猪脚火锅城,江西坡互通与320国道交叉口北440米,贵州省,黔西南布依族苗族自治州,,餐饮服务;中餐厅;火锅店,050117,B0FFMEXWGM,餐饮服务,中餐厅,火锅店,
105.0766153512105,25.745194378202008,俊香牛肉馆,纳茶社区五巷1号2单元103号,贵州省,黔西南布依族苗族自治州,,餐饮服务;中餐厅;中餐厅,050100,B0MBPL23S9,餐饮服务,中餐厅,中餐厅,
105.07603052571751,25.746060379599385,青山清真牛肉馆,布依苗族自治州普安东城区纳茶三巷,贵州省,黔西南布依族苗族自治州,,餐饮服务;中餐厅;清真菜馆,050121,B0FFKSZ4EO,餐饮服务,中餐厅,清真菜馆,
105.07559643181507,25.746198837699808,锅锅香地摊干锅火锅店,育才路69号,贵州省,黔西南布依族苗族自治州,,餐饮服务;中餐厅;火锅店,050117,B0KDH6CYHW,餐饮服务,中餐厅,火锅店,
105.076821904084,25.745680491747066,小陶普田清真牛肉馆,[],贵州省,黔西南布依族苗族自治州,,餐饮服务;中餐厅;特色/地方风味餐厅,050118,B0KUF79VRF,餐饮服务,中餐厅,特色/地方风味餐厅,
105.07528011534869,25.745922956154033,正宗安龙剪粉,普安红大道与育才路交叉口东南440米,贵州省,黔西南布依族苗族自治州,,餐饮服务;中餐厅;中餐厅,050100,B0JKKN9875,餐饮服务,中餐厅,中餐厅,
105.07645061946282,25.74676143372876,于记蛋糕店,纳茶小区纳茶一巷7栋2单元102室,贵州省,黔西南布依族苗族自治州,,餐饮服务;糕饼店;糕饼店,050800,B0FFJDF69X,餐饮服务,糕饼店,糕饼店,
105.07546370220918,25.746427088415285,保记清真食府(纳茶小区店),普安茶文化生态旅游景区东南侧350米,贵州省,黔西南布依族苗族自治州,,餐饮服务;中餐厅;清真菜馆,050121,B0LG3Y6NLK,餐饮服务,中餐厅,清真菜馆,
104.97212157722598,25.649143514337112,十年老店,632县道西侧,贵州省,黔西南布依族苗族自治州,,餐饮服务;餐饮相关场所;餐饮相关,050000,B0H3T5I0M9,餐饮服务,餐饮相关场所,餐饮相关,
105.07711828090831,25.746059471765914,福满堂饺子馆(纳茶一巷店),江西坡派出所东侧50米,贵州省,黔西南布依族苗族自治州,,餐饮服务;中餐厅;特色/地方风味餐厅,050118,B0JR9CLOZ3,餐饮服务,中餐厅,特色/地方风味餐厅,
105.07591872352195,25.746849938644814,阿胖牛肉馆,纳茶一巷6栋2单元,贵州省,黔西南布依族苗族自治州,,餐饮服务;中餐厅;中餐厅,050100,B0HARY1Z91,餐饮服务,中餐厅,中餐厅,
105.07536388353466,25.74709056594054,老羊头羊肉粉馆(茶场店),纳茶街道纳茶西路2号,贵州省,黔西南布依族苗族自治州,,餐饮服务;中餐厅;中餐厅,050100,B0KD2L31P8,餐饮服务,中餐厅,中餐厅,
105.07698054672115,25.74638877663735,悦心蛋糕店,江西坡派出所纳茶警务室东北侧50米,贵州省,黔西南布依族苗族自治州,,餐饮服务;糕饼店;糕饼店,050800,B0JKJZKSWV,餐饮服务,糕饼店,糕饼店,
105.075312002334,25.74690550355688,螺旋桨螺蛳粉,茶源街道纳茶小区亿佳宝贝母婴生活馆旁边,贵州省,黔西南布依族苗族自治州,,餐饮服务;中餐厅;中餐厅,050100,B0IR252HWY,餐饮服务,中餐厅,中餐厅,
105.07618717058129,25.746673605015953,万州烤鱼(纳茶一巷店),东城区纳茶小区第一巷,贵州省,黔西南布依族苗族自治州,,餐饮服务;中餐厅;中餐厅,050100,B0FFM96WCP,餐饮服务,中餐厅,中餐厅,
105.07603545918779,25.747283092228162,建兴牛肉馆,红大道与育才路交叉口东南420米,贵州省,黔西南布依族苗族自治州,,餐饮服务;中餐厅;中餐厅,050100,B0HK9S0YYA,餐饮服务,中餐厅,中餐厅,
105.07604943342527,25.74720803619497,叫了个炸鸡(纳茶一巷店),茶源街道纳茶一巷,贵州省,黔西南布依族苗族自治州,,餐饮服务;餐饮相关场所;餐饮相关,050000,B0IKHZC3V8,餐饮服务,餐饮相关场所,餐饮相关,
105.0675279362173,25.749806499703407,福娘阁,观景路与513乡道交叉口西360米,贵州省,黔西南布依族苗族自治州,,餐饮服务;茶艺馆;茶艺馆,050600,B0JBMS4XQJ,餐饮服务,茶艺馆,茶艺馆,
105.06881177745741,25.749209595535312,开鸿石锅鱼,斗弹达吟社区锦绣路13号2单元106室,贵州省,黔西南布依族苗族自治州,,餐饮服务;中餐厅;中餐厅,050100,B0LKUDYY79,餐饮服务,中餐厅,中餐厅,
105.07199022429735,25.749521248371902,闲暇时光奶茶店,茶源街道古茶城-1-30号商铺,贵州省,黔西南布依族苗族自治州,,餐饮服务;餐饮相关场所;餐饮相关,050000,B0JUAAON8U,餐饮服务,餐饮相关场所,餐饮相关,
105.07243421236767,25.749492774223967,卤味有约,茶源街道古茶城-1层61号,贵州省,黔西南布依族苗族自治州,,餐饮服务;餐饮相关场所;餐饮相关,050000,B0J2911ERD,餐饮服务,餐饮相关场所,餐饮相关,
105.07144047659733,25.749867030523433,沐茗,茶源街道,贵州省,黔西南布依族苗族自治州,,餐饮服务;冷饮店;冷饮店,050700,B0K37ZJMVX,餐饮服务,冷饮店,冷饮店,
105.07152227922988,25.75003504255755,茶饮小站,天下普安古茶城下沉广场,贵州省,黔西南布依族苗族自治州,,餐饮服务;冷饮店;冷饮店,050700,B0G31O8U0T,餐饮服务,冷饮店,冷饮店,
105.07153026495908,25.749942979850545,COOLBOB椰子熊,普红大道古茶城-4-41,贵州省,黔西南布依族苗族自治州,,餐饮服务;冷饮店;冷饮店,050700,B0L2TU2RJK,餐饮服务,冷饮店,冷饮店,
105.07112419938414,25.750163544154123,馋猫自助烤肉39.9/人,斗弹达吟社区普安红大道1号古茶城3栋115室,贵州省,黔西南布依族苗族自治州,,餐饮服务;中餐厅;中餐厅,050100,B0K0PNHAZ3,餐饮服务,中餐厅,中餐厅,
105.07268862342917,25.749770679743637,避风塘,育才路与古茶路交叉口西南60米,贵州省,黔西南布依族苗族自治州,,餐饮服务;中餐厅;特色/地方风味餐厅,050118,B0MB57L0TJ,餐饮服务,中餐厅,特色/地方风味餐厅,
105.0718006107552,25.750594078476663,长寿鱼庄烤鱼,斗弹吟社区普安红大道古茶城7栋216号,贵州省,黔西南布依族苗族自治州,,餐饮服务;餐饮相关场所;餐饮相关,050000,B0K0VCIW81,餐饮服务,餐饮相关场所,餐饮相关,
105.07251299432063,25.75034819788274,茶园肠粉炒粉,普安县贵州省黔西南布依族苗族自治州古茶路与育才路交叉口西40米,贵州省,黔西南布依族苗族自治州,,餐饮服务;中餐厅;中餐厅,050100,B0LDCYMSHF,餐饮服务,中餐厅,中餐厅,
105.07216079253988,25.750421602017234,兄弟鸭霸王(古茶路店),古茶路与育才路交叉口西80米,贵州省,黔西南布依族苗族自治州,,餐饮服务;餐饮相关场所;餐饮相关,050000,B0I25GCCWX,餐饮服务,餐饮相关场所,餐饮相关,
105.07240224909931,25.75027426718027,茶花包子店,东城区实验幼儿园斜对面,贵州省,黔西南布依族苗族自治州,,餐饮服务;餐饮相关场所;餐饮相关,050000,B0JUMC0EP2,餐饮服务,餐饮相关场所,餐饮相关,
105.07195624010174,25.750875081553623,蚝情烤吧(沪昆高速店),茶源街道斗弹达吟社区古茶路1号1单元,贵州省,黔西南布依族苗族自治州,,餐饮服务;中餐厅;特色/地方风味餐厅,050118,B0KAY92O3P,餐饮服务,中餐厅,特色/地方风味餐厅,
105.07193529832298,25.75065397297161,留一手特色烤鱼(古茶路店),古茶路与513乡道交叉口东南120米,贵州省,黔西南布依族苗族自治州,,餐饮服务;中餐厅;中餐厅,050100,B0HRDCXIAQ,餐饮服务,中餐厅,中餐厅,
105.0717117984054,25.750965390773484,鱼乐圈豆花烤鱼,茶源街道斗弹达吟社区古城城7栋206号,贵州省,黔西南布依族苗族自治州,,餐饮服务;中餐厅;中餐厅,050100,B0L17N8090,餐饮服务,中餐厅,中餐厅,
105.07213383975594,25.750734814537783,十里香包子店,育才路69号,贵州省,黔西南布依族苗族自治州,,餐饮服务;中餐厅;中餐厅,050100,B0LR3DCIPB,餐饮服务,中餐厅,中餐厅,
105.07182353991931,25.750987286359763,谗猫烧烤,斗弹达吟社区古茶路2号2单元105-106室,贵州省,黔西南布依族苗族自治州,,餐饮服务;餐饮相关场所;餐饮相关,050000,B0HR9Y5HKA,餐饮服务,餐饮相关场所,餐饮相关,
105.07098847324202,25.751115252165818,廷英餐馆,[],贵州省,黔西南布依族苗族自治州,,餐饮服务;中餐厅;中餐厅,050100,B0KDDM0APH,餐饮服务,中餐厅,中餐厅,
105.08111437846549,25.749694733333815,米森麻辣汤烫,茶源街道钻帽坡普安县沪昆高速帽坡,贵州省,黔西南布依族苗族自治州,,餐饮服务;中餐厅;中餐厅,050100,B0LKP4YGXY,餐饮服务,中餐厅,中餐厅,
104.96260268883792,25.69632523118498,老顽童狗肉馆,632县道东南侧,贵州省,黔西南布依族苗族自治州,,餐饮服务;中餐厅;中餐厅,050100,B0GDROFP3N,餐饮服务,中餐厅,中餐厅,
104.96176390143597,25.6989868001158,丞茶(地瓜店),632县道,贵州省,黔西南布依族苗族自治州,,餐饮服务;餐饮相关场所;餐饮相关,050000,B0K2DUI0OG,餐饮服务,餐饮相关场所,餐饮相关,
104.96151586039394,25.69946368482175,超群饼屋(地瓜店),632县道地瓜镇政府对面,贵州省,黔西南布依族苗族自治州,,餐饮服务;糕饼店;糕饼店,050800,B0FFK93HSA,餐饮服务,糕饼店,糕饼店,
104.96144720721061,25.697656879467253,丰盛牛肉馆,地瓜镇地瓜社区六组28号,贵州省,黔西南布依族苗族自治州,,餐饮服务;中餐厅;中餐厅,050100,B0L11KIZNS,餐饮服务,中餐厅,中餐厅,
104.96082367113098,25.697358283331138,金鸡银鱼,地瓜镇地瓜村六组,贵州省,黔西南布依族苗族自治州,,餐饮服务;餐饮相关场所;餐饮相关,050000,B0FFL5CSWS,餐饮服务,餐饮相关场所,餐饮相关,
104.95999987092628,25.69783159012159,兴缘餐馆,地瓜镇地瓜村五组,贵州省,黔西南布依族苗族自治州,,餐饮服务;中餐厅;中餐厅,050100,B035B0MQRH,餐饮服务,中餐厅,中餐厅,
104.96007948526402,25.69962336328169,小海砂锅粉麻辣烫,地瓜镇地瓜村五组街上,贵州省,黔西南布依族苗族自治州,,餐饮服务;中餐厅;中餐厅,050100,B0L3ORZDBX,餐饮服务,中餐厅,中餐厅,
104.95943600216458,25.699256754297323,香圆自助烧烤店,地瓜镇地瓜小学西南侧160米,贵州省,黔西南布依族苗族自治州,,餐饮服务;中餐厅;特色/地方风味餐厅,050118,B0K3M7TQ79,餐饮服务,中餐厅,特色/地方风味餐厅,
104.95936726305963,25.69938799457774,相约烧烤,地瓜镇地瓜小学西南侧150米,贵州省,黔西南布依族苗族自治州,,餐饮服务;中餐厅;特色/地方风味餐厅,050118,B0LU7BXA6J,餐饮服务,中餐厅,特色/地方风味餐厅,
104.95918297779102,25.699358431251188,田姐小吃,地瓜镇地瓜小学西南侧170米,贵州省,黔西南布依族苗族自治州,,餐饮服务;中餐厅;中餐厅,050100,B0I25DGIMW,餐饮服务,中餐厅,中餐厅,
104.95929850463345,25.699976482912728,原汤牛肉馆,地瓜镇地瓜小学西侧120米,贵州省,黔西南布依族苗族自治州,,餐饮服务;中餐厅;中餐厅,050100,B0I25DI88S,餐饮服务,中餐厅,中餐厅,
104.95900066211959,25.69984414163502,正宗带皮牛肉馆,地瓜镇地瓜小学西侧160米,贵州省,黔西南布依族苗族自治州,,餐饮服务;中餐厅;火锅店,050117,B0FFK6EBHP,餐饮服务,中餐厅,火锅店,
104.9935527908011,25.589077209521676,街友益禾烤奶,新店镇新店社区三组75号,贵州省,黔西南布依族苗族自治州,,餐饮服务;冷饮店;冷饮店,050700,B0JGB75RUU,餐饮服务,冷饮店,冷饮店,
104.99404063953823,25.587986274446965,普安县新店镇伊香园清真馆,新店镇新兴小区,贵州省,黔西南布依族苗族自治州,,餐饮服务;中餐厅;中餐厅,050100,B0M6YOUGYF,餐饮服务,中餐厅,中餐厅,
105.14442606001283,25.72967870822083,普田清真铜锅牛肉馆,碧痕镇上街三岔路口,贵州省,黔西南布依族苗族自治州,,餐饮服务;中餐厅;火锅店,050117,B0HAKUJ335,餐饮服务,中餐厅,火锅店,
104.99406251927121,25.58848741875013,煲金珠老红糖珍珠鲜奶茶,新店镇老供销社,贵州省,黔西南布依族苗族自治州,,餐饮服务;中餐厅;中餐厅,050100,B0LUVACPUQ,餐饮服务,中餐厅,中餐厅,
104.99292964832132,25.58791360583295,地瓜狗肉馆,313省道与512乡道交叉口南140米,贵州省,黔西南布依族苗族自治州,,餐饮服务;中餐厅;中餐厅,050100,B0FFJUORB2,餐饮服务,中餐厅,中餐厅,
104.99310681592695,25.58870940419979,焦记青山牛肉馆,313省道与512乡道交叉口西南40米,贵州省,黔西南布依族苗族自治州,,餐饮服务;中餐厅;中餐厅,050100,B0FFG78EUG,餐饮服务,中餐厅,中餐厅,
105.14461219447831,25.729686020766305,马波清真回坊,碧痕镇顺丰快递南侧110米,贵州省,黔西南布依族苗族自治州,,餐饮服务;餐饮相关场所;餐饮相关,050000,B0IUDCK69V,餐饮服务,餐饮相关场所,餐饮相关,
105.1670666458209,25.678465526362107,超群饼屋,大厂镇超群饼屋,贵州省,黔西南布依族苗族自治州,,餐饮服务;餐饮相关场所;餐饮相关,050000,B0IDMAXVV2,餐饮服务,餐饮相关场所,餐饮相关,
104.9936673407479,25.587547220009483,农夫之家(S313店),新店乡农夫之家,贵州省,黔西南布依族苗族自治州,,餐饮服务;中餐厅;中餐厅,050100,B0HUVB2UI2,餐饮服务,中餐厅,中餐厅,
104.99313475152428,25.58728672244434,阳光夜食,新店烟叶工作站东南门东北50米,贵州省,黔西南布依族苗族自治州,,餐饮服务;中餐厅;中餐厅,050100,B0I0RMTM9I,餐饮服务,中餐厅,中餐厅,
104.99361064689879,25.586373900478275,思思羊肉馆,新店镇新店社区三组126号,贵州省,黔西南布依族苗族自治州,,餐饮服务;中餐厅;中餐厅,050100,B0L1DAT45D,餐饮服务,中餐厅,中餐厅,
104.99281224639297,25.586308288783865,鱼神烧烤,新店镇新店社区三组49号,贵州省,黔西南布依族苗族自治州,,餐饮服务;餐饮相关场所;餐饮相关,050000,B0LU9H9AKN,餐饮服务,餐饮相关场所,餐饮相关,
104.99231354230898,25.58514131033932,普安县新店镇青山地摊火锅,新店镇新店社区上街68号,贵州省,黔西南布依族苗族自治州,,餐饮服务;中餐厅;火锅店,050117,B0KKL1CWWW,餐饮服务,中餐厅,火锅店,
104.99481542167277,25.581645291898273,清香阁农庄店,新店镇大山坡,贵州省,黔西南布依族苗族自治州,,餐饮服务;中餐厅;中餐厅,050100,B0GR27CFTT,餐饮服务,中餐厅,中餐厅,
105.14868613115378,25.73378627374548,马记清真牛肉馆,碧痕镇政府对面,贵州省,黔西南布依族苗族自治州,,餐饮服务;中餐厅;中餐厅,050100,B0FFKSLDOS,餐饮服务,中餐厅,中餐厅,
105.12614043046153,25.573522644873567,好运来餐馆,潘家庄镇王家寨街上好运来餐馆,贵州省,黔西南布依族苗族自治州,,餐饮服务;中餐厅;中餐厅,050100,B0MBDOH7KV,餐饮服务,中餐厅,中餐厅,
105.12741072402649,25.573333111445145,重庆砂锅鱼,潘家庄镇王家寨村警务室北侧,贵州省,黔西南布依族苗族自治州,,餐饮服务;中餐厅;中餐厅,050100,B0FFM5H6XC,餐饮服务,中餐厅,中餐厅,
105.06901210602003,25.796744241566547,沈家老字号牛肉馆(沪瑞线店),320国道与636县道交叉口东南160米,贵州省,黔西南布依族苗族自治州,,餐饮服务;中餐厅;中餐厅,050100,B0GRKM2IWH,餐饮服务,中餐厅,中餐厅,
105.06623000468112,25.798548803111746,沈记牛肉馆,320国道与636县道交叉口西200米,贵州省,黔西南布依族苗族自治州,,餐饮服务;中餐厅;火锅店,050117,B0FFG78EYA,餐饮服务,中餐厅,火锅店,
105.134694000041,25.559737503933633,贵州省黔西南州兴仁市草原生态狗肉馆,潘家庄镇坪寨村包包寨组,贵州省,黔西南布依族苗族自治州,,餐饮服务;中餐厅;中餐厅,050100,B0FFJ0Q6EZ,餐饮服务,中餐厅,中餐厅,
104.9679515163273,25.778478629918318,双凤餐馆,云盘社区高铁快速路10号,贵州省,黔西南布依族苗族自治州,,餐饮服务;中餐厅;综合酒楼,050101,B0FFKS8B1P,餐饮服务,中餐厅,综合酒楼,
104.97141681565671,25.783959548179403,普田清真美食坊,盘水街道东方新城21-22栋,贵州省,黔西南布依族苗族自治州,,餐饮服务;中餐厅;清真菜馆,050121,B0IK67OBR4,餐饮服务,中餐厅,清真菜馆,
104.97138593936498,25.78411172727582,普田八号清真牛菜馆,盘水街道东方新城21-22栋,贵州省,黔西南布依族苗族自治州,,餐饮服务;中餐厅;清真菜馆,050121,B0GR4BHSVW,餐饮服务,中餐厅,清真菜馆,
104.96907262768333,25.784142080817116,鑫芳长寿鱼,盘水街道职中门口,贵州省,黔西南布依族苗族自治州,,餐饮服务;中餐厅;火锅店,050117,B0H1D9PY72,餐饮服务,中餐厅,火锅店,
104.91492529483322,25.61430742096445,安安餐馆,罗汉镇罗汉村二组313省道边派出所往老厂方向50,贵州省,黔西南布依族苗族自治州,,餐饮服务;中餐厅;中餐厅,050100,B0FFJV9V0J,餐饮服务,中餐厅,中餐厅,
104.91466678948021,25.61425557622545,安记餐馆,普安县公安局罗汉乡派出所旁西南方向150米,贵州省,黔西南布依族苗族自治州,,餐饮服务;中餐厅;中餐厅,050100,B0GR4YI1UQ,餐饮服务,中餐厅,中餐厅,
105.14703544913348,25.785208129632036,廖记辣子鸡,沙子镇大兴田社区37栋,贵州省,黔西南布依族苗族自治州,,餐饮服务;中餐厅;中餐厅,050100,B0G0URPRS7,餐饮服务,中餐厅,中餐厅,
104.96255707505178,25.786133470120912,兴科清真馆,贵州省黔西南布依族苗族自治州普安县消防大队斜对面,贵州省,黔西南布依族苗族自治州,,餐饮服务;中餐厅;清真菜馆,050121,B0FFI6MLJ3,餐饮服务,中餐厅,清真菜馆,
104.96259791074542,25.786176392491654,普田伊家人清真餐馆,普兴公路与文笔大道交叉口西40米,贵州省,黔西南布依族苗族自治州,,餐饮服务;中餐厅;清真菜馆,050121,B035B0MS6D,餐饮服务,中餐厅,清真菜馆,
104.96269452353766,25.786237183473062,壹家人餐馆,普兴公路与文笔大道交叉口西20米,贵州省,黔西南布依族苗族自治州,,餐饮服务;中餐厅;中餐厅,050100,B0JRBKJCFZ,餐饮服务,中餐厅,中餐厅,
104.96377912415113,25.787703304631933,蒸开心包子店,632县道与环城东路交叉口西南160米,贵州省,黔西南布依族苗族自治州,,餐饮服务;快餐厅;快餐厅,050300,B0JUZZB82F,餐饮服务,快餐厅,快餐厅,
104.96472626769565,25.788656436951502,普田老桂清真牛肉馆,环城东路14号,贵州省,黔西南布依族苗族自治州,,餐饮服务;中餐厅;清真菜馆,050121,B0K1CA767H,餐饮服务,中餐厅,清真菜馆,
105.1357166354778,25.795244361419915,金奖乡村农家乐,沙子镇沙子村二组,贵州省,黔西南布依族苗族自治州,,体育休闲服务;休闲场所;休闲场所|餐饮服务;中餐厅;中餐厅,080500|050100,B035B0MSTW,体育休闲服务,休闲场所,休闲场所|餐饮服务,中餐厅
104.96237274064121,25.787722922411696,郭记鱼号(普安店),营盘路170号,贵州省,黔西南布依族苗族自治州,,餐饮服务;餐饮相关场所;餐饮相关,050000,B0K09U2FK3,餐饮服务,餐饮相关场所,餐饮相关,
104.96729874295112,25.789407111438518,土灶屋(普安店),温泉大酒店门口,贵州省,黔西南布依族苗族自治州,,餐饮服务;中餐厅;中餐厅,050100,B0FFGB0Y9K,餐饮服务,中餐厅,中餐厅,
104.96276420819883,25.78712855643737,晨熙烧腊猪脚饭,盘水街道消防片区2-1-16号,贵州省,黔西南布依族苗族自治州,,餐饮服务;中餐厅;中餐厅,050100,B0KKPDC2LQ,餐饮服务,中餐厅,中餐厅,
104.96489659935513,25.788168690354965,一锅香,新县医院旁普天大道5-1-2,贵州省,黔西南布依族苗族自治州,,餐饮服务;中餐厅;中餐厅,050100,B0L6FRFODC,餐饮服务,中餐厅,中餐厅,
104.96418641719897,25.789335261508622,小马哥老牌清真干锅王,环城东路石灰窑加油站旁,贵州省,黔西南布依族苗族自治州,,餐饮服务;中餐厅;清真菜馆,050121,B0FFG78DZY,餐饮服务,中餐厅,清真菜馆,
104.96255297835175,25.788803132266786,普安县富源特色酸菜脆皮猪脚(暂停营业),阳光新城东南门东北80米,贵州省,黔西南布依族苗族自治州,,餐饮服务;中餐厅;火锅店,050117,B0FFLGQGYR,餐饮服务,中餐厅,火锅店,
104.97984688307652,25.79880180582968,生态柴火羊肉,聚缘全羊庄东北,贵州省,黔西南布依族苗族自治州,,餐饮服务;餐饮相关场所;餐饮相关,050000,B0FFK2FBU8,餐饮服务,餐饮相关场所,餐饮相关,
105.1434383434501,25.79485511314041,舒家辣子鸡,沙子镇中共沙子村支部委员会东北面,贵州省,黔西南布依族苗族自治州,,餐饮服务;中餐厅;中餐厅,050100,B0FFJEZQM0,餐饮服务,中餐厅,中餐厅,
104.95736622230329,25.787972459258192,塔斯汀中国汉堡(普安县南山路店),南山路77号,贵州省,黔西南布依族苗族自治州,,餐饮服务;快餐厅;快餐厅,050300,B0L31ZV1YJ,餐饮服务,快餐厅,快餐厅,
105.14464823367614,25.794293756160158,晴隆县沙子镇郑家辣子鸡,沙子镇沙子村,贵州省,黔西南布依族苗族自治州,,餐饮服务;中餐厅;中餐厅,050100,B035B002AI,餐饮服务,中餐厅,中餐厅,
105.1450505948507,25.792850525528777,肥姑食品聚福楼餐馆,沙子镇红绿灯往晴隆方向80米,贵州省,黔西南布依族苗族自治州,,餐饮服务;中餐厅;中餐厅,050100,B0FFL3C148,餐饮服务,中餐厅,中餐厅,
104.96294929644417,25.791230626073634,普田回味园牛肉馆,全友酒店向上50米(636县道),贵州省,黔西南布依族苗族自治州,,餐饮服务;中餐厅;清真菜馆,050121,B0FFJ3CTH2,餐饮服务,中餐厅,清真菜馆,
104.9616414710361,25.791663220156256,普安县湘满楼食府,普天大道19号,贵州省,黔西南布依族苗族自治州,,餐饮服务;中餐厅;湖南菜(湘菜),050108,B0FFG9FDJC,餐饮服务,中餐厅,湖南菜(湘菜),
105.14350839117094,25.79488624721678,关岭青椒鸡鱼王,沙子村三组好优多超市对面,贵州省,黔西南布依族苗族自治州,,餐饮服务;中餐厅;中餐厅,050100,B0FFK9LZVM,餐饮服务,中餐厅,中餐厅,
104.95711814962692,25.78837530290719,黔味食府,阳光路与南山路交叉口西北40米,贵州省,黔西南布依族苗族自治州,,餐饮服务;中餐厅;中餐厅,050100,B0FFI72OWX,餐饮服务,中餐厅,中餐厅,
105.14252671389039,25.794850627202322,乐馋鸭霸王,沙子镇乐馋鸭霸王,贵州省,黔西南布依族苗族自治州,,餐饮服务;中餐厅;中餐厅,050100,B0G149GAN9,餐饮服务,中餐厅,中餐厅,
104.95624848310929,25.787429785657327,鸭掌门鸭爪爪特色火锅店,盘水街道南山路2-133.34号,贵州省,黔西南布依族苗族自治州,,餐饮服务;中餐厅;火锅店,050117,B0I1TD8GXA,餐饮服务,中餐厅,火锅店,
104.9563172236085,25.78743262480974,豆香园贵阳特色豆米火锅野菜馆,南三路佳景苑2-13536,贵州省,黔西南布依族苗族自治州,,餐饮服务;中餐厅;火锅店,050117,B0I1DCPF6U,餐饮服务,中餐厅,火锅店,
104.95654137663894,25.78743309384336,猪八戒烤鱼,南山路,贵州省,黔西南布依族苗族自治州,,餐饮服务;中餐厅;海鲜酒楼,050119,B0FFH9G22O,餐饮服务,中餐厅,海鲜酒楼,
104.95743196331868,25.788171424660412,华莱士·全鸡汉堡(普安现代医院店),普安县体育场旁边好优多生活超市对面,贵州省,黔西南布依族苗族自治州,,餐饮服务;快餐厅;快餐厅,050300,B0JUFDKKN6,餐饮服务,快餐厅,快餐厅,
105.14284694285608,25.79463701296359,罗记清真牛肉馆,320国道与古镇南路交叉口东60米,贵州省,黔西南布依族苗族自治州,,餐饮服务;中餐厅;清真菜馆,050121,B035B0MSTU,餐饮服务,中餐厅,清真菜馆,
105.14477833639823,25.794122865554368,普田清真牛肉馆,"沙子镇红绿灯处,普田清真牛肉馆",贵州省,黔西南布依族苗族自治州,,餐饮服务;中餐厅;清真菜馆,050121,B0G1R72P5V,餐饮服务,中餐厅,清真菜馆,
104.95456278849149,25.787503772017004,清真园餐馆(南山路店),南山路,贵州省,黔西南布依族苗族自治州,,餐饮服务;中餐厅;火锅店|餐饮服务;中餐厅;清真菜馆,050117|050121,B0G1PRLKVR,餐饮服务,中餐厅,火锅店|餐饮服务,中餐厅
105.1443700507084,25.79389304544069,龙门鱼府(沪瑞线店),沙子镇收费站出口红绿灯右拐20米,贵州省,黔西南布依族苗族自治州,,餐饮服务;餐饮相关场所;餐饮相关,050000,B0FFK95VF1,餐饮服务,餐饮相关场所,餐饮相关,
104.95456278849149,25.787503772017004,清真园餐馆(南山路店),南山路,贵州省,黔西南布依族苗族自治州,,餐饮服务;中餐厅;火锅店|餐饮服务;中餐厅;清真菜馆,050117|050121,B0G1PRLKVR,餐饮服务,中餐厅,火锅店|餐饮服务,中餐厅
105.1443700507084,25.79389304544069,龙门鱼府(沪瑞线店),沙子镇收费站出口红绿灯右拐20米,贵州省,黔西南布依族苗族自治州,,餐饮服务;餐饮相关场所;餐饮相关,050000,B0FFK95VF1,餐饮服务,餐饮相关场所,餐饮相关,
104.95219554713199,25.78575807082017,东街辣子鸡,南山路与南大街交叉口西南140米,贵州省,黔西南布依族苗族自治州,,餐饮服务;中餐厅;中餐厅,050100,B0FFJ4PBW2,餐饮服务,中餐厅,中餐厅,
104.95529206692403,25.78761614787422,金州人家石锅鱼家常菜,南山路与营盘路交叉口西140米,贵州省,黔西南布依族苗族自治州,,餐饮服务;中餐厅;中餐厅,050100,B0FFG0QKSW,餐饮服务,中餐厅,中餐厅,
104.96247214152625,25.792543661295937,普安吴记脆皮猪脚,环城东路,贵州省,黔西南布依族苗族自治州,,餐饮服务;中餐厅;中餐厅,050100,B0G2Y5SJR8,餐饮服务,中餐厅,中餐厅,
104.95569156835306,25.78766924570889,刘大师鸭爪爪特色火锅(普安店),南山路,贵州省,黔西南布依族苗族自治州,,餐饮服务;中餐厅;火锅店,050117,B0I0GZ9OCC,餐饮服务,中餐厅,火锅店,
104.96055373991045,25.791892091746398,天元清真馆,普安大道与文笔大道交叉口西北220米,贵州省,黔西南布依族苗族自治州,,餐饮服务;中餐厅;中餐厅,050100,B0KR1LOZZ8,餐饮服务,中餐厅,中餐厅,
104.95511173991775,25.78762957656645,张记老字号清真馆,南山路鱼头王隔壁,贵州省,黔西南布依族苗族自治州,,餐饮服务;中餐厅;中餐厅,050100,B0FFI7Z4NM,餐饮服务,中餐厅,中餐厅,
104.9519831605591,25.789466839157924,CHAGEE霸王茶姬(东街店),西街88号,贵州省,黔西南布依族苗族自治州,,餐饮服务;冷饮店;冷饮店,050700,B0LRZL2IW6,餐饮服务,冷饮店,冷饮店,
104.96181277093021,25.792205124347813,馨隆脆皮猪脚,普天大道七星一街C-37号,贵州省,黔西南布依族苗族自治州,,餐饮服务;中餐厅;中餐厅,050100,B0H06DDGDL,餐饮服务,中餐厅,中餐厅,
104.95621657052007,25.788212345463965,盘县鹅肉粉,盘水镇肖家巷南湖二幼旁,贵州省,黔西南布依族苗族自治州,,餐饮服务;快餐厅;快餐厅,050300,B0GRDUJS4P,餐饮服务,快餐厅,快餐厅,
104.95637695931116,25.788353053137417,老字号羊肉粉馆,阳光路与云盘路交叉口东南20米,贵州省,黔西南布依族苗族自治州,,餐饮服务;中餐厅;中餐厅,050100,B0HU6940OK,餐饮服务,中餐厅,中餐厅,
104.96254784374939,25.792465419677008,兰香猪蹄豆米火锅,文笔大道与普天大道交叉口北150米,贵州省,黔西南布依族苗族自治州,,餐饮服务;中餐厅;火锅店,050117,B0FFJ4AR99,餐饮服务,中餐厅,火锅店,
104.95982261284436,25.791460638986734,柴火小院(普安店),文笔新苑8号楼,贵州省,黔西南布依族苗族自治州,,餐饮服务;中餐厅;综合酒楼,050101,B0FFKX8ACC,餐饮服务,中餐厅,综合酒楼,
104.95149096456964,25.788793512838687,古茗(普安金桥百汇店),西街82号,贵州省,黔西南布依族苗族自治州,,餐饮服务;冷饮店;冷饮店,050700,B0LR07OG0S,餐饮服务,冷饮店,冷饮店,
104.9495879218471,25.78452501466557,鼎丰长寿鱼坊,南湖街道东风路59号,贵州省,黔西南布依族苗族自治州,,餐饮服务;中餐厅;火锅店,050117,B0FFM9CQ2J,餐饮服务,中餐厅,火锅店,
104.96068919427022,25.79224397259097,桂记普田清真馆,盘水街道普安大酒店旁,贵州省,黔西南布依族苗族自治州,,餐饮服务;中餐厅;清真菜馆,050121,B0FFJWZPUF,餐饮服务,中餐厅,清真菜馆,
104.95587774762686,25.790554596860936,瑞幸咖啡(普安营盘路店),盘水街道营盘路营盘金座BC栋1-5号,贵州省,黔西南布依族苗族自治州,,餐饮服务;咖啡厅;咖啡厅,050500,B0K2XC8JJM,餐饮服务,咖啡厅,咖啡厅,
104.95510370646,25.789137529247274,老羊头羊肉粉(普安店),盘水镇普安二中旁边,贵州省,黔西南布依族苗族自治州,,餐饮服务;餐饮相关场所;餐饮相关,050000,B0FFI74PCU,餐饮服务,餐饮相关场所,餐饮相关,
104.95971201649037,25.792092305061466,赵楠小吃美食汇,盘水街道文笔新苑7号楼(移动公司对面),贵州省,黔西南布依族苗族自治州,,餐饮服务;中餐厅;中餐厅,050100,B0FFKNSK2D,餐饮服务,中餐厅,中餐厅,
105.15196516859454,25.792190034578194,湖滨酒家,320国道北侧,贵州省,黔西南布依族苗族自治州,,餐饮服务;中餐厅;中餐厅,050100,B0FFHYC6GX,餐饮服务,中餐厅,中餐厅,
104.95407951459288,25.789019823753563,爱荟记AIHUIJI(普安店),体育路与南大街交叉口东北134米,贵州省,黔西南布依族苗族自治州,,餐饮服务;糕饼店;糕饼店,050800,B0LAAK4SMQ,餐饮服务,糕饼店,糕饼店,
104.95190049462389,25.788628503337232,梁小糖(一店),南湖街道原百货公司1号(普天购书中心旁),贵州省,黔西南布依族苗族自治州,,餐饮服务;餐饮相关场所;餐饮相关,050000,B0GRBKBOGV,餐饮服务,餐饮相关场所,餐饮相关,
104.95371885179625,25.78885354625986,华莱士·全鸡汉堡(普安盘水店),盘水街道南中路17号,贵州省,黔西南布依族苗族自治州,,餐饮服务;快餐厅;快餐厅,050300,B0J06CQNRG,餐饮服务,快餐厅,快餐厅,
104.95995004139729,25.793239430536833,鑫兰农家乐,盘水街道普天大道信用联社后,贵州省,黔西南布依族苗族自治州,,体育休闲服务;休闲场所;休闲场所|餐饮服务;中餐厅;中餐厅,080500|050100,B0FFKO3C14,体育休闲服务,休闲场所,休闲场所|餐饮服务,中餐厅
104.95445609775616,25.7895632941848,山野村夫老火锅(普安店),盘水街道城市印象14栋3-2门面,贵州省,黔西南布依族苗族自治州,,餐饮服务;中餐厅;火锅店,050117,B0K01ZDAIC,餐饮服务,中餐厅,火锅店,
104.95592954414884,25.790761603513058,梁小糖(云盘路店),盘水街道营盘金座,贵州省,黔西南布依族苗族自治州,,餐饮服务;餐饮相关场所;餐饮相关,050000,B0HBTX40TZ,餐饮服务,餐饮相关场所,餐饮相关,
104.95365807589933,25.788843678841086,轻轻美味煎饼果子,南中路5号煎饼果子,贵州省,黔西南布依族苗族自治州,,餐饮服务;快餐厅;快餐厅,050300,B0K3ZLHCXI,餐饮服务,快餐厅,快餐厅,
104.94926597587546,25.786405863455524,柳英羊肉馆,西街40号,贵州省,黔西南布依族苗族自治州,,餐饮服务;中餐厅;中餐厅,050100,B035B0034M,餐饮服务,中餐厅,中餐厅,
104.95189746994852,25.789477036030434,库迪咖啡(普安盘水商场店),盘水街道盘水小区商城1层A区A1,贵州省,黔西南布依族苗族自治州,,餐饮服务;咖啡厅;咖啡厅,050500,B0LKKDN9E1,餐饮服务,咖啡厅,咖啡厅,
104.95445011862428,25.78959432722722,潘记砂锅小肠炖鸡,劳动街14栋2-1,贵州省,黔西南布依族苗族自治州,,餐饮服务;中餐厅;中餐厅,050100,B0LRUHDQEY,餐饮服务,中餐厅,中餐厅,
104.95014980519463,25.78762572055091,山桥氏(金桥百汇店),盘水街道金桥百汇2号楼2楼,贵州省,黔西南布依族苗族自治州,,餐饮服务;中餐厅;中餐厅,050100,B035B0MSSJ,餐饮服务,中餐厅,中餐厅,
104.95347773203751,25.78900619040501,兴仁小保家清真馆,营盘路9号,贵州省,黔西南布依族苗族自治州,,餐饮服务;中餐厅;清真菜馆,050121,B0LR07OGBM,餐饮服务,中餐厅,清真菜馆,
104.95084133437322,25.787835346831443,杭州小笼包店,县西街40号(普安县人民政府西南),贵州省,黔西南布依族苗族自治州,,餐饮服务;中餐厅;中餐厅,050100,B035B0MSS6,餐饮服务,中餐厅,中餐厅,
104.95446904217646,25.789743376021434,98烤鱼鲜货烧烤,盘水街道劳动城市印象城14栋3-8号,贵州省,黔西南布依族苗族自治州,,餐饮服务;中餐厅;特色/地方风味餐厅,050118,B0K0PHWVCT,餐饮服务,中餐厅,特色/地方风味餐厅,
104.95502492926337,25.790826760779336,米兰西饼生日蛋糕(普安县店),城市印象15栋1-4门面,贵州省,黔西南布依族苗族自治州,,餐饮服务;糕饼店;糕饼店,050800,B0L0YR7DEF,餐饮服务,糕饼店,糕饼店,
104.95377557583177,25.79044940660817,雪媚娘蛋糕坊,盘水街道城市印象2-2-19,贵州省,黔西南布依族苗族自治州,,餐饮服务;糕饼店;糕饼店,050800,B0H0HRCJZR,餐饮服务,糕饼店,糕饼店,
104.95313099274894,25.789258133481095,昭通一火香烧烤,体育路与南大街交叉口东北100米,贵州省,黔西南布依族苗族自治州,,餐饮服务;中餐厅;特色/地方风味餐厅,050118,B0KG2US8UR,餐饮服务,中餐厅,特色/地方风味餐厅,
104.94990669088786,25.787039882753685,赵肠旺面馆(金桥百汇店),县西街和东风路交汇处北30米路西,贵州省,黔西南布依族苗族自治州,,餐饮服务;中餐厅;中餐厅,050100,B0FFFY2OVW,餐饮服务,中餐厅,中餐厅,
104.94616471637462,25.785442704869464,富源羊肉馆(普安店),环城西路52号新一中旁,贵州省,黔西南布依族苗族自治州,,餐饮服务;中餐厅;中餐厅,050100,B035B0024B,餐饮服务,中餐厅,中餐厅,
104.95580890456367,25.792972262135333,叶记农家菜馆,盘水街道普天社区环城北路6号,贵州省,黔西南布依族苗族自治州,,餐饮服务;中餐厅;中餐厅|体育休闲服务;体育休闲服务场所;体育休闲服务场所,050100|080000,B0GD5A2QZI,餐饮服务,中餐厅,中餐厅|体育休闲服务,体育休闲服务场所
104.95267563853906,25.789662411508306,旧爱小吃屋,东街36号二楼,贵州省,黔西南布依族苗族自治州,,餐饮服务;中餐厅;中餐厅,050100,B0KDLAGRBA,餐饮服务,中餐厅,中餐厅,
104.95142319583294,25.789091847321632,肯堡王(金桥百汇店),金桥百汇,贵州省,黔西南布依族苗族自治州,,餐饮服务;快餐厅;快餐厅,050300,B0H2FZL8PQ,餐饮服务,快餐厅,快餐厅,
104.95423088234674,25.790745546754938,山野菌芝林(普安店),东街46号,贵州省,黔西南布依族苗族自治州,,餐饮服务;中餐厅;中餐厅,050100,B0L0THALKP,餐饮服务,中餐厅,中餐厅,
104.94955684074017,25.789076895214055,九三鸭霸王(卫星小区路店),南湖街道卫星小区1号,贵州省,黔西南布依族苗族自治州,,餐饮服务;餐饮相关场所;餐饮相关,050000,B0H1OSQHJJ,餐饮服务,餐饮相关场所,餐饮相关,
104.95096183588657,25.789447081719054,俊华糕点(金桥百汇店),金桥百汇西门东北190米,贵州省,黔西南布依族苗族自治州,,餐饮服务;糕饼店;糕饼店,050800,B035B0030F,餐饮服务,糕饼店,糕饼店,
104.95251022798034,25.789963970061166,豆逗鱼童装(普安店),普安县盘水小区公交站台后面,贵州省,黔西南布依族苗族自治州,,餐饮服务;中餐厅;中餐厅,050100,B0LUB5AEU4,餐饮服务,中餐厅,中餐厅,
104.95731615578475,25.794076371641346,保记清真馆(普天大道店),环城北路与普天大道交叉口东北80米,贵州省,黔西南布依族苗族自治州,,餐饮服务;中餐厅;清真菜馆,050121,B0FFG78F6V,餐饮服务,中餐厅,清真菜馆,
104.95641928866407,25.800478515757394,天然居食府,高兴移民社区,贵州省,黔西南布依族苗族自治州,,餐饮服务;中餐厅;中餐厅,050100,B0FFMGIYBJ,餐饮服务,中餐厅,中餐厅,
105.21040147103997,25.591067919889646,国美大山特色地摊火锅,马丹阳鼻腔护理中心北侧50米,贵州省,黔西南布依族苗族自治州,,餐饮服务;中餐厅;火锅店,050117,B0G0V5LRQD,餐饮服务,中餐厅,火锅店,
104.95641928866407,25.800478515757394,天然居食府,高兴移民社区,贵州省,黔西南布依族苗族自治州,,餐饮服务;中餐厅;中餐厅,050100,B0FFMGIYBJ,餐饮服务,中餐厅,中餐厅,
105.21040147103997,25.591067919889646,国美大山特色地摊火锅,马丹阳鼻腔护理中心北侧50米,贵州省,黔西南布依族苗族自治州,,餐饮服务;中餐厅;火锅店,050117,B0G0V5LRQD,餐饮服务,中餐厅,火锅店,
105.21059460594594,25.589500499819042,老兵清真馆(兴仁市下山镇店),下山镇街上十字路口,贵州省,黔西南布依族苗族自治州,,餐饮服务;中餐厅;清真菜馆,050121,B0GRXM86U3,餐饮服务,中餐厅,清真菜馆,
105.21174896004024,25.589529937981354,超群饼屋(沙兴南路店),下山镇超群饼屋,贵州省,黔西南布依族苗族自治州,,餐饮服务;糕饼店;糕饼店,050800,B0FFL2SL3J,餐饮服务,糕饼店,糕饼店,
105.21187798205878,25.58986223513255,牛肉粉之乡马文秀清真馆,下山镇人民政府对面,贵州省,黔西南布依族苗族自治州,,餐饮服务;中餐厅;清真菜馆,050121,B0GUJCQR4A,餐饮服务,中餐厅,清真菜馆,
104.99800191734978,25.51524194520928,杨记食品,夜郎大道与交通路交叉口东北260米,贵州省,黔西南布依族苗族自治州,,餐饮服务;糕饼店;糕饼店,050800,B0G141GJ6E,餐饮服务,糕饼店,糕饼店,
105.00056139516704,25.51375860896821,马记清真馆(青山中心卫生院北),下街社区青山市场,贵州省,黔西南布依族苗族自治州,,餐饮服务;中餐厅;清真菜馆,050121,B035B0MRF7,餐饮服务,中餐厅,清真菜馆,
105.00021097153845,25.513945742370883,台北蛋糕城(金叶街店),双龙中路与文化东路交叉口北380米,贵州省,黔西南布依族苗族自治州,,餐饮服务;餐饮相关场所;餐饮相关,050000,B0FFLHSJJQ,餐饮服务,餐饮相关场所,餐饮相关,
104.99377396416688,25.51562289328064,杨城铜锅羊肉馆,青山镇杨城铜锅羊肉馆,贵州省,黔西南布依族苗族自治州,,餐饮服务;中餐厅;中餐厅,050100,B0G141GBC4,餐饮服务,中餐厅,中餐厅,
105.00142153864887,25.51305875095395,马雨清真馆,青山镇原青山小学正斜对面,贵州省,黔西南布依族苗族自治州,,餐饮服务;中餐厅;清真菜馆,050121,B0FFJ180NN,餐饮服务,中餐厅,清真菜馆,
104.9963892438868,25.51427754029491,鸭爪爪,广源机动车检测有限责任公司东侧180米,贵州省,黔西南布依族苗族自治州,,餐饮服务;中餐厅;中餐厅,050100,B0HB2AWTP1,餐饮服务,中餐厅,中餐厅,
105.23655174208122,25.64818591699999,超群饼屋,安谷乡避风塘对面,贵州省,黔西南布依族苗族自治州,,餐饮服务;糕饼店;糕饼店,050800,B0H6G6VGFV,餐饮服务,糕饼店,糕饼店,
104.99637236817485,25.51315822342777,周记鸭爪爪特色火锅,夜郎大道39号,贵州省,黔西南布依族苗族自治州,,餐饮服务;中餐厅;火锅店,050117,B0I33RZ9HV,餐饮服务,中餐厅,火锅店,
104.99631261287341,25.513718587554482,山桥氏(夜郎大道店),青山镇百合小区旁,贵州省,黔西南布依族苗族自治州,,餐饮服务;快餐厅;快餐厅,050300,B0H3SHJFQT,餐饮服务,快餐厅,快餐厅,
105.23677760594431,25.64811296625762,张记清真牛肉馆,安谷乡街上三岔路口,贵州省,黔西南布依族苗族自治州,,餐饮服务;中餐厅;中餐厅,050100,B0HK09OIS3,餐饮服务,中餐厅,中餐厅,
105.00084421778196,25.511428982182778,蜜雪冰城(青山镇店),青山镇文化东路7号,贵州省,黔西南布依族苗族自治州,,餐饮服务;冷饮店;冷饮店,050700,B0K1CUN6PH,餐饮服务,冷饮店,冷饮店,
104.99805284162267,25.511654611032426,郭记鱼号(青山店),夜郎大道与文化东路交叉口西北200米,贵州省,黔西南布依族苗族自治州,,餐饮服务;中餐厅;中餐厅,050100,B0K2CC4567,餐饮服务,中餐厅,中餐厅,
104.99815540873489,25.510912053736394,功夫排骨(夜郎大道店),四十米大道中段,贵州省,黔西南布依族苗族自治州,,餐饮服务;中餐厅;中餐厅,050100,B0FFKSP11N,餐饮服务,中餐厅,中餐厅,
105.1660777789838,25.806313895298292,祥兴饭店,320国道北50米,贵州省,黔西南布依族苗族自治州,,餐饮服务;中餐厅;综合酒楼,050101,B035B002BW,餐饮服务,中餐厅,综合酒楼,
104.99980199528804,25.509933684937668,张马伊兰阁,夜郎大道与文化东路交叉口东南60米,贵州省,黔西南布依族苗族自治州,,餐饮服务;餐饮相关场所;餐饮相关,050000,B0FFLJ2ERB,餐饮服务,餐饮相关场所,餐饮相关,
105.0023774634411,25.507527040732352,重庆麻辣鱼,青山镇搭石桥红绿灯路口,贵州省,黔西南布依族苗族自治州,,餐饮服务;中餐厅;四川菜(川菜),050102,B0FFJUO1MW,餐饮服务,中餐厅,四川菜(川菜),
105.08051278947163,25.851614015452938,玛丽莲蛋糕店,高棉乡高棉中学门口桥下面生日蛋糕奶茶慕斯蛋糕,贵州省,黔西南布依族苗族自治州,,餐饮服务;甜品店;甜品店,050900,B0HR0AU2MJ,餐饮服务,甜品店,甜品店,
105.079779133854,25.85245206137126,忆尚烤鱼,高棉乡街上,贵州省,黔西南布依族苗族自治州,,餐饮服务;中餐厅;中餐厅,050100,B0G2S5J9GP,餐饮服务,中餐厅,中餐厅,
105.25169033402894,25.61471861473252,王红餐馆,紫马乡,贵州省,黔西南布依族苗族自治州,,餐饮服务;中餐厅;中餐厅,050100,B0FFH55W6K,餐饮服务,中餐厅,中餐厅,
105.25519220179179,25.714112951634803,战马安宝餐馆,安谷乡战马村,贵州省,黔西南布依族苗族自治州,,餐饮服务;中餐厅;中餐厅,050100,B0H3THEJQ2,餐饮服务,中餐厅,中餐厅,
105.03980636336257,25.34217830002631,王记清真馆,兴仁西北环线与鲁府路交叉口西北60米,贵州省,黔西南布依族苗族自治州,,餐饮服务;中餐厅;清真菜馆,050121,B0LKRC6D9O,餐饮服务,中餐厅,清真菜馆,
105.04155702201547,25.340199055243087,农家小厨(兴仁西北环线店),鲁础营村,贵州省,黔西南布依族苗族自治州,,餐饮服务;中餐厅;中餐厅,050100,B0H2J5UO0E,餐饮服务,中餐厅,中餐厅,
105.04129995654063,25.340255644802326,超群饼屋(鲁础营店),营塘路,贵州省,黔西南布依族苗族自治州,,餐饮服务;糕饼店;糕饼店,050800,B0J3HUNJPX,餐饮服务,糕饼店,糕饼店,
105.04174931490648,25.340373640777397,大拇指烧仙草,兴仁西北环线与海鲁路交叉口东北20米,贵州省,黔西南布依族苗族自治州,,餐饮服务;冷饮店;冷饮店,050700,B0M6LH5CMH,餐饮服务,冷饮店,冷饮店,
105.04197751094237,25.339831063902196,陈记糕点,兴仁西北环线与海鲁路交叉口东南60米,贵州省,黔西南布依族苗族自治州,,餐饮服务;糕饼店;糕饼店,050800,B0JRG4Q1KB,餐饮服务,糕饼店,糕饼店,
105.04419763383899,25.33810295651049,李记餐馆,兴仁西北环线与海鲁路交叉口东南360米,贵州省,黔西南布依族苗族自治州,,餐饮服务;中餐厅;中餐厅,050100,B0HA2RR5TU,餐饮服务,中餐厅,中餐厅,
105.04285839851379,25.338349926126117,特色鸭霸王店,兴仁西北环线与海鲁路交叉口东南260米,贵州省,黔西南布依族苗族自治州,,餐饮服务;餐饮相关场所;餐饮相关,050000,B0HUVD2HD5,餐饮服务,餐饮相关场所,餐饮相关,
105.0976022386635,25.351202366634883,杨记清真馆,309省道与关兴公路交汇处,贵州省,黔西南布依族苗族自治州,,餐饮服务;中餐厅;清真菜馆,050121,B0FFI72RBN,餐饮服务,中餐厅,清真菜馆,
105.09662030022335,25.35018815186246,杨礼勇清真馆,市雨樟镇商业街农商行侧面20米,贵州省,黔西南布依族苗族自治州,,餐饮服务;中餐厅;清真菜馆|住宿服务;住宿服务相关;住宿服务相关,050121|100000,B0FFJ61L0V,餐饮服务,中餐厅,清真菜馆|住宿服务,住宿服务相关
105.09745839752037,25.35091631485474,汉乐食尚中餐馆,雨樟镇雨樟村雨樟一组商业街,贵州省,黔西南布依族苗族自治州,,餐饮服务;中餐厅;中餐厅,050100,B0HDBHH7KU,餐饮服务,中餐厅,中餐厅,
105.09940936017298,25.354082007120258,大众餐馆(Y495店),雨樟镇雨樟村雨樟二组103号,贵州省,黔西南布依族苗族自治州,,餐饮服务;中餐厅;中餐厅,050100,B0G1BM93NZ,餐饮服务,中餐厅,中餐厅,
105.09897878926127,25.35348985317164,竹雅阁餐馆,309省道与G7612纳兴高速入口交叉口东北160米,贵州省,黔西南布依族苗族自治州,,餐饮服务;中餐厅;中餐厅,050100,B0HBNPVT4P,餐饮服务,中餐厅,中餐厅,
105.09988090852973,25.35455216169796,云静饭店,309省道与兴雨路交叉口西南120米,贵州省,黔西南布依族苗族自治州,,餐饮服务;中餐厅;中餐厅,050100,B0HKMRB1N4,餐饮服务,中餐厅,中餐厅,
105.10045637545387,25.355043352603158,杨连刚清真馆,309省道与兴雨路交叉口西40米,贵州省,黔西南布依族苗族自治州,,餐饮服务;中餐厅;中餐厅,050100,B0HKMRDT5M,餐饮服务,中餐厅,中餐厅,
105.09825959761477,25.350924411348657,王记美好金鹏便饭馆,雨樟镇农贸市场40区,贵州省,黔西南布依族苗族自治州,,餐饮服务;中餐厅;中餐厅,050100,B0FFL7USZJ,餐饮服务,中餐厅,中餐厅,
105.10211193343426,25.356363969506557,彼德仔蛋糕,雨府路与兴雨路交叉口东20米,贵州省,黔西南布依族苗族自治州,,餐饮服务;糕饼店;糕饼店,050800,B0FFM5RKBF,餐饮服务,糕饼店,糕饼店,
105.10199303220539,25.356279922716663,伊味张记清真馆,兴雨路与雨府路交叉口南20米,贵州省,黔西南布依族苗族自治州,,餐饮服务;中餐厅;清真菜馆,050121,B0FFM71LUB,餐饮服务,中餐厅,清真菜馆,
105.10203100163322,25.356283934525155,杨记素粉(雨府路店),雨樟一组,贵州省,黔西南布依族苗族自治州,,餐饮服务;中餐厅;中餐厅,050100,B0I177U0QA,餐饮服务,中餐厅,中餐厅,
105.1025226161762,25.356242080299733,桂记清真馆(雨府路店),雨府路与兴雨路交叉口东60米,贵州省,黔西南布依族苗族自治州,,餐饮服务;中餐厅;清真菜馆,050121,B0FFKW1IID,餐饮服务,中餐厅,清真菜馆,
105.10030165931195,25.351794891789563,饶宇烤鱼店,雨樟小学南侧250米,贵州省,黔西南布依族苗族自治州,,餐饮服务;中餐厅;中餐厅,050100,B0FFLHETRX,餐饮服务,中餐厅,中餐厅,
105.09961030680742,25.351202670724483,雅阁鱼号,雨樟镇雅阁鱼号,贵州省,黔西南布依族苗族自治州,,餐饮服务;中餐厅;中餐厅,050100,B0KRTAT1FU,餐饮服务,中餐厅,中餐厅,
105.09999394645277,25.35149278585999,凤媛特色烤鱼,雨樟镇,贵州省,黔西南布依族苗族自治州,,餐饮服务;中餐厅;综合酒楼,050101,B0I2R5TAB6,餐饮服务,中餐厅,综合酒楼,
105.10249465232162,25.35592602902276,九九鸭霸王(南环线店),雨府路与兴雨路交叉口东南80米,贵州省,黔西南布依族苗族自治州,,餐饮服务;中餐厅;中餐厅,050100,B0FFKW1IKA,餐饮服务,中餐厅,中餐厅,
105.10265153731017,25.35578506042156,雨樟大琴餐馆,雨府路与兴雨路交叉口东南100米,贵州省,黔西南布依族苗族自治州,,餐饮服务;中餐厅;中餐厅,050100,B0HKMRB1L7,餐饮服务,中餐厅,中餐厅,
105.10126980168107,25.352383204994513,马艳清真馆,关兴公路北侧,贵州省,黔西南布依族苗族自治州,,餐饮服务;中餐厅;清真菜馆,050121,B0GR4PHTML,餐饮服务,中餐厅,清真菜馆,
105.10374375296436,25.355142353222632,美味鸭霸王,市雨樟镇,贵州省,黔西南布依族苗族自治州,,餐饮服务;休闲餐饮场所;休闲餐饮场所,050400,B0L0PL167O,餐饮服务,休闲餐饮场所,休闲餐饮场所,
105.1042324150127,25.354963514918335,避风塘(雨府路店),义龙新区雨樟中学东北,贵州省,黔西南布依族苗族自治州,,餐饮服务;中餐厅;特色/地方风味餐厅,050118,B0GR4PH6T8,餐饮服务,中餐厅,特色/地方风味餐厅,
105.10500982315142,25.35636501767127,金龙烤鱼,雨府路与兴雨路交叉口东300米,贵州省,黔西南布依族苗族自治州,,餐饮服务;中餐厅;中餐厅,050100,B0HGSL6BY4,餐饮服务,中餐厅,中餐厅,
105.10371078255454,25.355014324044163,柠檬茶语(南环线店),雨府路与兴雨路交叉口东南240米,贵州省,黔西南布依族苗族自治州,,餐饮服务;冷饮店;冷饮店,050700,B0M63U99Y0,餐饮服务,冷饮店,冷饮店,
105.10448821833378,25.355399674001173,薛记烙锅店,雨樟镇雨樟村1组派出所对面,贵州省,黔西南布依族苗族自治州,,餐饮服务;中餐厅;中餐厅,050100,B0GR4PIO4O,餐饮服务,中餐厅,中餐厅,
105.14225729912565,25.342643607599616,交乐小兴地摊火锅,隆万庄稼农资西侧240米,贵州省,黔西南布依族苗族自治州,,餐饮服务;中餐厅;中餐厅,050100,B0LKH1RVI6,餐饮服务,中餐厅,中餐厅,
105.14391048344422,25.341701190752882,张记清真馆,贵州省黔西南布依族苗族自治州兴仁市496乡道,贵州省,黔西南布依族苗族自治州,,餐饮服务;中餐厅;中餐厅,050100,B0H63A98AX,餐饮服务,中餐厅,中餐厅,
105.14424772920152,25.341580732809103,重庆特色烤鱼,496乡道,贵州省,黔西南布依族苗族自治州,,餐饮服务;中餐厅;特色/地方风味餐厅,050118,B0L1AKH598,餐饮服务,中餐厅,特色/地方风味餐厅,
105.1444348699957,25.341440025885667,香黔士(交乐分店),兴仁市布依族苗族自治区兴仁市雨樟镇交乐村上街一组,贵州省,黔西南布依族苗族自治州,,餐饮服务;餐饮相关场所;餐饮相关,050000,B0G2FY1K62,餐饮服务,餐饮相关场所,餐饮相关,
105.14489019704253,25.341506789656897,义龙新区郑周虎超群饼屋店,雨樟镇交乐街上,贵州省,黔西南布依族苗族自治州,,餐饮服务;糕饼店;糕饼店,050800,B0KDZCLKP1,餐饮服务,糕饼店,糕饼店,
105.14499925442931,25.34199702888695,保记清真园,496乡道保记清真园,贵州省,黔西南布依族苗族自治州,,餐饮服务;中餐厅;清真菜馆,050121,B0L3Y9JRB3,餐饮服务,中餐厅,清真菜馆,
105.1449672337344,25.341936968463326,邵记烧烤,交乐村,贵州省,黔西南布依族苗族自治州,,餐饮服务;中餐厅;特色/地方风味餐厅,050118,B0M63672PP,餐饮服务,中餐厅,特色/地方风味餐厅,
105.14540158152293,25.34131862120647,文艳现蒸剪粉店,雨樟镇交乐街上,贵州省,黔西南布依族苗族自治州,,餐饮服务;中餐厅;中餐厅,050100,B0M6S73XB1,餐饮服务,中餐厅,中餐厅,
105.14577586692067,25.34116823137647,羊肉粉,雨樟镇交乐村卫生室东南侧100米,贵州省,黔西南布依族苗族自治州,,餐饮服务;餐饮相关场所;餐饮相关,050000,B0MG6NHEV8,餐饮服务,餐饮相关场所,餐饮相关,
104.92810036613294,25.35481665134995,小堵汆,[],贵州省,黔西南布依族苗族自治州,,餐饮服务;中餐厅;中餐厅,050100,B0L1DCUE5M,餐饮服务,中餐厅,中餐厅,
104.92660436873096,25.34921780185721,小堵汆,[],贵州省,黔西南布依族苗族自治州,,餐饮服务;中餐厅;中餐厅,050100,B0L0H7R5YH,餐饮服务,中餐厅,中餐厅,
104.9285497842898,25.34071431949633,磨舍村(黔西南布依族苗族自治州普安县),磨舍村退役军人服务站北侧370米,贵州省,黔西南布依族苗族自治州,,餐饮服务;中餐厅;中餐厅,050100,B0LUVDE9C6,餐饮服务,中餐厅,中餐厅,
105.19374898700632,25.419906059591852,兴仁市刨锅人家,城南街道办事处洛渭屯居委会长田埂组,贵州省,黔西南布依族苗族自治州,,餐饮服务;中餐厅;中餐厅,050100,B0I22A7X6R,餐饮服务,中餐厅,中餐厅,
105.20129313098771,25.418004544052586,南寻·Cafe,农机路931号,贵州省,黔西南布依族苗族自治州,,餐饮服务;咖啡厅;咖啡厅,050500,B0KR3L397E,餐饮服务,咖啡厅,咖啡厅,
105.20147037615314,25.41486716000092,兴仁市牡丹园,国营农场,贵州省,黔西南布依族苗族自治州,,餐饮服务;中餐厅;中餐厅,050100,B0GD1ZM21J,餐饮服务,中餐厅,中餐厅,
105.20562361077641,25.413699898377995,鹿鼎莊苑,薏品田园街道办事处洛渭屯村洛1组,贵州省,黔西南布依族苗族自治州,,餐饮服务;餐饮相关场所;餐饮相关,050000,B0IDMUWJO1,餐饮服务,餐饮相关场所,餐饮相关,
105.21536560765121,25.417744938707383,俗宴四季农家,杨泗屯居委会上一组,贵州省,黔西南布依族苗族自治州,,餐饮服务;餐饮相关场所;餐饮相关,050000,B0FFKF0CO5,餐饮服务,餐饮相关场所,餐饮相关,
105.21210381552929,25.418881391112468,渔夫船上烤鱼,警务室西侧70米,贵州省,黔西南布依族苗族自治州,,餐饮服务;中餐厅;中餐厅,050100,B0H2MS2LCC,餐饮服务,中餐厅,中餐厅,
105.21256392918204,25.41913299700165,杜记餐饮,薏品田园社区居民委员会南侧60米,贵州省,黔西南布依族苗族自治州,,餐饮服务;中餐厅;中餐厅,050100,B0J0MMP2DR,餐饮服务,中餐厅,中餐厅,
104.88967611913986,25.379776716274264,绝味鸭脖,632县道与509乡道交叉口西南40米,贵州省,黔西南布依族苗族自治州,,餐饮服务;餐饮相关场所;餐饮相关,050000,B0L2X7Y7XK,餐饮服务,餐饮相关场所,餐饮相关,
105.21261593328796,25.419345103684932,意品园清真馆,薏品田园西南侧220米,贵州省,黔西南布依族苗族自治州,,餐饮服务;中餐厅;中餐厅,050100,B0MBFS4HBZ,餐饮服务,中餐厅,中餐厅,
104.89028567911706,25.380351055585297,丁记清真馆,632县道与509乡道交叉口东北60米,贵州省,黔西南布依族苗族自治州,,餐饮服务;中餐厅;中餐厅,050100,B0H0XC3TU1,餐饮服务,中餐厅,中餐厅,
104.89025070639225,25.380279030172236,阿飞烤鱼,632县道与509乡道交叉口东北40米,贵州省,黔西南布依族苗族自治州,,餐饮服务;中餐厅;中餐厅,050100,B0JBMUYFDI,餐饮服务,中餐厅,中餐厅,
104.88993393202713,25.38009687414575,贺卫小吃店,632县道与509乡道交叉口北20米,贵州省,黔西南布依族苗族自治州,,餐饮服务;中餐厅;中餐厅,050100,B0KU4HPHJX,餐饮服务,中餐厅,中餐厅,
104.88946824914332,25.379983662365714,客来香羊肉粉馆,509乡道与632县道交叉口西40米,贵州省,黔西南布依族苗族自治州,,餐饮服务;中餐厅;中餐厅,050100,B0FFLI46N0,餐饮服务,中餐厅,中餐厅,
104.88977704558448,25.379918781100773,友谊清真餐馆,509乡道与632县道交叉口西南20米,贵州省,黔西南布依族苗族自治州,,餐饮服务;中餐厅;清真菜馆,050121,B0FFLI46EV,餐饮服务,中餐厅,清真菜馆,
104.88953920384219,25.379941685607456,兴仁地摊火锅,509乡道与632县道交叉口西40米,贵州省,黔西南布依族苗族自治州,,餐饮服务;中餐厅;中餐厅,050100,B0HKMUA0AF,餐饮服务,中餐厅,中餐厅,
104.88922240830334,25.380029564098983,菜菜家烙锅,楼下镇楼下社区政府路11号,贵州省,黔西南布依族苗族自治州,,餐饮服务;外国餐厅;外国餐厅,050200,B0LK9LBJF8,餐饮服务,外国餐厅,外国餐厅,
104.89001087581103,25.380186919859533,大山地摊火锅,632县道与509乡道交叉口北20米,贵州省,黔西南布依族苗族自治州,,餐饮服务;中餐厅;火锅店,050117,B0L1BGYCAR,餐饮服务,中餐厅,火锅店,
104.88951121058338,25.38023672165863,姐妹片片鱼,509乡道与632县道交叉口西北60米,贵州省,黔西南布依族苗族自治州,,餐饮服务;中餐厅;中餐厅,050100,B0LRKXJPBX,餐饮服务,中餐厅,中餐厅,
104.88941129258257,25.379836614263183,聚源餐馆,509乡道与632县道交叉口西60米,贵州省,黔西南布依族苗族自治州,,餐饮服务;中餐厅;中餐厅,050100,B0L1DCU65T,餐饮服务,中餐厅,中餐厅,
104.8888006694051,25.38024541200914,罗记小吃店,509乡道与632县道交叉口西120米,贵州省,黔西南布依族苗族自治州,,餐饮服务;中餐厅;中餐厅,050100,B0I2R5UJ7R,餐饮服务,中餐厅,中餐厅,
104.88946128167775,25.379286546649872,小张烤鱼,632县道与509乡道交叉口西南100米,贵州省,黔西南布依族苗族自治州,,餐饮服务;中餐厅;特色/地方风味餐厅,050118,B0L12LUCZ7,餐饮服务,中餐厅,特色/地方风味餐厅,
104.88857781616288,25.380058279797648,保记清真馆,509乡道与632县道交叉口西140米,贵州省,黔西南布依族苗族自治州,,餐饮服务;中餐厅;清真菜馆,050121,B0GRPRKYAS,餐饮服务,中餐厅,清真菜馆,
104.88849685125277,25.380431302907652,玥妈炸洋芋,玥妈炸洋芋楼下镇楼下社区政府路21号,贵州省,黔西南布依族苗族自治州,,餐饮服务;餐饮相关场所;餐饮相关,050000,B0L1TH3F9L,餐饮服务,餐饮相关场所,餐饮相关,
104.88752636222421,25.382069100733617,老兵小吃城,509乡道与632县道交叉口西北340米,贵州省,黔西南布依族苗族自治州,,餐饮服务;中餐厅;中餐厅,050100,B0FFLJBQEJ,餐饮服务,中餐厅,中餐厅,
104.888386909623,25.380658288522664,碳烤肥牛,509乡道与632县道交叉口西北200米,贵州省,黔西南布依族苗族自治州,,餐饮服务;中餐厅;特色/地方风味餐厅,050118,B0G1N541IC,餐饮服务,中餐厅,特色/地方风味餐厅,
104.88806709073782,25.38095818528157,留一手烤鱼,509乡道与632县道交叉口西北220米,贵州省,黔西南布依族苗族自治州,,餐饮服务;餐饮相关场所;餐饮相关,050000,B0K0M1RDMV,餐饮服务,餐饮相关场所,餐饮相关,
104.886813750559,25.382267763862153,超群饼屋,楼下镇,贵州省,黔西南布依族苗族自治州,,餐饮服务;糕饼店;糕饼店,050800,B0FFLHWP5W,餐饮服务,糕饼店,糕饼店,
104.88729650200862,25.381832944897777,茶一扉,509乡道与632县道交叉口西北340米,贵州省,黔西南布依族苗族自治州,,餐饮服务;冷饮店;冷饮店,050700,B0I21HMNX2,餐饮服务,冷饮店,冷饮店,
104.88608015574094,25.381743275696124,许个愿吧·CAKE,邮政银行旁边许个愿吧蛋糕店,贵州省,黔西南布依族苗族自治州,,餐饮服务;糕饼店;糕饼店,050800,B0KRJRCA2K,餐饮服务,糕饼店,糕饼店,
104.8875683578671,25.381577040991825,十万人家,509乡道与632县道交叉口西北300米,贵州省,黔西南布依族苗族自治州,,餐饮服务;中餐厅;中餐厅|商务住宅;商务住宅相关;商务住宅相关,050100|120000,B0FFG0NG2F,餐饮服务,中餐厅,中餐厅|商务住宅,商务住宅相关
104.88639700769288,25.381370390726932,小蒋卤货,楼下镇楼下社区老中学路28号,贵州省,黔西南布依族苗族自治州,,餐饮服务;餐饮相关场所;餐饮相关,050000,B0M6ZC2EXN,餐饮服务,餐饮相关场所,餐饮相关,
104.88644595455662,25.382058530615552,鲜饮快车茶饮·生活馆,楼下镇中心卫生院东北侧180米,贵州省,黔西南布依族苗族自治州,,餐饮服务;冷饮店;冷饮店,050700,B0FFLI47IS,餐饮服务,冷饮店,冷饮店,
104.88568639651804,25.380632869447457,园林餐馆,509乡道与632县道交叉口西440米,贵州省,黔西南布依族苗族自治州,,餐饮服务;中餐厅;中餐厅,050100,B0FFF4U98X,餐饮服务,中餐厅,中餐厅,
104.88627613692523,25.3797090534513,伊味清真馆,509乡道与632县道交叉口西380米,贵州省,黔西南布依族苗族自治州,,餐饮服务;中餐厅;清真菜馆,050121,B0HRSOT9UI,餐饮服务,中餐厅,清真菜馆,
104.88628204407566,25.381951422655405,安龙姐妹剪粉,楼下镇中心卫生院东北侧160米,贵州省,黔西南布依族苗族自治州,,餐饮服务;餐饮相关场所;餐饮相关,050000,B0GUVYVQA9,餐饮服务,餐饮相关场所,餐饮相关,
104.88661288146254,25.38168556017019,黔兴羊肉粉,楼下镇中心卫生院东北侧160米,贵州省,黔西南布依族苗族自治州,,餐饮服务;中餐厅;中餐厅,050100,B0L2ZR4K5Y,餐饮服务,中餐厅,中餐厅,
104.88569930868617,25.382668211062924,珠多福老红糖珍珠鲜奶茶,楼下镇楼下社区平街25号,贵州省,黔西南布依族苗族自治州,,餐饮服务;中餐厅;中餐厅,050100,B0K30HUZUL,餐饮服务,中餐厅,中餐厅,
104.88731253894389,25.380685765335084,长寿鱼庄,509乡道与632县道交叉口西280米,贵州省,黔西南布依族苗族自治州,,餐饮服务;中餐厅;中餐厅,050100,B0LKZOGFQA,餐饮服务,中餐厅,中餐厅,
104.88599017165366,25.38248134650475,夜猫子,509乡道北侧,贵州省,黔西南布依族苗族自治州,,餐饮服务;中餐厅;中餐厅,050100,B0H3J54EFJ,餐饮服务,中餐厅,中餐厅,
104.88570244523957,25.379219649630926,桂记清真馆,509乡道与632县道交叉口西440米,贵州省,黔西南布依族苗族自治州,,餐饮服务;中餐厅;清真菜馆,050121,B0FFLHWONE,餐饮服务,中餐厅,清真菜馆,
104.8855103815636,25.383142179751122,张记清真馆,楼下镇中心卫生院北侧260米,贵州省,黔西南布依族苗族自治州,,餐饮服务;中餐厅;清真菜馆,050121,B0H6FK05B1,餐饮服务,中餐厅,清真菜馆,
104.88591326814642,25.38103506522586,重庆小面,509乡道与632县道交叉口西420米,贵州省,黔西南布依族苗族自治州,,餐饮服务;中餐厅;中餐厅,050100,B0MBK4PKF7,餐饮服务,中餐厅,中餐厅,
104.88271890025504,25.374545010406457,桥边小院,楼下镇楼下社区洞口组87号楼下大桥旁,贵州省,黔西南布依族苗族自治州,,餐饮服务;中餐厅;中餐厅,050100,B0MBPS112A,餐饮服务,中餐厅,中餐厅,
104.88649193611882,25.381916532392577,贞丰糯米饭,509乡道与632县道交叉口西北400米,贵州省,黔西南布依族苗族自治州,,餐饮服务;中餐厅;中餐厅,050100,B0L3ASRLRU,餐饮服务,中餐厅,中餐厅,
104.88531364802535,25.378834360044483,布依农家餐馆,509乡道与632县道交叉口西480米,贵州省,黔西南布依族苗族自治州,,餐饮服务;中餐厅;中餐厅|体育休闲服务;休闲场所;休闲场所,050100|080500,B0MBCRO73B,餐饮服务,中餐厅,中餐厅|体育休闲服务,休闲场所
104.88627314123457,25.379640040623293,清真地摊火锅,509乡道与632县道交叉口西380米,贵州省,黔西南布依族苗族自治州,,餐饮服务;中餐厅;中餐厅,050100,B0LKTUWEQ8,餐饮服务,中餐厅,中餐厅,
104.8838672265305,25.380334703693855,普安县楼下镇盘县砂锅狗肉馆,楼下镇,贵州省,黔西南布依族苗族自治州,,餐饮服务;中餐厅;中餐厅,050100,B0HUAA01C3,餐饮服务,中餐厅,中餐厅,
104.88564033336613,25.382772194132617,老孙清真馆,楼下镇中心卫生院北侧220米,贵州省,黔西南布依族苗族自治州,,餐饮服务;中餐厅;清真菜馆,050121,B0L69YGPN4,餐饮服务,中餐厅,清真菜馆,
104.88551353050956,25.379384566428886,张记地摊火锅,509乡道与632县道交叉口西460米,贵州省,黔西南布依族苗族自治州,,餐饮服务;中餐厅;火锅店,050117,B0L0DNLMFR,餐饮服务,中餐厅,火锅店,
104.88526462784579,25.37991650563716,喜回鲜,509乡道与632县道交叉口西480米,贵州省,黔西南布依族苗族自治州,,餐饮服务;中餐厅;中餐厅,050100,B0KGRDD4CW,餐饮服务,中餐厅,中餐厅,
104.88524362719862,25.380179535812243,水城黑山羊肉馆,509乡道与632县道交叉口西480米,贵州省,黔西南布依族苗族自治州,,餐饮服务;中餐厅;中餐厅,050100,B0L0JXH19X,餐饮服务,中餐厅,中餐厅,
104.88231507071345,25.373831616058123,张青清真馆,251县道与632县道交叉口西北60米,贵州省,六盘水市,,餐饮服务;中餐厅;清真菜馆,050121,B0KRKD4UGT,餐饮服务,中餐厅,清真菜馆,
104.88236505352667,25.373831651504677,小卢家常炒菜,251县道与632县道交叉口西北60米,贵州省,六盘水市,,餐饮服务;中餐厅;中餐厅,050100,B0LDMR4L02,餐饮服务,中餐厅,中餐厅,
105.22851594248164,25.416400464126237,安和社区山喜·云礼,城南街道安和社区农工厂二期,贵州省,黔西南布依族苗族自治州,,餐饮服务;餐饮相关场所;餐饮相关,050000,B0K6267Q4K,餐饮服务,餐饮相关场所,餐饮相关,
105.2412618013476,25.420368918184064,龙泉山庄餐饮店,城南街道办事处田坝社区新寨组龙泉山庄,贵州省,黔西南布依族苗族自治州,,餐饮服务;中餐厅;中餐厅,050100,B0JKGS21Y9,餐饮服务,中餐厅,中餐厅,
105.23990985068646,25.420306594644572,老北京烤鸭,龍泉山莊餐饮店西侧130米,贵州省,黔西南布依族苗族自治州,,餐饮服务;餐饮相关场所;餐饮相关,050000,B0LDPR30KY,餐饮服务,餐饮相关场所,餐饮相关,
104.8635917359257,25.419752520571087,成都风吹排骨,楼下镇糯东村糯东煤矿,贵州省,黔西南布依族苗族自治州,,餐饮服务;餐饮相关场所;餐饮相关,050000,B0LA4LBKTF,餐饮服务,餐饮相关场所,餐饮相关,
104.86266238610355,25.419769267487585,河南烩面馆,公平超市西侧110米,贵州省,黔西南布依族苗族自治州,,餐饮服务;中餐厅;中餐厅,050100,B0MBD6F5JL,餐饮服务,中餐厅,中餐厅,
104.86266238610355,25.419769267487585,河南烩面馆,公平超市西侧110米,贵州省,黔西南布依族苗族自治州,,餐饮服务;中餐厅;中餐厅,050100,B0MBD6F5JL,餐饮服务,中餐厅,中餐厅,
104.86441300401616,25.420194704109992,乡村农家餐馆,公平超市东侧70米,贵州省,黔西南布依族苗族自治州,,餐饮服务;中餐厅;中餐厅,050100,B0L0Z6DITL,餐饮服务,中餐厅,中餐厅,
104.86386281789089,25.420120960289754,二姐卤肉店,公平超市东南侧,贵州省,黔西南布依族苗族自治州,,餐饮服务;中餐厅;中餐厅,050100,B0MBBCWO62,餐饮服务,中餐厅,中餐厅,
104.86331262520027,25.41997019161895,鑫美餐馆,耿美大药房糯东分公司北侧,贵州省,黔西南布依族苗族自治州,,餐饮服务;中餐厅;中餐厅,050100,B0MBD6EYIJ,餐饮服务,中餐厅,中餐厅,
105.25371591482254,25.414512296493214,杨记早餐,313省道与南龙公路交叉口西北80米,贵州省,黔西南布依族苗族自治州,,餐饮服务;快餐厅;快餐厅,050300,B0H64UJJIN,餐饮服务,快餐厅,快餐厅,
105.25609572519306,25.413552354296407,张记清真馆,城南街道李关乡,贵州省,黔西南布依族苗族自治州,,餐饮服务;中餐厅;清真菜馆,050121,B0GR6AZLTJ,餐饮服务,中餐厅,清真菜馆,
105.25419530504814,25.414005059833677,黔牛香,南龙公路与313省道交叉口西南20米,贵州省,黔西南布依族苗族自治州,,餐饮服务;中餐厅;中餐厅,050100,B0LBTR3JV3,餐饮服务,中餐厅,中餐厅,
105.25428518266507,25.41406404588433,路边餐馆家常炒菜,南龙公路与313省道交叉口西南20米,贵州省,黔西南布依族苗族自治州,,餐饮服务;中餐厅;中餐厅,050100,B0LKOAFOAH,餐饮服务,中餐厅,中餐厅,
105.25507612626154,25.41382175507287,张斌清真馆,313省道与南龙公路交叉口东南80米,贵州省,黔西南布依族苗族自治州,,餐饮服务;中餐厅;清真菜馆,050121,B0KKBMN5VR,餐饮服务,中餐厅,清真菜馆,
104.84929737452636,25.40277242007196,猫田农庄,楼下镇小河村猫田农庄,贵州省,六盘水市,,体育休闲服务;休闲场所;休闲场所|餐饮服务;中餐厅;中餐厅,080500|050100,B0IUPUII5J,体育休闲服务,休闲场所,休闲场所|餐饮服务,中餐厅
104.84889113588866,25.401201441956918,吊桥人家,251县道榔树村三组胡家大桥,贵州省,六盘水市,,餐饮服务;中餐厅;中餐厅,050100,B0I1RZZ48B,餐饮服务,中餐厅,中餐厅,
105.28558459214385,25.39782346777348,大山脚牛汤锅,313省道,贵州省,黔西南布依族苗族自治州,,餐饮服务;中餐厅;中餐厅,050100,B0LK714QAO,餐饮服务,中餐厅,中餐厅,
105.28992235860818,25.404085557675533,大山脚余记羊汤锅,313省道,贵州省,黔西南布依族苗族自治州,,餐饮服务;中餐厅;中餐厅,050100,B0J1VH331D,餐饮服务,中餐厅,中餐厅,
105.29560982878193,25.391909638050493,哑次(黔西南兴仁市),313省道东北侧,贵州省,黔西南布依族苗族自治州,,餐饮服务;中餐厅;中餐厅,050100,B0LDRDARNX,餐饮服务,中餐厅,中餐厅,
105.30077961869588,25.38877659292654,钟记荸荠粉,313省道,贵州省,黔西南布依族苗族自治州,,餐饮服务;中餐厅;中餐厅,050100,B0MBAZ996S,餐饮服务,中餐厅,中餐厅,
105.29441207770302,25.413365593844965,窑上(黔西南布依族苗族自治州兴仁市),[],贵州省,黔西南布依族苗族自治州,,餐饮服务;中餐厅;中餐厅,050100,B0L3ASSOYR,餐饮服务,中餐厅,中餐厅,
105.30512894346104,25.371704292881642,特色烤活鱼石锅鱼,屯脚镇格老坝路口雨樟方向,贵州省,黔西南布依族苗族自治州,,餐饮服务;中餐厅;四川菜(川菜),050102,B0FFLBRWX2,餐饮服务,中餐厅,四川菜(川菜),
105.52344374403667,26.66025232133994,食堂招待所,马家田煤业有限公司西侧170米,贵州省,毕节市,,餐饮服务;餐饮相关场所;餐饮相关,050000,B0K1YZCVGZ,餐饮服务,餐饮相关场所,餐饮相关,
105.52577810204127,26.66194365215651,遇见茶餐吧,后寨乡大炉塘村,贵州省,毕节市,,餐饮服务;冷饮店;冷饮店,050700,B0JKGLBT5L,餐饮服务,冷饮店,冷饮店,
105.52589242424031,26.660740917158513,开心烙锅,大炉塘福源利百家超市西侧,贵州省,毕节市,,餐饮服务;中餐厅;中餐厅,050100,B0M6XUQI2X,餐饮服务,中餐厅,中餐厅,
105.52646880683776,26.659506404000425,如意餐馆,大炉塘福源利百家超市南侧140米,贵州省,毕节市,,餐饮服务;中餐厅;中餐厅,050100,B0LK2MPNK3,餐饮服务,中餐厅,中餐厅,
105.47719012733752,26.644335274426766,早点遇见,三塘镇马场村退役军人服务站东北侧90米,贵州省,毕节市,,餐饮服务;中餐厅;中餐厅,050100,B0L1A7JA40,餐饮服务,中餐厅,中餐厅,
105.47387650847828,26.63716249756366,四季春食堂,乐中乐超市东北侧130米,贵州省,毕节市,,餐饮服务;餐饮相关场所;餐饮相关,050000,B0MBDMFQ3J,餐饮服务,餐饮相关场所,餐饮相关,
105.4730036284427,26.63351382414273,正宗水城羊肉粉,四季餐馆东侧,贵州省,毕节市,,餐饮服务;中餐厅;中餐厅,050100,B0LKOAGJIK,餐饮服务,中餐厅,中餐厅,
105.4728643028245,26.633472434561348,四季餐馆,正宗水城羊肉粉西侧,贵州省,毕节市,,餐饮服务;中餐厅;中餐厅,050100,B0M65HIAGT,餐饮服务,中餐厅,中餐厅,
105.55677984956472,26.714012916024977,食为天酒店,水东镇人民政府西南侧230米,贵州省,毕节市,,餐饮服务;中餐厅;江苏菜,050105,B0J1GK46EZ,餐饮服务,中餐厅,江苏菜,
105.55711921986993,26.71491244534799,小马烧烤,水东镇街上,贵州省,毕节市,,餐饮服务;中餐厅;特色/地方风味餐厅,050118,B0KGJO4IVI,餐饮服务,中餐厅,特色/地方风味餐厅,
105.55707613938895,26.715490354846587,避风塘,水东镇人民政府西南侧80米,贵州省,毕节市,,餐饮服务;餐饮相关场所;餐饮相关,050000,B0HRV1A9AH,餐饮服务,餐饮相关场所,餐饮相关,
105.55705612125469,26.71536332632799,水城牛羊肉粉馆,水东镇人民政府西南侧90米,贵州省,毕节市,,餐饮服务;快餐厅;快餐厅,050300,B0H6SU1AZ6,餐饮服务,快餐厅,快餐厅,
105.55723626899189,26.716810570777284,金花糕点,纳雍县公安局水东派出所北侧60米,贵州省,毕节市,,餐饮服务;糕饼店;糕饼店,050800,B0J1GK7I52,餐饮服务,糕饼店,糕饼店,
105.55617890013677,26.718190766962273,蛋糕副食店,水东镇卫生院西侧,贵州省,毕节市,,餐饮服务;糕饼店;糕饼店,050800,B0J1GA7T2O,餐饮服务,糕饼店,糕饼店,
105.46854508213596,26.61935453428062,避风塘茶饮,三塘镇岩洞口村退役军人服务站西北侧80米,贵州省,毕节市,,餐饮服务;餐饮相关场所;餐饮相关,050000,B0MBKUQLE5,餐饮服务,餐饮相关场所,餐饮相关,
105.5801844915838,26.642313171815587,希恩蛋糕奶茶店,高墩小学西北侧220米,贵州省,毕节市,,餐饮服务;糕饼店;糕饼店,050800,B0M6JDDGX7,餐饮服务,糕饼店,糕饼店,
105.45743182857602,26.621431403571478,小黑啥,[],贵州省,毕节市,,餐饮服务;餐饮相关场所;餐饮相关,050000,B0L0JNEBFP,餐饮服务,餐饮相关场所,餐饮相关,
105.55242476779466,26.59755060475149,牛鼻子洞渔荘,665乡道,贵州省,毕节市,,餐饮服务;中餐厅;中餐厅,050100,B0MBMC7QWB,餐饮服务,中餐厅,中餐厅,
105.54323904786933,26.578521781360347,实惠餐馆,三塘中学后门,贵州省,毕节市,,餐饮服务;中餐厅;中餐厅,050100,B0J6PU4MJ4,餐饮服务,中餐厅,中餐厅,
105.54364277035114,26.57829361803652,缘聚食府,三塘镇外环路中学后门,贵州省,毕节市,,餐饮服务;中餐厅;中餐厅,050100,B0H0D98Y59,餐饮服务,中餐厅,中餐厅,
105.5426390916022,26.576223145860354,派乐汉堡(织金县三塘镇店),三塘中学,贵州省,毕节市,,餐饮服务;快餐厅;快餐厅,050300,B0K1J7FPOW,餐饮服务,快餐厅,快餐厅,
105.54228644926707,26.576397400274928,午逅咖啡店,三塘中学西南侧120米,贵州省,毕节市,,餐饮服务;咖啡厅;咖啡厅,050500,B0KK3CV5A2,餐饮服务,咖啡厅,咖啡厅,
105.54241367246053,26.57652069697836,水城羊肉粉,三塘民心医院南侧260米,贵州省,毕节市,,餐饮服务;中餐厅;中餐厅,050100,B0KGRUN5RO,餐饮服务,中餐厅,中餐厅,
105.54208209579893,26.57607090367322,程记·烙锅烧烤,三塘镇街上村,贵州省,毕节市,,餐饮服务;中餐厅;中餐厅,050100,B0L37CLF0Q,餐饮服务,中餐厅,中餐厅,
105.5424467502478,26.576144714296905,妙茶,三塘镇中心学校西北侧220米,贵州省,毕节市,,餐饮服务;冷饮店;冷饮店,050700,B0IRJZMSZ7,餐饮服务,冷饮店,冷饮店,
105.54278135766539,26.575984420734496,寻益烧仙草螺蛳粉,三塘镇上街岔路口,贵州省,毕节市,,餐饮服务;休闲餐饮场所;休闲餐饮场所,050400,B0L0LM8G0B,餐饮服务,休闲餐饮场所,休闲餐饮场所,
105.54368300499631,26.574920211756254,卤味鲜熟食店,三塘小学隔壁中国电信正对面,贵州省,毕节市,,餐饮服务;餐饮相关场所;餐饮相关,050000,B0HDDHAGG8,餐饮服务,餐饮相关场所,餐饮相关,
105.54327428947697,26.574836319650384,避风塘茶饮,665乡道东100米,贵州省,毕节市,,餐饮服务;冷饮店;冷饮店,050700,B0FFGRPJQ2,餐饮服务,冷饮店,冷饮店,
105.54662397836451,26.575365436455925,沙县小吃,三塘镇卫生院东侧110米,贵州省,毕节市,,餐饮服务;快餐厅;快餐厅,050300,B0FFM4WYG1,餐饮服务,快餐厅,快餐厅,
105.54673717778313,26.57508362571822,三塘镇熙果鲜果茶,三塘镇街心花园熙果鲜果茶,贵州省,毕节市,,餐饮服务;冷饮店;冷饮店,050700,B0J3MZCAQ7,餐饮服务,冷饮店,冷饮店,
105.54715182452136,26.575687556972348,好运来蛋糕店,三塘镇街心花园,贵州省,毕节市,,餐饮服务;糕饼店;糕饼店,050800,B0J2UOHRF7,餐饮服务,糕饼店,糕饼店,
105.54706469828062,26.575373334201284,六芝心超级糕工厂,三塘镇客车站旁,贵州省,毕节市,,餐饮服务;糕饼店;糕饼店,050800,B0LBRSIZ0R,餐饮服务,糕饼店,糕饼店,
105.5466740725656,26.5751195023395,麻辣卤味,三塘镇街上村街心花园亭子处,贵州省,毕节市,,餐饮服务;餐饮相关场所;餐饮相关,050000,B0HKMU8A28,餐饮服务,餐饮相关场所,餐饮相关,
105.54664802305366,26.575258469739527,鸿兴饼屋,三塘镇街心花园,贵州省,毕节市,,餐饮服务;餐饮相关场所;餐饮相关,050000,B0GR47IZJ4,餐饮服务,餐饮相关场所,餐饮相关,
105.55043893274242,26.575958049908497,凯里酸汤砂锅粉,三塘派出所西北侧130米,贵州省,毕节市,,餐饮服务;中餐厅;中餐厅,050100,B0LDRD4K96,餐饮服务,中餐厅,中餐厅,
105.54889460846508,26.57536998110866,小彭瓦罐豆花烤鱼,三塘镇人民政府东侧220米,贵州省,毕节市,,餐饮服务;中餐厅;中餐厅,050100,B0M6Y9U0X3,餐饮服务,中餐厅,中餐厅,
105.55371354428193,26.577121244470217,攀庭柴火鸡,三塘镇人民政府东北侧270米,贵州省,毕节市,,餐饮服务;中餐厅;中餐厅,050100,B0G2AODE7M,餐饮服务,中餐厅,中餐厅,
105.55034879956408,26.575926873724924,老铁自助烤肉城,三塘镇南环大街第四层,贵州省,毕节市,,餐饮服务;餐饮相关场所;餐饮相关,050000,B0L6HUB6CE,餐饮服务,餐饮相关场所,餐饮相关,
105.54685038829446,26.574563779042343,又一手烤鱼,三塘南大街,贵州省,毕节市,,餐饮服务;中餐厅;中餐厅,050100,B0GUBMM6VZ,餐饮服务,中餐厅,中餐厅,
105.54677326711904,26.57446160684532,锦鸿酒楼,三塘镇街上村,贵州省,毕节市,,餐饮服务;中餐厅;中餐厅,050100,B0H26AYO07,餐饮服务,中餐厅,中餐厅,
105.54695156703566,26.574283942963046,鱼烙圈豆花烤鱼,三塘镇鱼烙圈豆花烤鱼,贵州省,毕节市,,餐饮服务;中餐厅;中餐厅,050100,B0G2L7K39N,餐饮服务,中餐厅,中餐厅,
105.56284399411068,26.580031206430114,盘县普田清真牛肉火锅馆,三塘镇南大街,贵州省,毕节市,,餐饮服务;中餐厅;清真菜馆,050121,B0KRNDAVO4,餐饮服务,中餐厅,清真菜馆,
105.5479181086056,26.574613937832886,黄焖羊肉粉,三塘镇南大街三岔路口(三塘走少普方向),贵州省,毕节市,,餐饮服务;中餐厅;中餐厅,050100,B0LA5HFU5Q,餐饮服务,中餐厅,中餐厅,
105.5571609653868,26.577256154019288,三塘镇黔勇酒楼,665乡道,贵州省,毕节市,,餐饮服务;中餐厅;综合酒楼,050101,B0IGSZ3Z5E,餐饮服务,中餐厅,综合酒楼,
105.54916915215564,26.572931153343763,农家小院,665乡道,贵州省,毕节市,,餐饮服务;中餐厅;中餐厅,050100,B0M6RAZOSO,餐饮服务,中餐厅,中餐厅,
105.39491109693634,26.655278482531596,二道河渔庄,019县道张家湾镇二道河村,贵州省,毕节市,,餐饮服务;中餐厅;海鲜酒楼,050119,B0J609CTU0,餐饮服务,中餐厅,海鲜酒楼,
105.60855862752697,26.607438682711923,诚信烙锅店,后寨派出所西南侧90米,贵州省,毕节市,,餐饮服务;餐饮相关场所;餐饮相关,050000,B0H2L9699V,餐饮服务,餐饮相关场所,餐饮相关,
105.39550827137201,26.620092166312865,雨城烙锅,胖哥烧烤东南侧,贵州省,毕节市,,餐饮服务;中餐厅;中餐厅,050100,B0IDAZ1BRQ,餐饮服务,中餐厅,中餐厅,
105.39219281073535,26.6217800287502,水城羊肉粉,张家湾镇政府东南侧50米,贵州省,毕节市,,餐饮服务;餐饮相关场所;餐饮相关,050000,B0GRM717KQ,餐饮服务,餐饮相关场所,餐饮相关,
105.39115614352069,26.620025199763774,张维小酒馆,张家湾镇街上村中街组,贵州省,毕节市,,餐饮服务;中餐厅;中餐厅,050100,B0J1GZAIBF,餐饮服务,中餐厅,中餐厅,
105.39119821926576,26.617516964508734,倩倩泡椒牛肉粉馆,张家湾信用社对面,贵州省,毕节市,,餐饮服务;中餐厅;中餐厅,050100,B0I3Z5WKXY,餐饮服务,中餐厅,中餐厅,
105.38971904132265,26.618293567515988,聚福楼,纳雍县公安局张家湾派出所西侧200米,贵州省,毕节市,,餐饮服务;中餐厅;中餐厅,050100,B0I0K117NC,餐饮服务,中餐厅,中餐厅,
105.38971209063757,26.617498499143046,倩倩烙锅,惠康口腔南侧140米,贵州省,毕节市,,餐饮服务;餐饮相关场所;餐饮相关,050000,B0JDXAKD2V,餐饮服务,餐饮相关场所,餐饮相关,
105.39025246869915,26.616109167149254,好再来酒楼,张家湾镇派出所往下200米,贵州省,毕节市,,餐饮服务;中餐厅;综合酒楼,050101,B0L33UAG99,餐饮服务,中餐厅,综合酒楼,
105.38950435647051,26.61757858867009,婷婷烙锅城烧烤,纳雍县公安局张家湾派出所西侧240米,贵州省,毕节市,,餐饮服务;中餐厅;中餐厅,050100,B0HG2LZBW3,餐饮服务,中餐厅,中餐厅,
105.43107772090667,26.77344856840062,柯斌砂锅粉面馆,纳雍县市场监管局居仁分局北侧,贵州省,毕节市,,餐饮服务;中餐厅;中餐厅,050100,B0H3SCN62R,餐饮服务,中餐厅,中餐厅,
105.42519600414658,26.77131010098118,六盘水原汤羊肉粉,居仁街道蟠龙社区13一2一101,贵州省,毕节市,,餐饮服务;中餐厅;中餐厅,050100,B0K06Z2R6N,餐饮服务,中餐厅,中餐厅,
105.65315682535623,26.686596185278535,赵家餐馆,红和大药房西侧,贵州省,毕节市,,餐饮服务;中餐厅;中餐厅,050100,B0HB2SXHZ7,餐饮服务,中餐厅,中餐厅,
105.43412515469868,26.77757570255485,聚乐园餐馆,鑫驰驾校纳雍县安驰汽车检测站西侧,贵州省,毕节市,,餐饮服务;中餐厅;中餐厅,050100,B0FFI6WBFF,餐饮服务,中餐厅,中餐厅,
105.42293103919148,26.770341637908118,夜宵大排档(蟠龙社区总店),蟠龙社区,贵州省,毕节市,,餐饮服务;中餐厅;中餐厅,050100,B0HUDZLKAL,餐饮服务,中餐厅,中餐厅,
105.42849677396808,26.77458990185259,鲜饮快车,珠藏镇新街百世汇通对面,贵州省,毕节市,,餐饮服务;冷饮店;冷饮店,050700,B0FFKPURBL,餐饮服务,冷饮店,冷饮店,
105.4284147345545,26.774290823745588,优麦香生日蛋糕,居仁社区街上社区农贸街,贵州省,毕节市,,餐饮服务;餐饮相关场所;餐饮相关,050000,B0I0LSA12R,餐饮服务,餐饮相关场所,餐饮相关,
105.4291141271839,26.77593958849374,皇家美食手工烘焙,生态环境局纳雍分局南侧70米,贵州省,毕节市,,餐饮服务;餐饮相关场所;餐饮相关,050000,B0H2B4JFFW,餐饮服务,餐饮相关场所,餐饮相关,
105.42857584414442,26.774254040305095,飘香味黑山羊肉粉馆,王家寨信用社对面,贵州省,毕节市,,餐饮服务;餐饮相关场所;餐饮相关,050000,B0FFKPF69G,餐饮服务,餐饮相关场所,餐饮相关,
105.42939236791275,26.77507105362815,唐家牛肉粉,纳雍县人民法院第六人民法庭东侧70米,贵州省,毕节市,,餐饮服务;中餐厅;中餐厅,050100,B0JK0GP5GX,餐饮服务,中餐厅,中餐厅,
105.42915119004098,26.77521671219139,黔陈卤匠(王家寨店),居仁街道街上菜场路口,贵州省,毕节市,,餐饮服务;餐饮相关场所;餐饮相关,050000,B0L2B7LVZU,餐饮服务,餐饮相关场所,餐饮相关,
105.42603426410825,26.774847752665103,方记留一手烤鱼(农贸街店),居仁街道农贸街,贵州省,毕节市,,餐饮服务;中餐厅;特色/地方风味餐厅,050118,B0KDXDZF4X,餐饮服务,中餐厅,特色/地方风味餐厅,
105.42887192748461,26.776563199305958,成都家常菜馆,王家寨村,贵州省,毕节市,,餐饮服务;中餐厅;中餐厅,050100,B0FFHBCF29,餐饮服务,中餐厅,中餐厅,
105.42541495104598,26.77453604002883,香飘飘烙锅,居仁中学东侧约120米,贵州省,毕节市,,餐饮服务;中餐厅;中餐厅,050100,B0FFHVYTQ4,餐饮服务,中餐厅,中餐厅,
105.42437345788889,26.774206859489393,皇食(王家寨店),王家寨农贸街八中旁,贵州省,毕节市,,餐饮服务;糕饼店;糕饼店,050800,B0HB2ZX2EO,餐饮服务,糕饼店,糕饼店,
105.42737993973093,26.776904216557163,蓝记六龙豆干火锅,生态环境局纳雍分局西侧160米,贵州省,毕节市,,餐饮服务;中餐厅;火锅店,050117,B0IATPICH1,餐饮服务,中餐厅,火锅店,
105.4278342218903,26.776936796058695,纳雍溢满香酒楼,居仁街上,贵州省,毕节市,,餐饮服务;中餐厅;综合酒楼,050101,B0G105EWO6,餐饮服务,中餐厅,综合酒楼,
105.42296781986909,26.774915225302802,二胖豆花饭,利园街道马家营社区大田组,贵州省,毕节市,,餐饮服务;中餐厅;中餐厅,050100,B0LUKZVJPM,餐饮服务,中餐厅,中餐厅,
105.41335077592126,26.767654598046544,朱三妹水城羊肉粉,纳雍县第一中学西北侧320米,贵州省,毕节市,,餐饮服务;中餐厅;中餐厅,050100,B0K6VBSP82,餐饮服务,中餐厅,中餐厅,
105.4127058537948,26.767606192178295,一品鲜饺子馆,香蜜欧城二期30-10号商铺,贵州省,毕节市,,餐饮服务;中餐厅;特色/地方风味餐厅,050118,B0L6D9M1R2,餐饮服务,中餐厅,特色/地方风味餐厅,
105.42151834606658,26.774089788319603,鸿运星酒楼,王家寨青云大道边上,贵州省,毕节市,,餐饮服务;中餐厅;中餐厅,050100,B0KAYC0MPU,餐饮服务,中餐厅,中餐厅,
105.41168400931191,26.767762565701823,缘来粉馆,香蜜欧城二期三十七栋,贵州省,毕节市,,餐饮服务;中餐厅;中餐厅,050100,B0L3ZA0K9P,餐饮服务,中餐厅,中餐厅,
105.42446137200635,26.776688707316023,众味园酒楼,纳雍县第八中学北侧270米,贵州省,毕节市,,餐饮服务;中餐厅;综合酒楼,050101,B0GKVZ19EI,餐饮服务,中餐厅,综合酒楼,
105.42101413047257,26.775285160469256,卢记豆花饭,发展大道1号,贵州省,毕节市,,餐饮服务;中餐厅;中餐厅,050100,B0HB2BTWO8,餐饮服务,中餐厅,中餐厅,
105.3851972926743,26.738069178596366,家乐福仙姐地摊火锅店,纳雍县第四中学西侧220米,贵州省,毕节市,,餐饮服务;中餐厅;火锅店,050117,B0JA5CJCZU,餐饮服务,中餐厅,火锅店,
105.40758328972798,26.76617973160775,古镇烙锅,香蜜欧城风情小镇48-1,贵州省,毕节市,,餐饮服务;餐饮相关场所;餐饮相关,050000,B0FFLBCT97,餐饮服务,餐饮相关场所,餐饮相关,
105.41116211240207,26.76778726908608,肥肠鸡火锅,珙桐街道白水河社区香蜜欧城二期36栋1-8号,贵州省,毕节市,,餐饮服务;中餐厅;火锅店,050117,B0KD3ZKUFB,餐饮服务,中餐厅,火锅店,
105.42195334179466,26.77698393972799,青云烧烤,中山东路80号,贵州省,毕节市,,餐饮服务;餐饮相关场所;餐饮相关,050000,B0LDCLDV9U,餐饮服务,餐饮相关场所,餐饮相关,
105.40847198121149,26.765686141891194,万君特色泡椒牛肉粉(鸽子花风情小镇),鸽子花风情小镇的44号-24-26-28,贵州省,毕节市,,餐饮服务;中餐厅;火锅店,050117,B0FFLCDDC4,餐饮服务,中餐厅,火锅店,
105.40904164994791,26.768401142042297,赵姐传说酒楼,居仁街道香蜜欧城一期门面2号楼,贵州省,毕节市,,餐饮服务;中餐厅;中餐厅,050100,B0FFKCJHMN,餐饮服务,中餐厅,中餐厅,
105.41329862622298,26.77068627534554,纳雍醉乡楼(香雍国际店),香雍国际醉乡楼,贵州省,毕节市,,餐饮服务;中餐厅;综合酒楼,050101,B0GRS5AA6A,餐饮服务,中餐厅,综合酒楼,
105.4217292742181,26.776834724123823,来吃烙锅,王家寨广场雪弗兰对面二楼,贵州省,毕节市,,餐饮服务;中餐厅;中餐厅,050100,B0K05UWNBO,餐饮服务,中餐厅,中餐厅,
105.41324662689252,26.77077923267221,香雍酒楼,香雍国际南门东70米,贵州省,毕节市,,餐饮服务;餐饮相关场所;餐饮相关,050000,B0LKNZPC72,餐饮服务,餐饮相关场所,餐饮相关,
105.40943453198142,26.768303334071895,名扬麻椒鱼,香蜜欧城1期2号楼1-2-1,贵州省,毕节市,,餐饮服务;中餐厅;中餐厅,050100,B0LDZSSB4L,餐饮服务,中餐厅,中餐厅,
105.40811195719462,26.76870470849586,蒸功夫早餐店(香蜜欧城店),珙桐街道办事处白水河社区香蜜欧城2栋3单元1层7号门面,贵州省,毕节市,,餐饮服务;中餐厅;中餐厅,050100,B0IRV7PWPZ,餐饮服务,中餐厅,中餐厅,
105.4080139908448,26.76876266261281,老北京铜锅涮羊肉,香蜜欧城,贵州省,毕节市,,餐饮服务;餐饮相关场所;餐饮相关,050000,B0FFIY1RLA,餐饮服务,餐饮相关场所,餐饮相关,
105.40804698055531,26.76872168005111,柴火战斗鸡(纳雍店),香蜜欧城3-18号,贵州省,毕节市,,餐饮服务;中餐厅;中餐厅,050100,B0H3TSFJTS,餐饮服务,中餐厅,中餐厅,
105.41740226889061,26.77791558828674,农家一号院,梨园街道和瑞社区艾家寨对面,贵州省,毕节市,,餐饮服务;中餐厅;综合酒楼,050101,B0J3CUENDW,餐饮服务,中餐厅,综合酒楼,
105.40933542688147,26.770951033762916,云凤苗族牛庄,香府,贵州省,毕节市,,餐饮服务;中餐厅;中餐厅,050100,B0G0SHZCDO,餐饮服务,中餐厅,中餐厅,
105.4077149421991,26.77196023330855,大方邱家活菜,香蜜上城,贵州省,毕节市,,餐饮服务;中餐厅;中餐厅,050100,B0LUV9F8SY,餐饮服务,中餐厅,中餐厅,
105.4455528644235,26.797608807136402,竹园农庄,居仁街道核桃园村,贵州省,毕节市,,餐饮服务;餐饮相关场所;餐饮相关,050000,B0GROR5112,餐饮服务,餐饮相关场所,餐饮相关,
105.40773992220505,26.772160223563194,书亦烧仙草(香蜜上城店),和瑞社区香蜜上城28栋4号,贵州省,毕节市,,餐饮服务;休闲餐饮场所;休闲餐饮场所,050400,B0M65ZHDF3,餐饮服务,休闲餐饮场所,休闲餐饮场所,
105.40826570544706,26.77252440298371,时每刻(香府汉堡店),利园街道和瑞社区香蜜香府1栋3号门面,贵州省,毕节市,,餐饮服务;餐饮相关场所;餐饮相关,050000,B0JDSRWOLD,餐饮服务,餐饮相关场所,餐饮相关,
105.40817974928758,26.772281390911434,王孃孃羊汤锅(纳雍香府店),利园街道和瑞社区香府1号楼7号门面,贵州省,毕节市,,餐饮服务;中餐厅;火锅店,050117,B0J21DADMU,餐饮服务,中餐厅,火锅店,
105.40610266049153,26.77157569013228,聚缘阁老火锅店,纳雍香蜜上城南1门旁,贵州省,毕节市,,餐饮服务;中餐厅;中餐厅,050100,B0FFLGADMJ,餐饮服务,中餐厅,中餐厅,
105.40610266049153,26.77157569013228,聚缘阁老火锅店,纳雍香蜜上城南1门旁,贵州省,毕节市,,餐饮服务;中餐厅;中餐厅,050100,B0FFLGADMJ,餐饮服务,中餐厅,中餐厅,
105.40773992220505,26.772160223563194,书亦烧仙草,迈阿密酒吧斜对面,贵州省,毕节市,,餐饮服务;冷饮店;冷饮店,050700,B0L3CYJ5ED,餐饮服务,冷饮店,冷饮店,
105.40764193152104,26.77273112843555,张记土鹅馆,香蜜上城33栋4号门面,贵州省,毕节市,,餐饮服务;中餐厅;中餐厅,050100,B0LA1M39V7,餐饮服务,中餐厅,中餐厅,
105.40101463235185,26.77371041029331,泡椒牛肉粉馆(纳雍瑞城欧府店),发展大道5号,贵州省,毕节市,,商务住宅;住宅区;住宅区|餐饮服务;中餐厅;中餐厅,120300|050100,B0FFIOXMU6,商务住宅,住宅区,住宅区|餐饮服务,中餐厅
105.40720516833649,26.771574074848488,老铁羊肉粉(香蜜上城店),纳雍香蜜上城,贵州省,毕节市,,餐饮服务;中餐厅;中餐厅,050100,B0L1D5UG0D,餐饮服务,中餐厅,中餐厅,
105.40791984890447,26.772236288360617,味美缘羊肉粉,利园街道和瑞社区香蜜上城28栋11号门面,贵州省,毕节市,,餐饮服务;餐饮相关场所;餐饮相关,050000,B0LAM7CAS0,餐饮服务,餐饮相关场所,餐饮相关,
105.40772186740193,26.773370096518555,大十字正宗羊肉粉,利园街道和瑞社区香蜜上城39栋5号门面,贵州省,毕节市,,餐饮服务;中餐厅;中餐厅,050100,B0J06UQLQ5,餐饮服务,中餐厅,中餐厅,
105.40783287350833,26.7724072363774,黄焖鸡米饭,香蜜上城正大门,贵州省,毕节市,,餐饮服务;餐饮相关场所;餐饮相关,050000,B0LUHXJ8X7,餐饮服务,餐饮相关场所,餐饮相关,
105.42436790889765,26.78489771871054,乡约台球烙锅自助烧烤店,王家弯,贵州省,毕节市,,餐饮服务;餐饮相关场所;餐饮相关,050000,B0GUU5ZQJK,餐饮服务,餐饮相关场所,餐饮相关,
105.40598371606602,26.77160064947006,香蜜上城盘县牛肉馆,利园街道香蜜上城26栋一层1号商铺,贵州省,毕节市,,餐饮服务;中餐厅;中餐厅,050100,B0KA1DOJNC,餐饮服务,中餐厅,中餐厅,
105.40781282782334,26.773452124624242,黔味炸酱面(纳雍香蜜上城店),居仁街道蟠龙大道香蜜上城39栋,贵州省,毕节市,,餐饮服务;中餐厅;中餐厅,050100,B0KGN4T3C9,餐饮服务,中餐厅,中餐厅,
105.40766188447785,26.77349706012392,华东餐馆(纳雍香蜜上城店),中山东路与蟠龙大道交叉口北260米,贵州省,毕节市,,餐饮服务;中餐厅;中餐厅,050100,B0KAFDHXXZ,餐饮服务,中餐厅,中餐厅,
105.4066302126788,26.77557446772337,纳雍县牛大爷食府,顶佳·江山府,贵州省,毕节市,,餐饮服务;中餐厅;中餐厅,050100,B0L3ASSRS9,餐饮服务,中餐厅,中餐厅,
105.40795263626953,26.776150907972507,王府庭旺手工面,恒大实验小学对面江山府22-1-11,贵州省,毕节市,,餐饮服务;中餐厅;中餐厅,050100,B0K2RACGRA,餐饮服务,中餐厅,中餐厅,
105.40781067537056,26.776449819882604,遵义冯家豆花面馆(纳雍店),利园街道办事处顶佳城22栋1-18,贵州省,毕节市,,餐饮服务;中餐厅;中餐厅,050100,B0KDP4ZFNS,餐饮服务,中餐厅,中餐厅,
105.40752975083903,26.777138637883393,纳雍县醉美苗家食府,利园街道和瑞社区顶佳江山府15号楼二楼2号,贵州省,毕节市,,餐饮服务;中餐厅;中餐厅,050100,B0K67RYWHY,餐饮服务,中餐厅,中餐厅,
105.4036827938779,26.77483171342106,纳雍徐记全羊汤锅,纳雍瑞城欧府东北侧290米,贵州省,毕节市,,餐饮服务;中餐厅;中餐厅,050100,B0J2FS38GD,餐饮服务,中餐厅,中餐厅,
105.40371565780876,26.7771084872856,犇犇牛牛牛现切鲜牛肉烤串(纳雍店),利园街道居仁路顶佳江山府,贵州省,毕节市,,餐饮服务;餐饮相关场所;餐饮相关,050000,B0LKJC22NU,餐饮服务,餐饮相关场所,餐饮相关,
105.40793552623542,26.778429664447206,美好食光酸汤饭,利园社区天玑和院12-1-1-12,贵州省,毕节市,,餐饮服务;中餐厅;中餐厅,050100,B0MBBSVTAM,餐饮服务,中餐厅,中餐厅,
105.40521991145884,26.775259054153693,董记·正宗黑山羊原汤羊肉粉,顶佳江山府南门新幼儿园往下50米,贵州省,毕节市,,餐饮服务;中餐厅;中餐厅,050100,B0L2U7F3F3,餐饮服务,中餐厅,中餐厅,
105.40178310721862,26.773218546692075,蒋小胖脆皮酸菜猪脚,利园街道瑞城欧府11号楼1层07号,贵州省,毕节市,,餐饮服务;中餐厅;云贵菜,050114,B0LKL7927O,餐饮服务,中餐厅,云贵菜,
105.38614288514722,26.757750231605236,凯里特色泡椒牛肉粉,文昌街道大冲安置区新妇幼保健院旁,贵州省,毕节市,,餐饮服务;中餐厅;中餐厅,050100,B0LB5CYCDF,餐饮服务,中餐厅,中餐厅,
105.40209286601993,26.773764534790825,六龙豆干火锅(纳雍瑞城欧府泡椒牛肉粉馆店),瑞城欧俯12栋1-9号门面,贵州省,毕节市,,餐饮服务;中餐厅;火锅店,050117,B0H1KR377V,餐饮服务,中餐厅,火锅店,
105.4074927083164,26.778261506485144,正味坊香酥包子店,中山东路与居仁西路交叉口南60米,贵州省,毕节市,,餐饮服务;中餐厅;中餐厅,050100,B0L0SGICO5,餐饮服务,中餐厅,中餐厅,
105.40724879439695,26.778531385205135,老五餐馆,中山东路与居仁西路交叉口西南40米,贵州省,毕节市,,餐饮服务;中餐厅;中餐厅,050100,B0JA96EN6B,餐饮服务,中餐厅,中餐厅,
105.40209286601993,26.773764534790825,六龙豆干火锅(纳雍瑞城欧府泡椒牛肉粉馆店),瑞城欧俯12栋1-9号门面,贵州省,毕节市,,餐饮服务;中餐厅;火锅店,050117,B0H1KR377V,餐饮服务,中餐厅,火锅店,
105.4074927083164,26.778261506485144,正味坊香酥包子店,中山东路与居仁西路交叉口南60米,贵州省,毕节市,,餐饮服务;中餐厅;中餐厅,050100,B0L0SGICO5,餐饮服务,中餐厅,中餐厅,
105.40724879439695,26.778531385205135,老五餐馆,中山东路与居仁西路交叉口西南40米,贵州省,毕节市,,餐饮服务;中餐厅;中餐厅,050100,B0JA96EN6B,餐饮服务,中餐厅,中餐厅,
105.4073277559974,26.778643403223132,何记泡椒牛肉粉,利园街道和瑞社区顶佳江山府5-2-4,贵州省,毕节市,,餐饮服务;餐饮相关场所;餐饮相关,050000,B0J06SGHHY,餐饮服务,餐饮相关场所,餐饮相关,
105.40648313684126,26.778356129230104,李氏麻辣干锅牛肉馆(清真),顶佳·江山府,贵州省,毕节市,,餐饮服务;中餐厅;中餐厅,050100,B0LB3XB8C8,餐饮服务,中餐厅,中餐厅,
105.39882331714229,26.774670208503185,桂香源(金城广场店),金城广场10栋,贵州省,毕节市,,餐饮服务;餐饮相关场所;餐饮相关,050000,B0FFH91XGJ,餐饮服务,餐饮相关场所,餐饮相关,
105.40300714278182,26.776156443000872,张姐水城全羊汤锅粉,发展大道5号,贵州省,毕节市,,餐饮服务;中餐厅;中餐厅,050100,B0L1VLBV06,餐饮服务,中餐厅,中餐厅,
105.41906498453179,26.788398884131354,厨留香幺铺毛肚火锅,发展大道莲花路口,贵州省,毕节市,,餐饮服务;餐饮相关场所;餐饮相关,050000,B0FFIK6DDS,餐饮服务,餐饮相关场所,餐饮相关,
105.40472500504617,26.778588574533575,邱记砂锅粉,居仁西路与发展大道交叉口东南260米,贵州省,毕节市,,餐饮服务;中餐厅;中餐厅,050100,B0KAYCNZZR,餐饮服务,中餐厅,中餐厅,
105.40487194768694,26.778152659283478,仙鲜地摊火锅,纳雍江山府1-2-12,贵州省,毕节市,,餐饮服务;中餐厅;火锅店,050117,B0LK11F28E,餐饮服务,中餐厅,火锅店,
105.41890295432586,26.788387738934713,麦田时光生日蛋糕(纳雍店),居仁街道发展大道,贵州省,毕节市,,餐饮服务;糕饼店;糕饼店,050800,B0L01MF4KD,餐饮服务,糕饼店,糕饼店,
105.38668279792793,26.763704433158658,祥萍农庄,纳雍县委员会东南侧140米,贵州省,毕节市,,餐饮服务;中餐厅;中餐厅,050100,B0HU9H8D3P,餐饮服务,中餐厅,中餐厅,
105.40483893634088,26.778722590587968,高克江酸汤饭,发展大道3号,贵州省,毕节市,,餐饮服务;中餐厅;中餐厅,050100,B0L1HHWKBK,餐饮服务,中餐厅,中餐厅,
105.40463807222223,26.77820659201023,纳雍县五六九烤鱼,江山府1-2-13号商铺,贵州省,毕节市,,餐饮服务;中餐厅;中餐厅,050100,B0J30S1GM2,餐饮服务,中餐厅,中餐厅,
105.40035995967591,26.776942027703175,纳雍三阳开泰酒楼,发展大道金诚广场6栋2楼,贵州省,毕节市,,餐饮服务;中餐厅;综合酒楼,050101,B0KKKSVIJK,餐饮服务,中餐厅,综合酒楼,
105.39858856404439,26.773755301846307,星河宴会厅,金诚广场8.9.10.11栋负2层,贵州省,毕节市,,餐饮服务;中餐厅;特色/地方风味餐厅,050118,B0L0GC3RDS,餐饮服务,中餐厅,特色/地方风味餐厅,
105.40661090951626,26.781671819604583,老凯里鹅肉粉(雍和世纪城店),利园街道和瑞社区雍和世纪城,贵州省,毕节市,,餐饮服务;餐饮相关场所;餐饮相关,050000,B0J145XDYV,餐饮服务,餐饮相关场所,餐饮相关,
105.40993163590883,26.783007074372996,甩一碗牛肉粉,南孔·桃李春风,贵州省,毕节市,,餐饮服务;中餐厅;中餐厅,050100,B0LDRB3SB2,餐饮服务,中餐厅,中餐厅,
105.40005920482817,26.77671503285953,左岸咖啡(发展大道店),大商汇对面金城广场,贵州省,毕节市,,餐饮服务;咖啡厅;咖啡厅,050500,B0FFLJXZKH,餐饮服务,咖啡厅,咖啡厅,
105.40128925617881,26.777155087516746,食尚两口美食城,利园街道和瑞社区金城广场25栋负一楼,贵州省,毕节市,,餐饮服务;中餐厅;中餐厅,050100,B0KBAX5WVI,餐饮服务,中餐厅,中餐厅,
105.40568724380951,26.78366929991169,书亦烧仙草(纳雍聚资源购物广场店),利园街道办事处和瑞社区和瑞项目3号楼1层,贵州省,毕节市,,餐饮服务;休闲餐饮场所;休闲餐饮场所,050400,B0L2LAOYNF,餐饮服务,休闲餐饮场所,休闲餐饮场所,
105.40145508496714,26.778176999660978,麟龙酒楼,纳雍客运站正对面,贵州省,毕节市,,餐饮服务;中餐厅;综合酒楼,050101,B0KKNL4HGZ,餐饮服务,中餐厅,综合酒楼,
105.38181368161653,26.75721098256656,李记夜郎羊肉汤锅粉,[],贵州省,毕节市,,餐饮服务;餐饮相关场所;餐饮相关,050000,B0K0FA6OXQ,餐饮服务,餐饮相关场所,餐饮相关,
105.40747039518799,26.784559817185063,家家乐酒楼(和瑞庭店),和瑞庭,贵州省,毕节市,,餐饮服务;中餐厅;综合酒楼,050101,B0ID77NWJP,餐饮服务,中餐厅,综合酒楼,
105.40649197163931,26.781507796423416,青青特色泡椒牛肉粉(雍和世纪城店),纳雍县县医院对面雍和世纪城1-1-13,贵州省,毕节市,,餐饮服务;中餐厅;中餐厅,050100,B0J05ZX8BB,餐饮服务,中餐厅,中餐厅,
105.40747039518799,26.784559817185063,家家乐酒楼(和瑞庭店),和瑞庭,贵州省,毕节市,,餐饮服务;中餐厅;综合酒楼,050101,B0ID77NWJP,餐饮服务,中餐厅,综合酒楼,
105.40649197163931,26.781507796423416,青青特色泡椒牛肉粉(雍和世纪城店),纳雍县县医院对面雍和世纪城1-1-13,贵州省,毕节市,,餐饮服务;中餐厅;中餐厅,050100,B0J05ZX8BB,餐饮服务,中餐厅,中餐厅,
105.39868140214436,26.775368138184394,忙忙铜炉火锅鸡店,金诚广场,贵州省,毕节市,,餐饮服务;中餐厅;中餐厅,050100,B0MB36EGKZ,餐饮服务,中餐厅,中餐厅,
105.39779619911859,26.774949203789994,李華原汤羊肉粉,李华原汤羊肉粉,贵州省,毕节市,,餐饮服务;中餐厅;中餐厅,050100,B0HBMYKT4O,餐饮服务,中餐厅,中餐厅,
105.40638302160538,26.7815057597011,家运佳鲜味粉馆(雍和世纪城店),利园街道雍和世纪城3号楼12号,贵州省,毕节市,,餐饮服务;中餐厅;中餐厅,050100,B0J06SJIS1,餐饮服务,中餐厅,中餐厅,
105.40570428936094,26.782613421121486,今禧蛋糕店,居仁街道雍和世纪城1栋-2-6,贵州省,毕节市,,餐饮服务;糕饼店;糕饼店,050800,B0LDXHH5UV,餐饮服务,糕饼店,糕饼店,
105.4065639369415,26.781548816679763,洪政上岛咖啡,雍和世纪城,贵州省,毕节市,,餐饮服务;咖啡厅;咖啡厅,050500,B0MBZODC9Z,餐饮服务,咖啡厅,咖啡厅,
105.40595213178536,26.783324420385682,金玉满堂盛宴(和瑞庭店),和瑞社区发展大道瑞庭3号楼2层商铺,贵州省,毕节市,,餐饮服务;中餐厅;综合酒楼,050101,B0HRNZV1X5,餐饮服务,中餐厅,综合酒楼,
105.40762339514386,26.783363009189102,邻里大食堂,居仁街道和瑞庭广场旁边,贵州省,毕节市,,餐饮服务;中餐厅;中餐厅,050100,B0LKSOK2KM,餐饮服务,中餐厅,中餐厅,
105.4065639369415,26.781548816679763,食在居人脆皮猪脚火锅,雍和世纪城,贵州省,毕节市,,餐饮服务;中餐厅;火锅店,050117,B0L11RLYDL,餐饮服务,中餐厅,火锅店,
105.40555043058403,26.781354511362707,元气先锋(雍和世纪城二期店),雍和世纪城3栋3-1-21门店,贵州省,毕节市,,餐饮服务;餐饮相关场所;餐饮相关,050000,B0FFFSA5FC,餐饮服务,餐饮相关场所,餐饮相关,
105.39720672394438,26.775213211383814,夜宵大排档总店,宣慰街道法那社区大商汇A1栋1-1号门面,贵州省,毕节市,,餐饮服务;中餐厅;中餐厅,050100,B0JD47NTF8,餐饮服务,中餐厅,中餐厅,
105.40595316038811,26.78275548315591,颜记水城羊肉粉(和瑞庭店),雍和世纪城,贵州省,毕节市,,餐饮服务;中餐厅;中餐厅,050100,B0KDZBH9J6,餐饮服务,中餐厅,中餐厅,
105.38946760532492,26.7709124805972,好柿朴院,发展大道9号御品雍城售楼部旁,贵州省,毕节市,,餐饮服务;餐饮相关场所;餐饮相关,050000,B0KA4DDYBI,餐饮服务,餐饮相关场所,餐饮相关,
105.40072261695123,26.77825691815966,邻家小炒,大商汇C1-8新客站旁边邻家小炒,贵州省,毕节市,,餐饮服务;中餐厅;中餐厅,050100,B0HK7CML0B,餐饮服务,中餐厅,中餐厅,
105.39664023254312,26.775705208603217,放养柴火鸡,宣威街道办事处法那社区大商汇A3栋4-2-2号,贵州省,毕节市,,餐饮服务;中餐厅;中餐厅,050100,B0HKNUQWVP,餐饮服务,中餐厅,中餐厅,
105.3968890390058,26.774866271428486,霸王茶姬(贵州毕节纳雍盛世国际店),发展大道11-30号盛世国际1期10-1-11,贵州省,毕节市,,餐饮服务;休闲餐饮场所;休闲餐饮场所,050400,B0J101ONQT,餐饮服务,休闲餐饮场所,休闲餐饮场所,
105.39780608769793,26.77695599777937,六龙豆干火锅(纳雍新鼎大商汇店),居仁街道新鼎大商汇A4-2-18号,贵州省,毕节市,,餐饮服务;中餐厅;火锅店,050117,B0FFIBX2C3,餐饮服务,中餐厅,火锅店,
105.39731361359483,26.775437181222877,沙县小吃(大商汇店),宣慰街道宣慰社区大商汇A1-1-3号门面,贵州省,毕节市,,餐饮服务;快餐厅;快餐厅,050300,B0FFK1ZGTV,餐饮服务,快餐厅,快餐厅,
105.39684603116888,26.775815178534554,胡胖子一绝牛肉粉,居仁街道大商汇A3-41,贵州省,毕节市,,餐饮服务;快餐厅;快餐厅,050300,B0HRV99X10,餐饮服务,快餐厅,快餐厅,
105.3901207825559,26.77050026684242,杨梅农庄,旮旯河大桥右侧杨梅农庄,贵州省,毕节市,,餐饮服务;中餐厅;云贵菜,050114,B0FFI4IALU,餐饮服务,中餐厅,云贵菜,
105.4007685739272,26.77842490442326,章记羊肉粉,发展大道与居仁西路交叉口西南220米,贵州省,毕节市,,餐饮服务;快餐厅;快餐厅,050300,B0FFIC294J,餐饮服务,快餐厅,快餐厅,
105.3910925364526,26.771062867879976,桃园休闲烙锅,"旮旯河大桥,右侧,桃园休闲烙锅",贵州省,毕节市,,餐饮服务;中餐厅;中餐厅,050100,B0G1G7P8AX,餐饮服务,中餐厅,中餐厅,
105.40166086408537,26.779647869306405,仙姑羊汤锅(纳雍店),纳雍汽车客运总站(居仁西路南),贵州省,毕节市,,餐饮服务;中餐厅;中餐厅,050100,B0J21XB89W,餐饮服务,中餐厅,中餐厅,
105.40443403479169,26.78115522681784,蒙大侠擂椒盖饭(小碗菜),雍和世纪城,贵州省,毕节市,,餐饮服务;中餐厅;中餐厅|餐饮服务;快餐厅;快餐厅,050100|050300,B0L1HDWYFB,餐饮服务,中餐厅,中餐厅|餐饮服务,快餐厅
105.40443403479169,26.78115522681784,蒙大侠擂椒盖饭(小碗菜),雍和世纪城,贵州省,毕节市,,餐饮服务;中餐厅;中餐厅|餐饮服务;快餐厅;快餐厅,050100|050300,B0L1HDWYFB,餐饮服务,中餐厅,中餐厅|餐饮服务,快餐厅
105.40599413768783,26.78281348984439,唐记牛肉粉馆,雍和世纪城1栋,贵州省,毕节市,,餐饮服务;中餐厅;中餐厅,050100,B0KR4CJ372,餐饮服务,中餐厅,中餐厅,
105.39697791960194,26.77556519297983,老字号红烧大蹄花粉馆(纳雍店),发展大道大商汇A2栋,贵州省,毕节市,,餐饮服务;中餐厅;中餐厅,050100,B0G23MBKWX,餐饮服务,中餐厅,中餐厅,
105.3990349614558,26.77814585175159,花江狗肉馆,大商汇B4-2-37,贵州省,毕节市,,餐饮服务;中餐厅;火锅店,050117,B0FFIYDN8W,餐饮服务,中餐厅,火锅店,
105.38927686150139,26.770796569296166,柿季之庭,发展大道9号,贵州省,毕节市,,餐饮服务;餐饮相关场所;餐饮相关,050000,B0LBKDM7NE,餐饮服务,餐饮相关场所,餐饮相关,
105.40164085643013,26.78007282155667,老二牛肉馆,宣慰街道法那社区大山商汇C3-5号,贵州省,毕节市,,餐饮服务;餐饮相关场所;餐饮相关,050000,B0LG1O56KT,餐饮服务,餐饮相关场所,餐饮相关,
105.39862828569149,26.778535810824163,如意家饭馆(纳雍新鼎大商汇店),发展大道纳雍客运站附近,贵州省,毕节市,,餐饮服务;餐饮相关场所;餐饮相关,050000,B0FFHKGD7Y,餐饮服务,餐饮相关场所,餐饮相关,
105.38690521546393,26.7688738424502,鹭岛咖啡(骏豪盛世国际3期店),发展大道盛世国际三期4楼,贵州省,毕节市,,餐饮服务;咖啡厅;咖啡厅,050500,B0H65OR95F,餐饮服务,咖啡厅,咖啡厅,
105.4059211490156,26.783280415419462,丰味小厨(和瑞庭店),和瑞庭社区聚资源超市旁边,贵州省,毕节市,,餐饮服务;中餐厅;中餐厅,050100,B0HKGUDI2L,餐饮服务,中餐厅,中餐厅,
105.40650580292447,26.784683452431604,三锅九膳鱼羊鲜汤,和瑞庭1号楼,贵州省,毕节市,,餐饮服务;中餐厅;中餐厅,050100,B0LDTC7YSG,餐饮服务,中餐厅,中餐厅,
105.39163885885856,26.771321666508072,桃园农庄,文昌街道办事处松林社区大桥旁,贵州省,毕节市,,餐饮服务;中餐厅;中餐厅,050100,B0FFIRVUMT,餐饮服务,中餐厅,中餐厅,
105.39071996194791,26.771765926556597,贵阳留一手烤鱼(纳雍店),御品雍城,贵州省,毕节市,,餐饮服务;中餐厅;中餐厅,050100,B0I1DHPM45,餐饮服务,中餐厅,中餐厅,
105.38763616262807,26.769286443003722,烙海记烙锅海鲜大咖烤鱼,南溪·雲谷,贵州省,毕节市,,餐饮服务;中餐厅;中餐厅,050100,B0L11RM6BV,餐饮服务,中餐厅,中餐厅,
105.39630555642621,26.775685245198567,纳雍芭蕉扇串串烫,发展大道7号,贵州省,毕节市,,餐饮服务;餐饮相关场所;餐饮相关,050000,B0K29CUPAI,餐饮服务,餐饮相关场所,餐饮相关,
105.38695015141258,26.76887181987085,王幺妹酒楼(盛世国际3期店),盛世国际三期3号楼,贵州省,毕节市,,餐饮服务;餐饮相关场所;餐饮相关,050000,B0G1M5X3EQ,餐饮服务,餐饮相关场所,餐饮相关,
105.37935868550886,26.761308495479437,老班长柴火鸡,文昌路与发展大道交叉口东南480米,贵州省,毕节市,,餐饮服务;餐饮相关场所;餐饮相关,050000,B0FFL5V7PK,餐饮服务,餐饮相关场所,餐饮相关,
105.40188965949596,26.78053080489757,重庆小面(云景台店),云景台车站出站口,贵州省,毕节市,,餐饮服务;中餐厅;中餐厅,050100,B0IRJCLURV,餐饮服务,中餐厅,中餐厅,
105.40525249156497,26.783139229781757,食天食夜美食城,雍和世纪城金融街1-2号,贵州省,毕节市,,餐饮服务;餐饮相关场所;餐饮相关,050000,B0LGHZJJR7,餐饮服务,餐饮相关场所,餐饮相关,
105.39907791920088,26.778270839081966,云韵牛肉粉馆,宣慰街道办事处宣慰社区大商汇B4-2-34号门面,贵州省,毕节市,,餐饮服务;中餐厅;中餐厅,050100,B0H2D7DOQ3,餐饮服务,中餐厅,中餐厅,
105.3875792895794,26.768353558802403,纳雍县北部湾海鲜大排档店,南溪云谷4栋4-9号,贵州省,毕节市,,餐饮服务;中餐厅;海鲜酒楼,050119,B0L33A8YJ2,餐饮服务,中餐厅,海鲜酒楼,
105.39818864659271,26.778937776651905,地道私房菜(暂停营业),大商汇B8-2-1-2-1,贵州省,毕节市,,餐饮服务;中餐厅;中餐厅,050100,B0G3A48VM3,餐饮服务,中餐厅,中餐厅,
105.3857678785361,26.768718460874926,黔渔湾蒸汽石锅鱼纳雍店,盛世国际三期10栋2楼,贵州省,毕节市,,餐饮服务;中餐厅;中餐厅,050100,B0H3S5LBLY,餐饮服务,中餐厅,中餐厅,
105.3865437247411,26.76907500949958,烙食膳(烙锅店),盛世国际3期11栋3-3,贵州省,毕节市,,餐饮服务;中餐厅;中餐厅,050100,B0HU7ZYRZ7,餐饮服务,中餐厅,中餐厅,
105.38725976931399,26.76774677140349,小柯烤吧,"盛世国际三期,南溪云谷第2停车场入口对面,5栋",贵州省,毕节市,,餐饮服务;中餐厅;特色/地方风味餐厅,050118,B0L33UAGX4,餐饮服务,中餐厅,特色/地方风味餐厅,
105.38532560336823,26.767443829758925,张记留一手烤鱼烙锅(盛世国际3期店),盛世国际三期8-1-16,贵州省,毕节市,,餐饮服务;中餐厅;中餐厅,050100,B0GUTHIWLL,餐饮服务,中餐厅,中餐厅,
105.49424225115325,26.18804209557704,五龙小院,九龙街道五龙村上玉黑组,贵州省,六盘水市,,餐饮服务;中餐厅;中餐厅,050100,B0JK7ANPYG,餐饮服务,中餐厅,中餐厅,
105.50413965452748,26.200695480441684,李记全牛香一分店,G7611都香高速与六枝东立交桥交叉口西南380米,贵州省,六盘水市,,餐饮服务;中餐厅;火锅店,050117,B0JAFMM3Y1,餐饮服务,中餐厅,火锅店,
105.50398624828496,26.200791080977464,阿松驴肉馆,凉都·东方美苑西南门西110米,贵州省,六盘水市,,餐饮服务;中餐厅;中餐厅,050100,B0GRJGLMLF,餐饮服务,中餐厅,中餐厅,
105.50389300365148,26.200800808838416,水城羊肉粉(向阳路店),凉都·东方美苑西侧130米,贵州省,六盘水市,,餐饮服务;中餐厅;中餐厅,050100,B0H2A558PG,餐饮服务,中餐厅,中餐厅,
105.50324528752952,26.201189110973598,赵记全牛香餐馆,立邦(六枝国际建材城店)西南侧,贵州省,六盘水市,,餐饮服务;中餐厅;中餐厅,050100,B0G24CEWQT,餐饮服务,中餐厅,中餐厅,
105.53553095572839,26.19458422914725,大用园区柴火鸡,大用生态观光园(西北角),贵州省,六盘水市,,餐饮服务;中餐厅;中餐厅,050100,B0MBFD5HI6,餐饮服务,中餐厅,中餐厅,
105.50175836627228,26.201562891957114,味聚全餐馆,六枝高速路东站国际建材城,贵州省,六盘水市,,餐饮服务;中餐厅;中餐厅,050100,B0FFKQIN7H,餐饮服务,中餐厅,中餐厅,
105.50148464778746,26.20154506185562,琴蔡餐馆,六枝东收费站国际建材城全友家居正对面琴蔡餐馆,贵州省,六盘水市,,餐饮服务;中餐厅;中餐厅,050100,B0IDYUU4SH,餐饮服务,中餐厅,中餐厅,
105.50279804262296,26.2026656668259,幺妹餐馆,六枝东立交桥南40米,贵州省,六盘水市,,餐饮服务;中餐厅;中餐厅,050100,B0JDBSEABA,餐饮服务,中餐厅,中餐厅,
105.54682707855646,26.18627228257422,乡村农家乐腊排火锅大用湾寨店,大用村湾寨片365号,贵州省,六盘水市,,餐饮服务;中餐厅;火锅店,050117,B0FFIF9L6R,餐饮服务,中餐厅,火锅店,
105.48306107956296,26.193297077827335,施记餐馆(七冶国际花园店),牂牁大道与迎宾大道交叉口东320米,贵州省,六盘水市,,餐饮服务;中餐厅;中餐厅,050100,B0KBRHOVMK,餐饮服务,中餐厅,中餐厅,
105.49662179127476,26.202718180087498,盛源食府,国际建材城天顺汽摩城,贵州省,六盘水市,,餐饮服务;中餐厅;中餐厅,050100,B0G0XH256K,餐饮服务,中餐厅,中餐厅,
105.53731436257901,26.197804431170013,大用鸡火锅,大用镇大用鸡火锅,贵州省,六盘水市,,餐饮服务;中餐厅;火锅店,050117,B0FFGJPTR4,餐饮服务,中餐厅,火锅店,
105.54731888806451,26.186018122490605,老鲁食尚农家园,102省道南50米,贵州省,六盘水市,,餐饮服务;餐饮相关场所;餐饮相关,050000,B0FFKIQ0M4,餐饮服务,餐饮相关场所,餐饮相关,
105.54690720261641,26.186407528863086,大用镇湾寨村牛味小馆,G7611都香高速,贵州省,六盘水市,,餐饮服务;中餐厅;中餐厅,050100,B0GRD5I26J,餐饮服务,中餐厅,中餐厅,
105.54767947349633,26.185876760459877,国富砂锅狗肉馆,大用丫口往下300米,贵州省,六盘水市,,餐饮服务;中餐厅;综合酒楼,050101,B0G3X9EXA5,餐饮服务,中餐厅,综合酒楼,
105.54746112188896,26.185914345100503,高老庄腊排火锅,大用镇大用村湾寨片,贵州省,六盘水市,,餐饮服务;中餐厅;中餐厅,050100,B0G0TCGQLG,餐饮服务,中餐厅,中餐厅,
105.4934154138392,26.201713948392666,花田芬芳奶茶店,东城惠民小区C区,贵州省,六盘水市,,餐饮服务;冷饮店;冷饮店,050700,B0JKTX8VUS,餐饮服务,冷饮店,冷饮店,
105.49333620222389,26.201793759045756,赵福记羊肉粉馆(东城惠民小区店),平寨镇金鑫建材城惠民小区20号楼,贵州省,六盘水市,,餐饮服务;中餐厅;中餐厅,050100,B035A0NM4G,餐饮服务,中餐厅,中餐厅,
105.54293609325612,26.193694650142632,鑫冠饼屋(大用店),大用街,贵州省,六盘水市,,餐饮服务;糕饼店;糕饼店,050800,B0FFK9N0KS,餐饮服务,糕饼店,糕饼店,
105.48199737499274,26.193785268504026,可可烘焙房(七冶国际花园店),瓦窑小区17栋120号门面,贵州省,六盘水市,,餐饮服务;糕饼店;糕饼店,050800,B0HRY1FN8V,餐饮服务,糕饼店,糕饼店,
105.5435983055209,26.192768514481212,富瑞狗肉馆,大用镇第一中学南侧90米,贵州省,六盘水市,,餐饮服务;中餐厅;中餐厅,050100,B0MBXO00IC,餐饮服务,中餐厅,中餐厅,
105.48230915627907,26.19384121210066,周记餐馆,牂牁大道与迎宾大道交叉口东240米,贵州省,六盘水市,,餐饮服务;中餐厅;中餐厅,050100,B0L0T49LKP,餐饮服务,中餐厅,中餐厅,
105.48195826422305,26.194040310154765,施记夜食(瓦窑店),南环路瓦窑小区3栋1号,贵州省,六盘水市,,餐饮服务;中餐厅;中餐厅,050100,B0FFIXLXY5,餐饮服务,中餐厅,中餐厅,
105.48275021889194,26.1948381086734,九方烧烤,迎宾大道与牂牁大道交叉口东280米,贵州省,六盘水市,,餐饮服务;中餐厅;特色/地方风味餐厅,050118,B0L0X9MPYW,餐饮服务,中餐厅,特色/地方风味餐厅,
105.48343386454629,26.196522135601846,外婆柴火鸡,迎宾大道与牂牁大道交叉口东北400米,贵州省,六盘水市,,餐饮服务;中餐厅;中餐厅,050100,B0GRLUNFNX,餐饮服务,中餐厅,中餐厅,
105.48160739368758,26.19383916548828,啤酒哥烧烤,牂牁大道与迎宾大道交叉口东160米,贵州省,六盘水市,,餐饮服务;中餐厅;特色/地方风味餐厅,050118,B0LUD9ETBB,餐饮服务,中餐厅,特色/地方风味餐厅,
105.49223429771605,26.202164680398784,李记特色烤猪蹄(东城惠民小区B区店),东城惠民小区B区西北门东190米,贵州省,六盘水市,,餐饮服务;餐饮相关场所;餐饮相关,050000,B0KGGYYNU5,餐饮服务,餐饮相关场所,餐饮相关,
105.48125650285331,26.194088297066273,幸福包子店,牂牁大道与迎宾大道交叉口东120米,贵州省,六盘水市,,餐饮服务;中餐厅;中餐厅,050100,B0LBL9RF0N,餐饮服务,中餐厅,中餐厅,
105.48199231000869,26.19484990315003,韩记瓦窑干锅鸡(七冶国际花园店),九龙街道七冶国际花园21栋154号门面,贵州省,六盘水市,,餐饮服务;餐饮相关场所;餐饮相关,050000,B0JGDCHW3R,餐饮服务,餐饮相关场所,餐饮相关,
105.48192815018263,26.194822699564018,野菜豆米火锅(七冶国际花园店),七冶国际花园北门东110米,贵州省,六盘水市,,餐饮服务;中餐厅;火锅店,050117,B0GR2XCW0H,餐饮服务,中餐厅,火锅店,
105.48122741226646,26.194451434055523,萧记羊肉粉馆(七冶国际花园店),七冶国际花园北门旁,贵州省,六盘水市,,餐饮服务;中餐厅;中餐厅,050100,B0I19ZU3PP,餐饮服务,中餐厅,中餐厅,
105.48143594266053,26.194276933806165,天津灌汤小笼包(七冶国际花园店),牂牁大道与迎宾大道交叉口东140米,贵州省,六盘水市,,餐饮服务;快餐厅;快餐厅,050300,B0FFKTT2N1,餐饮服务,快餐厅,快餐厅,
105.55053395630479,26.18416127353791,大用镇湾寨吉扬荞饭野菜鸡火锅,大用镇大用村湾寨片,贵州省,六盘水市,,餐饮服务;中餐厅;火锅店,050117,B0FFKNG9PG,餐饮服务,中餐厅,火锅店,
105.48111711935866,26.194801327004196,享哆味·汉堡炸鸡(六枝瓦窑店),瓦窑小区19栋141号,贵州省,六盘水市,,餐饮服务;餐饮相关场所;餐饮相关,050000,B0K2HXO9FR,餐饮服务,餐饮相关场所,餐饮相关,
105.55041777505947,26.184338161947103,顺风鸡火锅,G7611都香高速附近,贵州省,六盘水市,,餐饮服务;餐饮相关场所;餐饮相关,050000,B0FFKGX6A3,餐饮服务,餐饮相关场所,餐饮相关,
105.5513502677407,26.18180235149323,明祥狗肉馆,泰丰商砼东北侧270米,贵州省,六盘水市,,餐饮服务;中餐厅;中餐厅,050100,B0H3TRLY2H,餐饮服务,中餐厅,中餐厅,
105.55306705757883,26.174314841983026,大用镇果园柴火鸡,G356省道,贵州省,六盘水市,,餐饮服务;中餐厅;火锅店,050117,B0FFKKNANE,餐饮服务,中餐厅,火锅店,
105.49199362782112,26.20298945724567,竹笋鸡火锅(东兴小区店),平寨镇金鑫建材城东兴小区2-3号门面,贵州省,六盘水市,,餐饮服务;中餐厅;中餐厅,050100,B0IUC501PX,餐饮服务,中餐厅,中餐厅,
105.49109731152289,26.202470461853093,李记全牛香餐馆,桂花苑北门东50米,贵州省,六盘水市,,餐饮服务;中餐厅;中餐厅,050100,B0FFGAUG65,餐饮服务,中餐厅,中餐厅,
105.49200264881961,26.203042516252783,久缘脆皮猪脚火锅,东兴小区东门旁,贵州省,六盘水市,,餐饮服务;中餐厅;火锅店,050117,B0JBPSAR25,餐饮服务,中餐厅,火锅店,
105.49010674347782,26.202190332717564,杨记正宗全羊汤锅,迎宾大道六枝国际建材城,贵州省,六盘水市,,餐饮服务;中餐厅;中餐厅,050100,B0H1ORTOR9,餐饮服务,中餐厅,中餐厅,
105.48995734901395,26.202306957126925,特色泡椒肥肠牛肉粉,平寨镇下云盘金鑫建材城金博楼,贵州省,六盘水市,,餐饮服务;中餐厅;中餐厅,050100,B0FFJOTT96,餐饮服务,中餐厅,中餐厅,
105.47991711497278,26.195145060741044,丰盈便利店+陈孃羊肉粉,九龙街道南环路中盛山水城二期D区26号楼一层62号,贵州省,六盘水市,,餐饮服务;中餐厅;中餐厅,050100,B0KAARA8CX,餐饮服务,中餐厅,中餐厅,
105.49127469039264,26.204191029443294,乡下仔土菜馆,交通东路与迎宾大道交叉口西北180米,贵州省,六盘水市,,餐饮服务;中餐厅;中餐厅,050100,B035A01KBE,餐饮服务,中餐厅,中餐厅,
105.48934973358821,26.203043588898936,王记正宗花江狗肉馆,牡丹苑幢1层45号,贵州省,六盘水市,,餐饮服务;中餐厅;中餐厅,050100,B0LDFYQNGB,餐饮服务,中餐厅,中餐厅,
105.48948908293558,26.20330115968911,陈记私房菜(九龙路店),梅花苑金牌店,贵州省,六盘水市,,餐饮服务;中餐厅;中餐厅,050100,B0K0JGBLRF,餐饮服务,中餐厅,中餐厅,
105.48969963023477,26.20329878628478,云记快餐,金鑫建材城梅花苑3号门面,贵州省,六盘水市,,餐饮服务;快餐厅;快餐厅,050300,B0L1R7BA8O,餐饮服务,快餐厅,快餐厅,
105.4893266725313,26.203067534584953,盘县牛肉馆,东兴街与迎宾大道交叉口西240米,贵州省,六盘水市,,餐饮服务;中餐厅;中餐厅,050100,B0M62DV5G3,餐饮服务,中餐厅,中餐厅,
105.48934671590803,26.203244701149046,付记小吃店,东兴街与迎宾大道交叉口西240米,贵州省,六盘水市,,餐饮服务;餐饮相关场所;餐饮相关,050000,B0MBR4POO8,餐饮服务,餐饮相关场所,餐饮相关,
105.48940385273184,26.203481013930634,仁艳餐馆,梅花苑金牌店,贵州省,六盘水市,,餐饮服务;中餐厅;中餐厅,050100,B0IUP7S9BU,餐饮服务,中餐厅,中餐厅,
105.4893256429209,26.20361786320886,敏鑫和谐羊肉粉馆,东兴街与迎宾大道交叉口西260米,贵州省,六盘水市,,餐饮服务;中餐厅;中餐厅,050100,B0FFFSBG6L,餐饮服务,中餐厅,中餐厅,
105.48942591149391,26.203451061655024,马老三牛肉粉,梅花苑金牌店,贵州省,六盘水市,,餐饮服务;中餐厅;中餐厅,050100,B0K3YRHEVP,餐饮服务,中餐厅,中餐厅,
105.48915521113275,26.203400224054832,黔香味餐馆,东兴街与迎宾大道交叉口西260米,贵州省,六盘水市,,餐饮服务;中餐厅;中餐厅,050100,B0LD3LKPVU,餐饮服务,中餐厅,中餐厅,
105.48977779083916,26.204169544031966,刘记小厨,东兴街与迎宾大道交叉口西北260米,贵州省,六盘水市,,餐饮服务;中餐厅;中餐厅,050100,B0MBD6EWPZ,餐饮服务,中餐厅,中餐厅,
105.48954413590683,26.20514143171392,四通狗肉,平寨镇云盘加油站,贵州省,六盘水市,,餐饮服务;中餐厅;特色/地方风味餐厅,050118,B035A00BME,餐饮服务,中餐厅,特色/地方风味餐厅,
105.48786579201413,26.20503236932095,盘县普田清真牛肉馆,市二医清真牛肉馆(安水路),贵州省,六盘水市,,餐饮服务;中餐厅;清真菜馆,050121,B0FFG7BT21,餐饮服务,中餐厅,清真菜馆,
105.48827385042438,26.20496554228908,兴隆狗肉馆,九龙路与胜利路交叉口东南280米,贵州省,六盘水市,,餐饮服务;中餐厅;特色/地方风味餐厅,050118,B0L1BMYZKW,餐饮服务,中餐厅,特色/地方风味餐厅,
105.48398595812395,26.202775543470295,忆味再吃乐,胜利路云欣苑16栋9-11商铺,贵州省,六盘水市,,餐饮服务;中餐厅;中餐厅,050100,B0JKAULWFY,餐饮服务,中餐厅,中餐厅,
105.48772741728558,26.205385170301124,上海小笼包(六枝特区中医院东北),平寨镇下云盘矿医对面,贵州省,六盘水市,,餐饮服务;餐饮相关场所;餐饮相关,050000,B0FFG6A41F,餐饮服务,餐饮相关场所,餐饮相关,
105.48780361452467,26.20537639139212,水城带皮羊肉粉(九龙路店),平寨镇市二医院,贵州省,六盘水市,,餐饮服务;中餐厅;中餐厅,050100,B0G21HA52Q,餐饮服务,中餐厅,中餐厅,
105.48802518793882,26.20536004005564,江萍餐馆,九龙路与胜利路交叉口东南240米,贵州省,六盘水市,,餐饮服务;中餐厅;中餐厅,050100,B0FFKTX217,餐饮服务,中餐厅,中餐厅,
105.48483205013876,26.204034791262714,泓厨,胜利路云欣苑五栋旁,贵州省,六盘水市,,餐饮服务;中餐厅;中餐厅,050100,B0IGZDUUQK,餐饮服务,中餐厅,中餐厅,
105.4875750230249,26.205401727646695,千里香馄饨,九龙路与胜利路交叉口东南200米,贵州省,六盘水市,,餐饮服务;快餐厅;快餐厅,050300,B0G0MOPQB9,餐饮服务,快餐厅,快餐厅,
105.48732838265143,26.205485045574953,实惠家常炒菜馆,九龙路与胜利路交叉口东南180米,贵州省,六盘水市,,餐饮服务;中餐厅;中餐厅,050100,B0H27ZUQ6D,餐饮服务,中餐厅,中餐厅,
105.48739556216898,26.205357168094903,凯里鹅肉粉火锅,九龙路与胜利路交叉口东南180米,贵州省,六盘水市,,餐饮服务;中餐厅;火锅店,050117,B0KG4SK6J2,餐饮服务,中餐厅,火锅店,
105.48712485335871,26.205580499114472,海英餐馆,云盘村(矿医对面),贵州省,六盘水市,,餐饮服务;快餐厅;快餐厅,050300,B0FFK9MV30,餐饮服务,快餐厅,快餐厅,
105.48724116019126,26.20543575714802,黄记脆皮猪脚粉面火锅,九龙路与胜利路交叉口东南160米,贵州省,六盘水市,,餐饮服务;餐饮相关场所;餐饮相关,050000,B0MBPX3969,餐饮服务,餐饮相关场所,餐饮相关,
105.47688054402751,26.197608854984338,奇奇蛋糕,中盛山水城C区12栋,贵州省,六盘水市,,餐饮服务;糕饼店;糕饼店,050800,B0K3Y7CSTL,餐饮服务,糕饼店,糕饼店,
105.484063081602,26.204252660105087,德坞老街张记全羊汤锅(六枝云欣苑店),九龙街道胜利路云欣苑A1-104,贵州省,六盘水市,,餐饮服务;中餐厅;中餐厅,050100,B0J1TCIWKJ,餐饮服务,中餐厅,中餐厅,
105.485571851747,26.205846062489528,塔斯汀中国汉堡(六盘水市六枝碧桂园店),碧桂园1号楼1-9门面,贵州省,六盘水市,,餐饮服务;快餐厅;快餐厅,050300,B0LKMH5UDT,餐饮服务,快餐厅,快餐厅,
105.55871745662425,26.168617821072903,大用停车区方圆一品,G7611都香高速与大用停车区交叉口北280米,贵州省,六盘水市,,餐饮服务;中餐厅;中餐厅,050100,B0LDPCVNYI,餐饮服务,中餐厅,中餐厅,
105.55875249885774,26.168568845488124,大用停车区好口香,G7611都香高速与大用停车区交叉口北280米,贵州省,六盘水市,,餐饮服务;中餐厅;中餐厅,050100,B0LDPCVNYK,餐饮服务,中餐厅,中餐厅,
105.4857011848899,26.205805420047025,蜜雪冰城(六枝碧桂园店),九龙街道碧桂园1号楼1层6号商铺,贵州省,六盘水市,,餐饮服务;冷饮店;冷饮店,050700,B0LGVUYBD1,餐饮服务,冷饮店,冷饮店,
105.48365002713054,26.20437352013067,唐记活兔点杀(云欣苑小区店),胜利路云欣苑23栋一楼30号门面,贵州省,六盘水市,,餐饮服务;中餐厅;中餐厅,050100,B0FFK61LZK,餐饮服务,中餐厅,中餐厅,
105.48531422250076,26.205237936645627,红国牛肉粉面馆,胜利路与九龙路交叉口西南140米,贵州省,六盘水市,,餐饮服务;中餐厅;中餐厅,050100,B0HKNZQ68V,餐饮服务,中餐厅,中餐厅,
105.48462547735821,26.204974748565704,鲜鲜肉小烤串(二店),九龙街道胜利路云盘材料厂5、6号门面,贵州省,六盘水市,,餐饮服务;中餐厅;特色/地方风味餐厅,050118,B0MBSAE7CD,餐饮服务,中餐厅,特色/地方风味餐厅,
105.48616635147691,26.206336113753743,华莱士·全鸡汉堡(六枝胜利店),胜利路(三小对面),贵州省,六盘水市,,餐饮服务;快餐厅;快餐厅,050300,B0HRO7L4ID,餐饮服务,快餐厅,快餐厅,
105.48532523323234,26.205593182636658,曹记酸汤鱼粉,碧桂园2-14,贵州省,六盘水市,,餐饮服务;中餐厅;云贵菜,050114,B0JD7CHTBG,餐饮服务,中餐厅,云贵菜,
105.48529715885957,26.205646131619798,柠布,胜利路与九龙路交叉口西南100米,贵州省,六盘水市,,餐饮服务;冷饮店;冷饮店,050700,B0JDBZ8P1C,餐饮服务,冷饮店,冷饮店,
105.48569714997775,26.20630670913881,上海特色糕点,胜利路14-1-7号,贵州省,六盘水市,,餐饮服务;糕饼店;糕饼店,050800,B035A01KKB,餐饮服务,糕饼店,糕饼店,
105.48598288141659,26.206323563650507,六枝稼禾水城羊肉粉云盘店,安水路碧桂园零食很忙对面,贵州省,六盘水市,,餐饮服务;中餐厅;中餐厅,050100,B0I3AAQSGK,餐饮服务,中餐厅,中餐厅,
105.48606207840025,26.206448873031913,罗记满口香面食店,交通东路德仁堂大药房旁,贵州省,六盘水市,,餐饮服务;中餐厅;中餐厅,050100,B0FFKT4CSF,餐饮服务,中餐厅,中餐厅,
105.4855166903621,26.206258147070216,熹熹妹水城羊肉粉,松欣苑C区,贵州省,六盘水市,,餐饮服务;中餐厅;中餐厅,050100,B0FFHICIHC,餐饮服务,中餐厅,中餐厅,
105.4862164809217,26.20632025252995,杨记安顺破酥包子店,九龙路与胜利路交叉口东40米,贵州省,六盘水市,,餐饮服务;餐饮相关场所;餐饮相关,050000,B0FFIPH18S,餐饮服务,餐饮相关场所,餐饮相关,
105.48560792101699,26.206316451446664,九九鸭脖,下云盘新干线八分店旁,贵州省,六盘水市,,餐饮服务;快餐厅;快餐厅,050300,B0FFKCPODY,餐饮服务,快餐厅,快餐厅,
105.48228956415426,26.204898855052136,凉都青瓦房烙锅(六枝云欣苑店),九龙街道胜利路云欣苑2期1-87,贵州省,六盘水市,,餐饮服务;中餐厅;云贵菜,050114,B0K0XSNR04,餐饮服务,中餐厅,云贵菜,
105.48317982771177,26.204548246996197,金厨(六枝店),云欣苑小区,贵州省,六盘水市,,餐饮服务;餐饮相关场所;餐饮相关,050000,B0JUJ7TLVM,餐饮服务,餐饮相关场所,餐饮相关,
105.48265950606833,26.204698815226383,湘聚德烤鸭(六枝店),云欣苑小区,贵州省,六盘水市,,餐饮服务;餐饮相关场所;餐饮相关,050000,B0JKBUNNZE,餐饮服务,餐饮相关场所,餐饮相关,
105.48204094192721,26.204836092045333,享哆味汉堡炸鸡(六枝连城国际店),云欣苑小区北门旁,贵州省,六盘水市,,餐饮服务;餐饮相关场所;餐饮相关,050000,B0LD1XCI1K,餐饮服务,餐饮相关场所,餐饮相关,
105.4823657737329,26.20453786034399,王记水城羊肉粉(胜利路店),云欣苑,贵州省,六盘水市,,餐饮服务;中餐厅;中餐厅,050100,B0KDZOT6N3,餐饮服务,中餐厅,中餐厅,
105.4818484689571,26.204622402538796,斌治精酿鲜啤夜食屋,云欣苑小区北门西南70米,贵州省,六盘水市,,餐饮服务;餐饮相关场所;餐饮相关,050000,B0I3FRTKJ8,餐饮服务,餐饮相关场所,餐饮相关,
105.47917592541899,26.202390317291876,滕记水城跳嘴鱼,胜利路与团结路交叉口东南40米,贵州省,六盘水市,,餐饮服务;中餐厅;中餐厅,050100,B0FFG6YL22,餐饮服务,中餐厅,中餐厅,
105.4785664366517,26.202148419743388,绝味烤鱼(东苑小区东区店),底大湾东苑小区3栋2号门面,贵州省,六盘水市,,餐饮服务;中餐厅;中餐厅,050100,B0FFGEY0SM,餐饮服务,中餐厅,中餐厅,
105.47843912797782,26.20206800602073,安顺留一手烤鱼(聚龍总店),贵州省六盘水市六枝特区九龙街道东苑小区7-8门面,贵州省,六盘水市,,餐饮服务;餐饮相关场所;餐饮相关,050000,B0FFG52EP6,餐饮服务,餐饮相关场所,餐饮相关,
105.48149560129406,26.204271163906608,忠华餐馆,胜利路东50米,贵州省,六盘水市,,餐饮服务;中餐厅;中餐厅,050100,B0FFHIBZC8,餐饮服务,中餐厅,中餐厅,
105.48154873318052,26.204296333635295,伊欣烧烤,胜利路云欣苑一号楼16号门面,贵州省,六盘水市,,餐饮服务;中餐厅;清真菜馆,050121,B0H1MRZACL,餐饮服务,中餐厅,清真菜馆,
105.4786807160373,26.202178766067476,小红毛贵阳特色烤肉,胜利路40号,贵州省,六盘水市,,餐饮服务;餐饮相关场所;餐饮相关,050000,B0H2P5PTGT,餐饮服务,餐饮相关场所,餐饮相关,
105.48168306436742,26.204409792892456,过把瘾烧烤,胜利路8号门面(云欣苑),贵州省,六盘水市,,餐饮服务;中餐厅;特色/地方风味餐厅,050118,B0HR2MRN6C,餐饮服务,中餐厅,特色/地方风味餐厅,
105.48114270793793,26.204480263963614,龙虾馆,九龙街道胜利路26号,贵州省,六盘水市,,餐饮服务;中餐厅;中餐厅,050100,B0HA3A3GCW,餐饮服务,中餐厅,中餐厅,
105.4786807160373,26.202178766067476,小红毛贵阳特色烤肉,胜利路40号,贵州省,六盘水市,,餐饮服务;餐饮相关场所;餐饮相关,050000,B0H2P5PTGT,餐饮服务,餐饮相关场所,餐饮相关,
105.48168306436742,26.204409792892456,过把瘾烧烤,胜利路8号门面(云欣苑),贵州省,六盘水市,,餐饮服务;中餐厅;特色/地方风味餐厅,050118,B0HR2MRN6C,餐饮服务,中餐厅,特色/地方风味餐厅,
105.48114270793793,26.204480263963614,龙虾馆,九龙街道胜利路26号,贵州省,六盘水市,,餐饮服务;中餐厅;中餐厅,050100,B0HA3A3GCW,餐饮服务,中餐厅,中餐厅,
105.47562037634796,26.200180844093104,布衣外婆香地摊火锅(六枝店),中盛·山水城B区1栋1-2号,贵州省,六盘水市,,餐饮服务;中餐厅;火锅店,050117,B0K07ADA2U,餐饮服务,中餐厅,火锅店,
105.48122792138312,26.204472506851268,郑记正宗安顺留一手烤鱼,九龙街道胜利路(连城国际三期A栋1-8),贵州省,六盘水市,,餐饮服务;中餐厅;特色/地方风味餐厅,050118,B0HUGNP8YE,餐饮服务,中餐厅,特色/地方风味餐厅,
105.48068860803032,26.203796534668108,千羊百味回头客羊肉粉店,团结路与胜利路交叉口东北160米,贵州省,六盘水市,,餐饮服务;中餐厅;中餐厅,050100,B0JGGHR4BC,餐饮服务,中餐厅,中餐厅,
105.47937740542314,26.2027461121373,底大湾砂锅羊肉砂锅狗肉火锅,胜利路与团结路交叉口南20米,贵州省,六盘水市,,餐饮服务;中餐厅;中餐厅,050100,B0HGFA6GGP,餐饮服务,中餐厅,中餐厅,
105.48201085408435,26.20508515410533,丞茶(六枝店),连城国际25栋B1-17,贵州省,六盘水市,,餐饮服务;餐饮相关场所;餐饮相关,050000,B0J0SCK6R4,餐饮服务,餐饮相关场所,餐饮相关,
105.47848824737682,26.202092161471434,叶记贵阳竹签烤肉(东苑小区店),东苑小区13栋6号门面,贵州省,六盘水市,,餐饮服务;餐饮相关场所;餐饮相关,050000,B0FFKT3BFE,餐饮服务,餐饮相关场所,餐饮相关,
105.48138432263889,26.204270840078657,顺季烧烤店,九龙街道胜利路306号,贵州省,六盘水市,,餐饮服务;中餐厅;特色/地方风味餐厅,050118,B0LRFL905U,餐饮服务,中餐厅,特色/地方风味餐厅,
105.4845511826437,26.207123820350176,机厂徐姨妈砂锅粉店(机厂路店),机厂路与九龙路交叉口南20米,贵州省,六盘水市,,餐饮服务;中餐厅;中餐厅,050100,B035A00BLU,餐饮服务,中餐厅,中餐厅,
105.4817752758268,26.20481430477983,陈邹夜食,胜利路与团结路交叉口东北340米,贵州省,六盘水市,,餐饮服务;餐饮相关场所;餐饮相关,050000,B0GRT7FP3J,餐饮服务,餐饮相关场所,餐饮相关,
105.4791999683161,26.20272458817686,望回头黑山羊肉粉,九龙社区对面,贵州省,六盘水市,,餐饮服务;中餐厅;中餐厅,050100,B0G2XRNLH1,餐饮服务,中餐厅,中餐厅,
105.47729236091496,26.201341288626256,丁旗烤小肠(六枝店),东苑小区西区东南门旁,贵州省,六盘水市,,餐饮服务;中餐厅;中餐厅,050100,B0FFKTRKX4,餐饮服务,中餐厅,中餐厅,
105.47621578693649,26.200635803054183,李记云南脆皮蹄膀,中盛·山水城B区,贵州省,六盘水市,,餐饮服务;中餐厅;中餐厅,050100,B0H0R1EE8J,餐饮服务,中餐厅,中餐厅,
105.4786375857041,26.202672940463664,底大湾小品煤油灯烙锅卤味,胜利路40号,贵州省,六盘水市,,餐饮服务;中餐厅;中餐厅,050100,B0K041V94Y,餐饮服务,中餐厅,中餐厅,
105.48109258315927,26.204470112278752,广西鱼生,胜利路连城国际三期A1-9号,贵州省,六盘水市,,餐饮服务;中餐厅;中餐厅,050100,B0M6SO4F0M,餐饮服务,中餐厅,中餐厅,
105.48191260995151,26.205030835093037,本味鸡,连城国际,贵州省,六盘水市,,餐饮服务;餐饮相关场所;餐饮相关,050000,B0K3VSLXQX,餐饮服务,餐饮相关场所,餐饮相关,
105.48475668518157,26.207556684830244,巴实烙锅(松欣苑小区店),交通东路(松欣苑B区),贵州省,六盘水市,,餐饮服务;中餐厅;中餐厅,050100,B0FFHIBZ5E,餐饮服务,中餐厅,中餐厅,
105.48180735229109,26.20489644761235,六盘水市牛鲜厨铜锅牛肉,云欣苑小区北门西70米,贵州省,六盘水市,,餐饮服务;中餐厅;火锅店,050117,B0L3JPC6S7,餐饮服务,中餐厅,火锅店,
105.48110461287591,26.20447715144938,砂锅狗肉馆,连城国际3期A1-9号,贵州省,六盘水市,,餐饮服务;中餐厅;特色/地方风味餐厅,050118,B0L35SDVK6,餐饮服务,中餐厅,特色/地方风味餐厅,
105.48091715250906,26.20431751119113,郭记卤味烙锅,胜利路与云欣路交叉口西南120米,贵州省,六盘水市,,餐饮服务;中餐厅;中餐厅,050100,B0LDB599JF,餐饮服务,中餐厅,中餐厅,
105.47901348574544,26.20318532946904,元气先锋(团结路店),九龙街道连城国际5-30,贵州省,六盘水市,,餐饮服务;中餐厅;中餐厅,050100,B0LUJD9E9J,餐饮服务,中餐厅,中餐厅,
105.47733644664675,26.201779679144273,麻辣江湖(胜利花园A区店),东苑小区西区东南门东北50米,贵州省,六盘水市,,餐饮服务;中餐厅;中餐厅,050100,B0FFGPGDY7,餐饮服务,中餐厅,中餐厅,
105.47637216843978,26.200555197476135,牛当家牛肉馆(六枝特区中盛·山水城B区店),九龙街道南环路与胜利路交叉口中盛山水城B区3幢1层6号,贵州省,六盘水市,,餐饮服务;中餐厅;中餐厅,050100,B0LRBLO4KH,餐饮服务,中餐厅,中餐厅,
105.47637216843978,26.200555197476135,牛当家牛肉馆(六枝特区中盛·山水城B区店),九龙街道南环路与胜利路交叉口中盛山水城B区3幢1层6号,贵州省,六盘水市,,餐饮服务;中餐厅;中餐厅,050100,B0LRBLO4KH,餐饮服务,中餐厅,中餐厅,
105.47788075954409,26.202082415931716,斌哥安顺留一手烤鱼,胜利路东苑小区13栋13号门面,贵州省,六盘水市,,餐饮服务;餐饮相关场所;餐饮相关,050000,B0I1PPJZ0P,餐饮服务,餐饮相关场所,餐饮相关,
105.47614363646498,26.20015730917817,贵阳小豆腐坨坨肉,中盛·山水城B区,贵州省,六盘水市,,餐饮服务;中餐厅;中餐厅,050100,B0LKNORDWO,餐饮服务,中餐厅,中餐厅,
105.47749985879673,26.20149297199535,柠都豆花火锅,胜利花园A区东门南60米,贵州省,六盘水市,,餐饮服务;中餐厅;火锅店,050117,B0FFKSCVLY,餐饮服务,中餐厅,火锅店,
105.47603335808752,26.200413151859077,王氏正宗云南天麻火腿鸡(六枝店)(暂停营业),九龙街道中盛山水城B区,贵州省,六盘水市,,餐饮服务;餐饮相关场所;餐饮相关,050000,B0K3FUN3BS,餐饮服务,餐饮相关场所,餐饮相关,
105.47639522236119,26.200591284676,焕味重庆一锅扎皮蹄花,中盛山水城B区3栋1-1,贵州省,六盘水市,,餐饮服务;中餐厅;四川菜(川菜),050102,B0LKRD6VXS,餐饮服务,中餐厅,四川菜(川菜),
105.47752790713017,26.20190029807507,东胜食府(胜利花园A区店),东苑小区西区东南门东北70米,贵州省,六盘水市,,餐饮服务;中餐厅;中餐厅,050100,B0FFI929E6,餐饮服务,中餐厅,中餐厅,
105.4779208483932,26.202268642979877,小肥牛(团结路店),胜利路与团结路交叉口西南140米,贵州省,六盘水市,,餐饮服务;中餐厅;综合酒楼,050101,B0I3TK34O2,餐饮服务,中餐厅,综合酒楼,
105.47527557263973,26.199716590726695,周记牛肉粉(牂牁大道店),中盛山水城C区1-27,贵州省,六盘水市,,餐饮服务;中餐厅;中餐厅,050100,B0IAVGDXLH,餐饮服务,中餐厅,中餐厅,
105.47677811406669,26.201299800025748,刘记阿仔虾皇(东苑小区店),东苑小区西区东南门旁,贵州省,六盘水市,,餐饮服务;中餐厅;中餐厅,050100,B0JB1LLFQD,餐饮服务,中餐厅,中餐厅,
105.47597622872685,26.200245889008183,咕咕鸡云南菌菇土鸡煲,九龙街道中盛山水城B区2栋1层17号,贵州省,六盘水市,,餐饮服务;中餐厅;中餐厅,050100,B0MBNZS6L5,餐饮服务,中餐厅,中餐厅,
105.48476773357581,26.207144470290427,川菜馆,松欣苑C区东北门西北70米,贵州省,六盘水市,,餐饮服务;中餐厅;四川菜(川菜),050102,B0I3TZ9SBO,餐饮服务,中餐厅,四川菜(川菜),
105.48473465280978,26.20707132901051,机厂高记羊肉粉,高记机厂羊肉粉,贵州省,六盘水市,,餐饮服务;中餐厅;中餐厅,050100,B0LAVM6064,餐饮服务,中餐厅,中餐厅,
105.47620976319494,26.20082289915292,小方家平坝红豆牛肉火锅与烧椒牛肉,胜利路中盛山水城A区(地下停车场出入口旁),贵州省,六盘水市,,餐饮服务;中餐厅;火锅店,050117,B0LD1CMAPH,餐饮服务,中餐厅,火锅店,
105.4760694212828,26.20089454510911,大方邱家活菜(六枝总店),胜利路中盛山水城A区1栋负1-3号,贵州省,六盘水市,,餐饮服务;中餐厅;中餐厅,050100,B0FFLGLK8G,餐饮服务,中餐厅,中餐厅,
105.47747177144676,26.20187712391061,杨记豆花烤鱼,胜利花园A区,贵州省,六盘水市,,餐饮服务;餐饮相关场所;餐饮相关,050000,B0LA464COA,餐饮服务,餐饮相关场所,餐饮相关,
105.47723319901917,26.201706340600875,乡村野菜豆米火锅(胜利花园A区店),胜利路胜利花园13-14号,贵州省,六盘水市,,餐饮服务;中餐厅;火锅店,050117,B0FFGEKEXD,餐饮服务,中餐厅,火锅店,
105.48463840467642,26.207128079643446,刘记贵阳肠旺粉面,胜利路14-1-7号,贵州省,六盘水市,,餐饮服务;中餐厅;中餐厅,050100,B0G2OAF294,餐饮服务,中餐厅,中餐厅,
105.47595618154587,26.200223818945997,柴火鱼香,九龙街道中盛山水城B区2栋1-11-2号,贵州省,六盘水市,,餐饮服务;中餐厅;特色/地方风味餐厅,050118,B0LKP502QE,餐饮服务,中餐厅,特色/地方风味餐厅,
105.48469652876987,26.207618544747053,施家烙锅城(松欣苑小区店),松欣苑B区,贵州省,六盘水市,,餐饮服务;中餐厅;中餐厅,050100,B0FFLIPNIG,餐饮服务,中餐厅,中餐厅,
105.47561134451952,26.200386943329256,碗里香豆米肉圆火锅店,六枝特区中盛.山水城A区 负1-20,贵州省,六盘水市,,餐饮服务;中餐厅;火锅店,050117,B0LD956FUY,餐饮服务,中餐厅,火锅店,
105.48075473374561,26.204593205978835,巴老冒豆花冒菜(六枝店),连城国际,贵州省,六盘水市,,餐饮服务;中餐厅;中餐厅,050100,B0LUXAJRT8,餐饮服务,中餐厅,中餐厅,
105.48103739622523,26.20546855246586,香里乡味(连城国际店),连城国际26栋13号,贵州省,六盘水市,,餐饮服务;餐饮相关场所;餐饮相关,050000,B0FFIALS25,餐饮服务,餐饮相关场所,餐饮相关,
105.47623081289622,26.20084497213063,山水城烤鲫鱼,中盛山水城A1栋,贵州省,六盘水市,,餐饮服务;中餐厅;中餐厅,050100,B0LUBUJQDZ,餐饮服务,中餐厅,中餐厅,
105.47663276704263,26.201197325202582,鲜猪肉地摊火锅(东苑小区西区店),平寨镇胜利路与牂牁大道交叉口北180米东苑小区西区桥头1号门面,贵州省,六盘水市,,餐饮服务;中餐厅;火锅店,050117,B0JDBLH4RP,餐饮服务,中餐厅,火锅店,
105.48075473374561,26.204593205978835,巴老冒豆花冒菜(六枝店),连城国际,贵州省,六盘水市,,餐饮服务;中餐厅;中餐厅,050100,B0LUXAJRT8,餐饮服务,中餐厅,中餐厅,
105.48103739622523,26.20546855246586,香里乡味(连城国际店),连城国际26栋13号,贵州省,六盘水市,,餐饮服务;餐饮相关场所;餐饮相关,050000,B0FFIALS25,餐饮服务,餐饮相关场所,餐饮相关,
105.47623081289622,26.20084497213063,山水城烤鲫鱼,中盛山水城A1栋,贵州省,六盘水市,,餐饮服务;中餐厅;中餐厅,050100,B0LUBUJQDZ,餐饮服务,中餐厅,中餐厅,
105.47663276704263,26.201197325202582,鲜猪肉地摊火锅(东苑小区西区店),平寨镇胜利路与牂牁大道交叉口北180米东苑小区西区桥头1号门面,贵州省,六盘水市,,餐饮服务;中餐厅;火锅店,050117,B0JDBLH4RP,餐饮服务,中餐厅,火锅店,
105.48012716045648,26.20482752980503,陈记么铺毛肚火锅(连城国际店),连城国际6幢6号,贵州省,六盘水市,,餐饮服务;中餐厅;火锅店,050117,B0FFI8S61U,餐饮服务,中餐厅,火锅店,
105.47529058028448,26.200290980750136,阜鑫美蛙鱼,胜利路50号,贵州省,六盘水市,,餐饮服务;中餐厅;中餐厅,050100,B0KDLSK5TK,餐饮服务,中餐厅,中餐厅,
105.47684826946424,26.20159817973279,镇宁一人一个小火锅(六枝店),东苑小区西区7栋10号铺面,贵州省,六盘水市,,餐饮服务;中餐厅;火锅店,050117,B0K26RYITX,餐饮服务,中餐厅,火锅店,
105.47575667906402,26.200682532555966,幺孃肚包鸡,东苑小区胜利路中盛山水城-9号门面,贵州省,六盘水市,,餐饮服务;中餐厅;火锅店,050117,B0H6HYEXIS,餐饮服务,中餐厅,火锅店,
105.48141231264857,26.205900901574896,福禄轩饭庄(连城国际店),连城国际,贵州省,六盘水市,,餐饮服务;中餐厅;中餐厅,050100,B0FFGKYLZR,餐饮服务,中餐厅,中餐厅,
105.4759842193015,26.200828263942192,海鹏盘县普田铜锅牛肉(六枝特区中盛·山水城A区店),中盛山水城A1栋负一层7号,贵州省,六盘水市,,餐饮服务;餐饮相关场所;餐饮相关,050000,B0FFLINC6I,餐饮服务,餐饮相关场所,餐饮相关,
105.4846173253384,26.207650330606572,李记烙锅店(松欣苑小区店),松欣苑B区1层3号商铺,贵州省,六盘水市,,餐饮服务;中餐厅;中餐厅,050100,B0KG7D9FBG,餐饮服务,中餐厅,中餐厅,
105.48184541007521,26.205665020473308,慕叁山( 六枝特九龙店 ),胜利路2-81号,贵州省,六盘水市,,餐饮服务;糕饼店;糕饼店,050800,B0L67UTLRN,餐饮服务,糕饼店,糕饼店,
105.47544193377259,26.200475518991773,肥家牛庄砂锅牛杂煲(贵州首店)(暂停营业),六特区九龙街道九龙街道中盛山水城A1-负1层23号铺,贵州省,六盘水市,,餐饮服务;中餐厅;火锅店,050117,B0LKDSNTDE,餐饮服务,中餐厅,火锅店,
105.47682219541214,26.201818238533654,志琴餐馆(胜利花园A区店),平寨镇云盘底大湾胜利花园A区,贵州省,六盘水市,,餐饮服务;中餐厅;中餐厅,050100,B0FFGOYW3I,餐饮服务,中餐厅,中餐厅,
105.48110554979183,26.205808954880208,老字号正宗大用荞饭鸡火锅(连城国际店),胜利路第三小学进连城国际小区150米左右,贵州省,六盘水市,,餐饮服务;中餐厅;火锅店,050117,B0I6GAD7N4,餐饮服务,中餐厅,火锅店,
105.48003691930775,26.205175478177566,蜀渝黔五谷杂粮老火锅(六枝连城国际店),连城国际14栋1-1,贵州省,六盘水市,,餐饮服务;中餐厅;火锅店,050117,B0K2BCD3RM,餐饮服务,中餐厅,火锅店,
105.47507805544227,26.20062658549351,堕却清水鱼庄(六枝中盛.山水城A区店),九龙街道牂牁大道中盛山水城A区2栋2-2号商铺楼上,贵州省,六盘水市,,餐饮服务;中餐厅;中餐厅,050100,B0KUCHZ27Z,餐饮服务,中餐厅,中餐厅,
105.47962491212786,26.204890116997063,农夫野菜豆米肉圆火锅(连城国际店),团结路连城国际(竹缘人家对面),贵州省,六盘水市,,餐饮服务;中餐厅;火锅店,050117,B0FFGXYGZG,餐饮服务,中餐厅,火锅店,
105.47505599702384,26.200742593607472,重庆万州烤鱼,山水城A区8号门面,贵州省,六盘水市,,餐饮服务;中餐厅;特色/地方风味餐厅,050118,B0J0FLS4F4,餐饮服务,中餐厅,特色/地方风味餐厅,
105.48011510918768,26.205261756063045,家和食府(连城国际店),九龙衔道连城国际,贵州省,六盘水市,,餐饮服务;中餐厅;中餐厅,050100,B0FFJ95DIX,餐饮服务,中餐厅,中餐厅,
105.48024143604131,26.204996962199676,八方客私房菜,连城国际,贵州省,六盘水市,,餐饮服务;中餐厅;中餐厅,050100,B0K01DTJ11,餐饮服务,中餐厅,中餐厅,
105.47900440423011,26.204388027783114,严记石墨黑豆花(连城国际店),团结路连城国际12栋3-1-18,贵州省,六盘水市,,餐饮服务;中餐厅;中餐厅,050100,B0FFHZ6QTV,餐饮服务,中餐厅,中餐厅,
105.47905151760062,26.204444197087852,李家厨房(团结路店),平寨镇团结路连城国际旋转木马旁,贵州省,六盘水市,,餐饮服务;中餐厅;中餐厅,050100,B0FFHIAYRW,餐饮服务,中餐厅,中餐厅,
105.47975624509588,26.204732401077152,食不在晚,连城国际3-1-20,贵州省,六盘水市,,餐饮服务;中餐厅;中餐厅,050100,B0MBAXAOW4,餐饮服务,中餐厅,中餐厅,
105.47995069095005,26.20546840508865,谢云贵清香水煮鸡(六枝店),连城国际14栋负一层,贵州省,六盘水市,,餐饮服务;中餐厅;中餐厅,050100,B0FFL2M3GT,餐饮服务,中餐厅,中餐厅,
105.47792980734982,26.2035484403915,朵贝贡茶(团结路店),团结路与胜利路交叉口西北140米,贵州省,六盘水市,,餐饮服务;餐饮相关场所;餐饮相关,050000,B0HBBX6J7A,餐饮服务,餐饮相关场所,餐饮相关,
105.48008001970385,26.20530968343104,水城老牌羊肉粉(六枝店),金鑫建材城梅花园4号门面,贵州省,六盘水市,,餐饮服务;中餐厅;中餐厅,050100,B0FFHNKNPY,餐饮服务,中餐厅,中餐厅,
105.47832474198897,26.204209969438885,曼玲粥(六枝店),团结路与胜利路交叉口西北180米,贵州省,六盘水市,,餐饮服务;快餐厅;快餐厅,050300,B0JGH6QOH9,餐饮服务,快餐厅,快餐厅,
105.47487255088967,26.200909178601258,桐熹参鱼片,中盛山水城A区12-13号门面,贵州省,六盘水市,,餐饮服务;中餐厅;中餐厅,050100,B0L3UUHF6W,餐饮服务,中餐厅,中餐厅,
105.47893420815785,26.204858108777472,严记乌江鱼摆摆活鲜馆(连城国际店),连城国际2栋,贵州省,六盘水市,,餐饮服务;中餐厅;中餐厅,050100,B0G0NXXTLU,餐饮服务,中餐厅,中餐厅,
105.47949156369307,26.205266959065803,竹缘人家(连城国际店),平寨镇团结路连城国际(1-1-11)号,贵州省,六盘水市,,餐饮服务;中餐厅;中餐厅,050100,B0FFGCOV76,餐饮服务,中餐厅,中餐厅,
105.47494773140212,26.200886376107597,机厂烙锅(二店),九龙街道中盛山水城3栋1-1/1-2,贵州省,六盘水市,,餐饮服务;中餐厅;中餐厅,050100,B0K2CC0HXV,餐饮服务,中餐厅,中餐厅,
105.47999179321216,26.20546252030574,关岭上关辣子鸡,连城国际14栋负一楼,贵州省,六盘水市,,餐饮服务;中餐厅;中餐厅,050100,B0M6X5Q8BY,餐饮服务,中餐厅,中餐厅,
105.4788139157699,26.20478071652496,寻味人家,连城国际,贵州省,六盘水市,,餐饮服务;中餐厅;中餐厅,050100,B0L1CY59QP,餐饮服务,中餐厅,中餐厅,
105.47931513447566,26.205128367387957,辛辰羊汤锅,连城国际1-1-8,贵州省,六盘水市,,餐饮服务;餐饮相关场所;餐饮相关,050000,B0LKNDQFIT,餐饮服务,餐饮相关场所,餐饮相关,
105.47754482679125,26.20437183637507,黔西谢素粉,[],贵州省,六盘水市,,餐饮服务;中餐厅;中餐厅,050100,B0LDZLV4JM,餐饮服务,中餐厅,中餐厅,
105.47717292168254,26.20436377119452,泡椒鸡火锅,团结路与文化路交叉口东南160米,贵州省,六盘水市,,餐饮服务;中餐厅;火锅店,050117,B0G2K7UGXR,餐饮服务,中餐厅,火锅店,
105.47730421370899,26.204919479600967,青青老面破酥包,团结路34号附近,贵州省,六盘水市,,餐饮服务;餐饮相关场所;餐饮相关,050000,B0FFJ0GWI0,餐饮服务,餐饮相关场所,餐饮相关,
105.4739442675948,26.20249553614466,景荣私房菜(胜利花园E区店),胜利花园E区,贵州省,六盘水市,,餐饮服务;中餐厅;中餐厅,050100,B0G2NS1VQD,餐饮服务,中餐厅,中餐厅,
105.4806633247552,26.208279153094114,忆食鲜大肉饭,六枝特区第一中学东南门旁,贵州省,六盘水市,,餐饮服务;中餐厅;中餐厅,050100,B0LDSAVOBI,餐饮服务,中餐厅,中餐厅,
105.47670876265772,26.20502584920603,凉都一品,团结路与文化南路交叉口南80米,贵州省,六盘水市,,餐饮服务;餐饮相关场所;餐饮相关,050000,B0FFFPYU2M,餐饮服务,餐饮相关场所,餐饮相关,
105.48033251740493,26.20794899730748,有滋有味(文化路店),六枝工矿竹林小区西北门旁,贵州省,六盘水市,,餐饮服务;中餐厅;中餐厅,050100,B0FFKR1ZHO,餐饮服务,中餐厅,中餐厅,
105.4818432487176,26.20883991743301,小趣茶(文化路店),文化路与科学路交叉口西南20米,贵州省,六盘水市,,餐饮服务;冷饮店;冷饮店,050700,B0FFKT23D2,餐饮服务,冷饮店,冷饮店,
105.48026334996389,26.207856741909005,小胖の日式咖喱饭.猪扒饭,文化路19号竹林小区8栋楼下5号门面,贵州省,六盘水市,,餐饮服务;外国餐厅;日本料理,050202,B0LDFDQQ2Z,餐饮服务,外国餐厅,日本料理,
105.48315251137892,26.209585187275025,碧月餐馆,九龙派出所南门旁,贵州省,六盘水市,,餐饮服务;中餐厅;中餐厅,050100,B0FFG2TBW4,餐饮服务,中餐厅,中餐厅,
105.48118962846485,26.208485804023525,小李炸鸡,六枝特区第一中学东南门东70米,贵州省,六盘水市,,餐饮服务;餐饮相关场所;餐饮相关,050000,B0JDBZIG1W,餐饮服务,餐饮相关场所,餐饮相关,
105.4813309789501,26.20854925276718,甜蜜空间,文化路18号六枝特区第一中学对面,贵州省,六盘水市,,餐饮服务;糕饼店;糕饼店,050800,B0JRMXKWM9,餐饮服务,糕饼店,糕饼店,
105.47699244047826,26.20523177952155,罗记一四二老法院卤味,团结路32号,贵州省,六盘水市,,餐饮服务;餐饮相关场所;餐饮相关,050000,B0KRKS2GLI,餐饮服务,餐饮相关场所,餐饮相关,
105.48137407013805,26.208888581044373,九三鸭霸王(文化路店),文化路与科学路交叉口西60米,贵州省,六盘水市,,餐饮服务;中餐厅;中餐厅,050100,B0FFIUVKYX,餐饮服务,中餐厅,中餐厅,
105.47686109705869,26.205733707573625,水城老牌羊肉粉,九龙街道文化路大众医院旁边,贵州省,六盘水市,,餐饮服务;中餐厅;中餐厅,050100,B0FFF5TP7T,餐饮服务,中餐厅,中餐厅,
105.47872025756499,25.6588030933033,避风塘奶茶店(马场中学店),市学府路与向阳路交叉口西北40米,贵州省,黔西南布依族苗族自治州,,餐饮服务;冷饮店;冷饮店,050700,B0K0XUR95C,餐饮服务,冷饮店,冷饮店,
105.47847563828473,25.659236608149516,Miss李麻辣烫炸串,学府路与向阳路交叉口西北100米,贵州省,黔西南布依族苗族自治州,,餐饮服务;中餐厅;中餐厅,050100,B0LKBKSDKM,餐饮服务,中餐厅,中餐厅,
105.47823906456861,25.659153888488405,透骨香手撕鸭,学府路与幸福路交叉口东南100米,贵州省,黔西南布依族苗族自治州,,餐饮服务;餐饮相关场所;餐饮相关,050000,B0I259FT41,餐饮服务,餐饮相关场所,餐饮相关,
105.47858700050104,25.657369994714642,杨氏食府,杨柳路,贵州省,黔西南布依族苗族自治州,,餐饮服务;中餐厅;中餐厅,050100,B0FFKAQJLW,餐饮服务,中餐厅,中餐厅,
105.4773900703067,25.657689729441884,马场留一手烤鱼(富民路店),马马崖镇马场大坡路口,贵州省,黔西南布依族苗族自治州,,餐饮服务;餐饮相关场所;餐饮相关,050000,B0FFJ2RP7Q,餐饮服务,餐饮相关场所,餐饮相关,
105.47644771472017,25.6593388734034,马马崖镇白佳清真馆,马马崖镇马场社区富民路142号,贵州省,黔西南布依族苗族自治州,,餐饮服务;中餐厅;清真菜馆,050121,B0HU1ABFMW,餐饮服务,中餐厅,清真菜馆,
105.47610285126373,25.660060257627293,张杨清真馆,626县道与学府路交叉口北20米,贵州省,黔西南布依族苗族自治州,,餐饮服务;中餐厅;清真菜馆,050121,B0I259IRYK,餐饮服务,中餐厅,清真菜馆,
105.47612691387793,25.659959275103084,马马崖镇遵义羊肉粉,马马崖镇,贵州省,黔西南布依族苗族自治州,,餐饮服务;中餐厅;云贵菜,050114,B0J1TMC65T,餐饮服务,中餐厅,云贵菜,
105.4753179079428,25.661428727915563,小马哥风味牛肉馆,626县道与学府路交叉口西北180米,贵州省,黔西南布依族苗族自治州,,餐饮服务;中餐厅;中餐厅,050100,B0LDZ9V6Y0,餐饮服务,中餐厅,中餐厅,
105.47406495468014,25.661075032779376,周记牛肉馆,626县道与学府路交叉口西北240米,贵州省,黔西南布依族苗族自治州,,餐饮服务;中餐厅;中餐厅,050100,B0LK7C3D1M,餐饮服务,中餐厅,中餐厅,
105.4738133652474,25.661013298882413,余杯茶,626县道与学府路交叉口西北260米,贵州省,黔西南布依族苗族自治州,,餐饮服务;冷饮店;冷饮店,050700,B0LGK6IVZS,餐饮服务,冷饮店,冷饮店,
105.47336132261844,25.66063384825723,马马崖新城地摊火锅,626县道与学府路交叉口西300米,贵州省,黔西南布依族苗族自治州,,餐饮服务;中餐厅;火锅店,050117,B0J1UAY02Z,餐饮服务,中餐厅,火锅店,
105.47299947104514,25.660748900261094,酒点半烧烤,新城大道香依阁服装店隔壁,贵州省,黔西南布依族苗族自治州,,餐饮服务;中餐厅;中餐厅,050100,B0LK2MQLB1,餐饮服务,中餐厅,中餐厅,
105.47284713834883,25.660281242708887,九三鸭霸王,626县道与学府路交叉口西340米,贵州省,黔西南布依族苗族自治州,,餐饮服务;餐饮相关场所;餐饮相关,050000,B0J1UDYFX6,餐饮服务,餐饮相关场所,餐饮相关,
105.47307578260454,25.657986728339594,陈记狗肉馆,富民路与幸福路交叉口西360米,贵州省,黔西南布依族苗族自治州,,餐饮服务;中餐厅;特色/地方风味餐厅,050118,B0K6ASEXB8,餐饮服务,中餐厅,特色/地方风味餐厅,
105.47235699438288,25.660371931238352,詹氏糕点,马马崖詹氏糕点,贵州省,黔西南布依族苗族自治州,,餐饮服务;糕饼店;糕饼店,050800,B0JG5R9E88,餐饮服务,糕饼店,糕饼店,
105.47216049084231,25.661369890096935,金美味,626县道与学府路交叉口西440米,贵州省,黔西南布依族苗族自治州,,餐饮服务;中餐厅;中餐厅,050100,B0L3ASSHZ8,餐饮服务,中餐厅,中餐厅,
105.47202729806462,25.658982324422382,欧麦烘焙,626县道与学府路交叉口西440米,贵州省,黔西南布依族苗族自治州,,餐饮服务;糕饼店;糕饼店,050800,B0LRG7TIFI,餐饮服务,糕饼店,糕饼店,
105.47154114786429,25.659584287790338,溢香源地摊火锅,马崖镇马场新街加油站对面,贵州省,黔西南布依族苗族自治州,,餐饮服务;中餐厅;火锅店,050117,B0LK45W41M,餐饮服务,中餐厅,火锅店,
105.55909775258448,25.642546457987354,江平牛肉馆,平街大道平街中学旁,贵州省,黔西南布依族苗族自治州,,餐饮服务;中餐厅;中餐厅,050100,B0JDM1X5VO,餐饮服务,中餐厅,中餐厅,
105.56071552505507,25.64212773088723,贵阳留一手烤鱼,平街乡平街村农贸市场,贵州省,黔西南布依族苗族自治州,,餐饮服务;中餐厅;云贵菜,050114,B0LKPX1ASW,餐饮服务,中餐厅,云贵菜,
105.56047627871928,25.64200831421731,遵义羊肉馆,平街乡遵义羊肉馆,贵州省,黔西南布依族苗族自治州,,餐饮服务;中餐厅;中餐厅,050100,B0LU17DDCL,餐饮服务,中餐厅,中餐厅,
105.56079961589485,25.642065826737074,黔香长贵阳烧椒牛肉馆(民宿音乐烤吧),平街乡新农贸市场,贵州省,黔西南布依族苗族自治州,,餐饮服务;中餐厅;中餐厅,050100,B0LKGR1TLJ,餐饮服务,中餐厅,中餐厅,
105.56074056907076,25.641747585293587,忠英惠民大众饭店,平街乡平街社区农贸市场集中安置区,贵州省,黔西南布依族苗族自治州,,餐饮服务;中餐厅;中餐厅,050100,B0L1J19E6Q,餐饮服务,中餐厅,中餐厅,
105.55888969521808,25.638777322250515,郑记牛肉馆,平街乡政府南侧290米,贵州省,黔西南布依族苗族自治州,,餐饮服务;中餐厅;中餐厅,050100,B0J1UH406W,餐饮服务,中餐厅,中餐厅,
105.56095881180363,25.64141875239634,陈老四狗肉馆,524乡道,贵州省,黔西南布依族苗族自治州,,餐饮服务;中餐厅;特色/地方风味餐厅,050118,B0L0LRAMTL,餐饮服务,中餐厅,特色/地方风味餐厅,
105.56049633378832,25.64128499634843,花江狗肉馆,平街乡政府东侧110米,贵州省,黔西南布依族苗族自治州,,餐饮服务;外国餐厅;韩国料理,050203,B0LK7Z2Y86,餐饮服务,外国餐厅,韩国料理,
105.56074056907076,25.641747585293587,忠英地摊火锅,平街乡政府东侧140米,贵州省,黔西南布依族苗族自治州,,餐饮服务;中餐厅;中餐厅,050100,B0L0GM2HMU,餐饮服务,中餐厅,中餐厅,
105.56127213070668,25.641499254684312,拾里茶香饮品炸鸡汉堡甜品,平街乡政府东侧190米,贵州省,黔西南布依族苗族自治州,,餐饮服务;冷饮店;冷饮店,050700,B0MBSRETMF,餐饮服务,冷饮店,冷饮店,
105.56110297775604,25.641056792191083,大云狗肉馆,524乡道农贸市场旁,贵州省,黔西南布依族苗族自治州,,餐饮服务;中餐厅;特色/地方风味餐厅,050118,B0L0XRM6Q7,餐饮服务,中餐厅,特色/地方风味餐厅,
105.55987380599763,25.638313627462583,张杨清真馆(平街店),524乡道与六安高速出口交叉口西480米,贵州省,黔西南布依族苗族自治州,,餐饮服务;中餐厅;清真菜馆,050121,B0JA2CAN1H,餐饮服务,中餐厅,清真菜馆,
105.5598347619661,25.638348584342705,贞丰平街大丽餐馆,524乡道与六安高速出口交叉口西440米,贵州省,黔西南布依族苗族自治州,,餐饮服务;中餐厅;中餐厅,050100,B0IU2CRP94,餐饮服务,中餐厅,中餐厅,
105.56962981519725,25.64733690568122,李记烧椒牛肉,平街乡卡房村纳马坡组89号,贵州省,黔西南布依族苗族自治州,,餐饮服务;中餐厅;云贵菜,050114,B0L0RA56ER,餐饮服务,中餐厅,云贵菜,
105.57417976173758,25.700105720215387,熊大爷现包饺子(云渡服务区店),云渡服务区内负一楼,贵州省,黔西南布依族苗族自治州,,餐饮服务;中餐厅;特色/地方风味餐厅,050118,B0L2FR1OV8,餐饮服务,中餐厅,特色/地方风味餐厅,
105.57496110228752,25.699579134115147,肯德基(云渡服务区店),云渡服务区东南30米,贵州省,黔西南布依族苗族自治州,,餐饮服务;快餐厅;肯德基,050301,B0L2J57INV,餐饮服务,快餐厅,肯德基,
105.4445037029816,25.687747127205895,铁火烙香,百德镇百二组55号,贵州省,黔西南布依族苗族自治州,,餐饮服务;中餐厅;中餐厅,050100,B0LKFCUARV,餐饮服务,中餐厅,中餐厅,
105.57613353723966,25.699239948686404,书亦烧仙草,六安高速云渡服务区1层,贵州省,黔西南布依族苗族自治州,,餐饮服务;冷饮店;冷饮店,050700,B0L3L7Q4RI,餐饮服务,冷饮店,冷饮店,
105.57644863831209,25.69924620989797,云渡服务区安顺支记牛肉粉,S57六安高速入口与S57六安高速出口交叉口东300米,贵州省,黔西南布依族苗族自治州,,餐饮服务;餐饮相关场所;餐饮相关,050000,B0L2J573L3,餐饮服务,餐饮相关场所,餐饮相关,
105.57502813191218,25.699496147873827,云渡服务区铁桥肉饼,云渡服务区与S57六安高速出口交叉口东160米,贵州省,黔西南布依族苗族自治州,,餐饮服务;餐饮相关场所;餐饮相关,050000,B0L2J57INY,餐饮服务,餐饮相关场所,餐饮相关,
105.57503113127702,25.699534171103906,云渡服务区包整·贵州小吃,云渡服务区与S57六安高速出口交叉口东160米,贵州省,黔西南布依族苗族自治州,,餐饮服务;餐饮相关场所;餐饮相关,050000,B0L2J57B73,餐饮服务,餐饮相关场所,餐饮相关,
105.44325089535866,25.689688730810072,黄记粉馆,百德镇政府后面,贵州省,黔西南布依族苗族自治州,,餐饮服务;中餐厅;中餐厅,050100,B0FFH9V2JD,餐饮服务,中餐厅,中餐厅,
105.44260406042544,25.689214247159182,享哆味·汉堡炸鸡(兴仁百德店),镇兴路与兴百路交叉口东南260米,贵州省,黔西南布依族苗族自治州,,餐饮服务;快餐厅;快餐厅,050300,B0L119M8T2,餐饮服务,快餐厅,快餐厅,
105.44353525939695,25.690075483051604,酸汤鱼,镇兴路与兴百路交叉口东320米,贵州省,黔西南布依族苗族自治州,,餐饮服务;中餐厅;中餐厅,050100,B0LK5XTPZV,餐饮服务,中餐厅,中餐厅,
105.44266308813837,25.690234902561276,马红兴清真馆,镇兴路与兴百路交叉口东220米,贵州省,黔西南布依族苗族自治州,,餐饮服务;中餐厅;清真菜馆,050121,B0G21HA4XO,餐饮服务,中餐厅,清真菜馆,
105.44161976967972,25.689616618491783,兴仁市百德老街小杜牛肉馆,百德老街小杜牛肉馆,贵州省,黔西南布依族苗族自治州,,餐饮服务;餐饮相关场所;餐饮相关,050000,B0IR17R71Q,餐饮服务,餐饮相关场所,餐饮相关,
105.44192515991577,25.689609182374145,小和烤鱼,百德老街,贵州省,黔西南布依族苗族自治州,,餐饮服务;中餐厅;综合酒楼,050101,B0FFGA7A8E,餐饮服务,中餐厅,综合酒楼,
105.44193709958161,25.69115803076976,万州烤鱼(镇兴路店),百德镇新万州烤鱼,贵州省,黔西南布依族苗族自治州,,餐饮服务;餐饮相关场所;餐饮相关,050000,B0IG95B3OI,餐饮服务,餐饮相关场所,餐饮相关,
105.44259397051246,25.690784064779564,董记烤鱼,百德镇振兴路六栋08号,贵州省,黔西南布依族苗族自治州,,餐饮服务;中餐厅;特色/地方风味餐厅,050118,B0LKV96W5J,餐饮服务,中餐厅,特色/地方风味餐厅,
105.44239470403076,25.690903752695668,百德巷口烙锅烧烤店,百德镇新街上5栋7号,贵州省,黔西南布依族苗族自治州,,餐饮服务;中餐厅;中餐厅,050100,B0MBCCNXZT,餐饮服务,中餐厅,中餐厅,
105.44182895103108,25.691361938162323,聚君缘食府,镇兴路与兴百路交叉口东北180米,贵州省,黔西南布依族苗族自治州,,餐饮服务;中餐厅;中餐厅,050100,B0H64UJYNR,餐饮服务,中餐厅,中餐厅,
105.44156162543294,25.691059280201102,百家宴餐馆,镇兴路与兴百路交叉口东北140米,贵州省,黔西南布依族苗族自治州,,餐饮服务;中餐厅;中餐厅,050100,B0GK6AROXK,餐饮服务,中餐厅,中餐厅,
105.44164279002901,25.689798758197323,邹记早餐店(镇兴路店),镇兴路与兴百路交叉口东南140米,贵州省,黔西南布依族苗族自治州,,餐饮服务;中餐厅;中餐厅,050100,B0HKMUAUSF,餐饮服务,中餐厅,中餐厅,
105.44217941686408,25.69105743023939,田记烤味香重庆烤鱼,兴仁市百德镇新街,贵州省,黔西南布依族苗族自治州,,餐饮服务;中餐厅;特色/地方风味餐厅,050118,B0I259KSTV,餐饮服务,中餐厅,特色/地方风味餐厅,
105.44165374579026,25.690989413599915,詹氏糕点,镇兴路与兴百路交叉口东北140米,贵州省,黔西南布依族苗族自治州,,餐饮服务;糕饼店;糕饼店,050800,B0GK6AROX7,餐饮服务,糕饼店,糕饼店,
105.44185200022078,25.690958765720964,老帅锅碳烤肥牛,镇兴路与兴百路交叉口东北160米,贵州省,黔西南布依族苗族自治州,,餐饮服务;中餐厅;中餐厅,050100,B0M6XXSPW5,餐饮服务,中餐厅,中餐厅,
105.44103793927631,25.69164062657001,享哆味汉堡炸鸡(兴仁百德店),布衣苗族自治州百德镇新街十字路口阿玛哲斜对面,贵州省,黔西南布依族苗族自治州,,餐饮服务;快餐厅;快餐厅,050300,B0LRZL3DE9,餐饮服务,快餐厅,快餐厅,
105.44107401578074,25.69099434734146,百德九三鸭霸王(镇兴路店),市九三鸭霸王,贵州省,黔西南布依族苗族自治州,,餐饮服务;中餐厅;中餐厅,050100,B0H23XT6SD,餐饮服务,中餐厅,中餐厅,
105.4406935764131,25.690349308673305,兄弟烤鱼,百德新城中段,贵州省,黔西南布依族苗族自治州,,餐饮服务;中餐厅;综合酒楼,050101,B0G1BA7MTY,餐饮服务,中餐厅,综合酒楼,
105.44141941724354,25.691640327794143,家常粉,镇兴路与兴百路交叉口东北180米,贵州省,黔西南布依族苗族自治州,,餐饮服务;中餐厅;中餐厅,050100,B0HG6GDKEG,餐饮服务,中餐厅,中餐厅,
105.44138937957645,25.691636270195232,四妹牛肉馆,镇兴路与兴百路交叉口东北180米,贵州省,黔西南布依族苗族自治州,,餐饮服务;中餐厅;中餐厅,050100,B0GK1PUJRU,餐饮服务,中餐厅,中餐厅,
105.44087276884645,25.690933947051764,小馋客烧烤,新城新老街路口,贵州省,黔西南布依族苗族自治州,,餐饮服务;中餐厅;中餐厅,050100,B0FFMC6D23,餐饮服务,中餐厅,中餐厅,
105.4415125374635,25.691587471593817,熊记牛肉餐馆,镇兴路与兴百路交叉口东北180米,贵州省,黔西南布依族苗族自治州,,餐饮服务;中餐厅;中餐厅,050100,B0L6ZRYZQF,餐饮服务,中餐厅,中餐厅,
105.4401558387459,25.69204724369338,书亦烧仙草(兴仁百德新城店),百德镇百德新城商业A区四栋27号(菜市场旁边路口),贵州省,黔西南布依族苗族自治州,,餐饮服务;休闲餐饮场所;休闲餐饮场所,050400,B0LUPD4QOA,餐饮服务,休闲餐饮场所,休闲餐饮场所,
105.44099688964722,25.691611535876657,超群饼屋(镇兴路店),镇兴路与兴百路交叉口东北160米,贵州省,黔西南布依族苗族自治州,,餐饮服务;甜品店;甜品店,050900,B0FFKZ53DG,餐饮服务,甜品店,甜品店,
105.44090578644806,25.691410261761717,杰克士(镇兴路店),镇兴路与兴百路交叉口东北140米,贵州省,黔西南布依族苗族自治州,,餐饮服务;冷饮店;冷饮店,050700,B0GKKAWJ5R,餐饮服务,冷饮店,冷饮店,
105.55089006904363,25.72895086181152,贵州省关岭县普利乡沙子坝周家老面坊,普利下瓜面条加工厂西侧50米,贵州省,安顺市,,餐饮服务;中餐厅;中餐厅,050100,B0L2AD1RY5,餐饮服务,中餐厅,中餐厅,
105.44055438045376,25.690866331875352,避风塘(镇兴路店),镇兴路与兴百路交叉口北60米,贵州省,黔西南布依族苗族自治州,,餐饮服务;餐饮相关场所;餐饮相关,050000,B0G0P5DGYR,餐饮服务,餐饮相关场所,餐饮相关,
105.44079265731138,25.691190938228253,许记包子铺,镇兴路与兴百路交叉口北100米,贵州省,黔西南布依族苗族自治州,,餐饮服务;中餐厅;中餐厅,050100,B0G3D95KRM,餐饮服务,中餐厅,中餐厅,
105.44035713291377,25.69101205289814,新城姚记小吃站,镇兴路与兴百路交叉口北80米,贵州省,黔西南布依族苗族自治州,,餐饮服务;快餐厅;快餐厅,050300,B0HUBOJB92,餐饮服务,快餐厅,快餐厅,
105.44036116039412,25.690549813433545,第1时间(农村信用合作社百德分社店),镇兴路与兴百路交叉口北20米,贵州省,黔西南布依族苗族自治州,,餐饮服务;餐饮相关场所;餐饮相关,050000,B0L6D79V0L,餐饮服务,餐饮相关场所,餐饮相关,
105.44004381786338,25.689716798431995,不二烧烤,百德镇百德街上四组15号,贵州省,黔西南布依族苗族自治州,,餐饮服务;餐饮相关场所;餐饮相关,050000,B0L0OYHOTM,餐饮服务,餐饮相关场所,餐饮相关,
105.44044219040893,25.691952709333663,邓记特色烤鱼,镇兴路与兴百路交叉口北180米,贵州省,黔西南布依族苗族自治州,,餐饮服务;中餐厅;特色/地方风味餐厅,050118,B0LKJ60CHQ,餐饮服务,中餐厅,特色/地方风味餐厅,
105.44024299272975,25.69104986732266,铁板烤鸭,百德镇生态移民区2栋2号门面,贵州省,黔西南布依族苗族自治州,,餐饮服务;中餐厅;中餐厅,050100,B0L3K6AZZH,餐饮服务,中餐厅,中餐厅,
105.44048429194966,25.69092523637493,刘记包子铺,镇兴路与兴百路交叉口北60米,贵州省,黔西南布依族苗族自治州,,餐饮服务;中餐厅;中餐厅,050100,B0KBX6GTR8,餐饮服务,中餐厅,中餐厅,
105.44006177062587,25.691124581561745,贵阳留一手烤鱼,百德镇百德新城1号楼7号店铺,贵州省,黔西南布依族苗族自治州,,餐饮服务;中餐厅;中餐厅,050100,B0LRLLN3UM,餐饮服务,中餐厅,中餐厅,
105.44033413124784,25.690474724595404,胖哥牛肉馆,镇兴路与兴百路交叉口西北20米,贵州省,黔西南布依族苗族自治州,,餐饮服务;中餐厅;中餐厅,050100,B0JRC780AK,餐饮服务,中餐厅,中餐厅,
105.44036013191105,25.69110710907727,鑫鑫网烤,百德镇新城商业B区3号楼5号,贵州省,黔西南布依族苗族自治州,,餐饮服务;中餐厅;中餐厅,050100,B0L3HA7EQJ,餐饮服务,中餐厅,中餐厅,
105.44005675677946,25.691284658083756,吴家特色地摊火锅,镇兴路与兴百路交叉口北120米,贵州省,黔西南布依族苗族自治州,,餐饮服务;中餐厅;火锅店,050117,B0LAUU02EH,餐饮服务,中餐厅,火锅店,
105.44016092820203,25.69034234208767,来一碗遵义羊肉粉,镇兴路与兴百路交叉口西20米,贵州省,黔西南布依族苗族自治州,,餐饮服务;快餐厅;快餐厅,050300,B0HBB613PW,餐饮服务,快餐厅,快餐厅,
105.44009778957435,25.691622912484508,巧娘牛肉馆,百德镇新城商业街18一19号,贵州省,黔西南布依族苗族自治州,,餐饮服务;中餐厅;中餐厅,050100,B0LDL9QMR6,餐饮服务,中餐厅,中餐厅,
105.44029105060723,25.691055957151153,佳味道野菜火锅,镇兴路与兴百路交叉口北80米,贵州省,黔西南布依族苗族自治州,,餐饮服务;餐饮相关场所;餐饮相关,050000,B0M6SY32DC,餐饮服务,餐饮相关场所,餐饮相关,
105.440191974115,25.69016930563567,清晨早餐店,兴百路与镇兴路交叉口西南20米,贵州省,黔西南布依族苗族自治州,,餐饮服务;中餐厅;中餐厅,050100,B0L0BLUNDB,餐饮服务,中餐厅,中餐厅,
105.43998161819499,25.692276053628675,贵阳花溪牛肉粉(镇兴路店),市百德新城商业A区1幢三号,贵州省,黔西南布依族苗族自治州,,餐饮服务;中餐厅;中餐厅,050100,B0G3DL45WY,餐饮服务,中餐厅,中餐厅,
105.44002767022415,25.692341170980264,周记原汤狗肉馆,百德镇周记原汤狗肉馆,贵州省,黔西南布依族苗族自治州,,餐饮服务;中餐厅;中餐厅,050100,B0G3DL4KJR,餐饮服务,中餐厅,中餐厅,
105.43980043932065,25.691510320293325,潮江清真馆,市百德镇农贸市场4栋15.16号,贵州省,黔西南布依族苗族自治州,,餐饮服务;中餐厅;火锅店,050117,B0L0ODHR0S,餐饮服务,中餐厅,火锅店,
105.58233963078352,25.6996884476345,云端咖啡厅,S57六安高速西北侧,贵州省,黔西南布依族苗族自治州,,餐饮服务;咖啡厅;咖啡厅,050500,B0L23Z4FM8,餐饮服务,咖啡厅,咖啡厅,
105.57253705557561,25.698972546789353,Captain George乔治队长(花江峡谷大桥店)(装修中),中国石化云渡服务区加油站西南侧200米,贵州省,黔西南布依族苗族自治州,,餐饮服务;咖啡厅;咖啡厅,050500,B0L2J573L4,餐饮服务,咖啡厅,咖啡厅,
105.44010080356658,25.691410804518494,芳新鸡汤米线,镇兴路与兴百路交叉口北120米,贵州省,黔西南布依族苗族自治州,,餐饮服务;中餐厅;中餐厅,050100,B0M6MRVHA8,餐饮服务,中餐厅,中餐厅,
105.439720351908,25.69135209303186,邓记牛肉馆,镇兴路与兴百路交叉口西北140米,贵州省,黔西南布依族苗族自治州,,餐饮服务;餐饮相关场所;餐饮相关,050000,B0MBB9XIH1,餐饮服务,餐饮相关场所,餐饮相关,
105.43965025135985,25.691710159731834,广东肠粉,镇兴路与兴百路交叉口西北180米,贵州省,黔西南布依族苗族自治州,,餐饮服务;中餐厅;中餐厅,050100,B0LU29R3FM,餐饮服务,中餐厅,中餐厅,
105.43934488978938,25.691758644702062,万屯牛杂火锅,镇兴路与兴百路交叉口西北200米,贵州省,黔西南布依族苗族自治州,,餐饮服务;中餐厅;火锅店,050117,B0KDPO9CMD,餐饮服务,中餐厅,火锅店,
105.43916163613669,25.69257876072217,二妹牛肉粉馆,镇兴路与兴百路交叉口西北280米,贵州省,黔西南布依族苗族自治州,,餐饮服务;中餐厅;中餐厅,050100,B0L04LYEVL,餐饮服务,中餐厅,中餐厅,
105.43879118345676,25.693101392077846,步步升牛肉馆,镇兴路与兴百路交叉口西北360米,贵州省,黔西南布依族苗族自治州,,餐饮服务;中餐厅;中餐厅,050100,B0HUA562BL,餐饮服务,中餐厅,中餐厅,
105.43874914721962,25.692859188991598,万记安龙红油剪粉,百德镇兴百惠超市对面,贵州省,黔西南布依族苗族自治州,,餐饮服务;中餐厅;中餐厅,050100,B0M6ZU1Z9O,餐饮服务,中餐厅,中餐厅,
105.43863110259794,25.691018999213984,杨记面条,镇兴路与兴百路交叉口西200米,贵州省,黔西南布依族苗族自治州,,餐饮服务;中餐厅;中餐厅,050100,B0K2AU0NKT,餐饮服务,中餐厅,中餐厅,
105.52813885303138,25.740614881738658,普利餐馆,普利乡马马崖村九盘钟才礼便民店(钟兵家)东北侧110米,贵州省,安顺市,,餐饮服务;中餐厅;中餐厅,050100,B0L35RF2ZI,餐饮服务,中餐厅,中餐厅,
105.43834865649984,25.693608896469723,小杜牛杂地摊火锅,镇兴路与兴百路交叉口西北420米,贵州省,黔西南布依族苗族自治州,,餐饮服务;中餐厅;火锅店,050117,B0MB5RLG0Y,餐饮服务,中餐厅,火锅店,
105.58892273052486,25.700703616394666,黄记花江布依特色牛肉馆,平街乡小花江村花江组91号,贵州省,黔西南布依族苗族自治州,,餐饮服务;中餐厅;清真菜馆,050121,B0MBLSSP66,餐饮服务,中餐厅,清真菜馆,
105.5939068590113,25.697317474495467,小花江布依八大碗,小花江村3号院,贵州省,黔西南布依族苗族自治州,,餐饮服务;中餐厅;中餐厅,050100,B0L0HSQ43R,餐饮服务,中餐厅,中餐厅,
105.59303331892167,25.6969212192282,湘黔火锅店,平街乡小花江村小花江组小花江研学基地卫生室西侧140米,贵州省,黔西南布依族苗族自治州,,餐饮服务;餐饮相关场所;餐饮相关,050000,B0MBD6F4HB,餐饮服务,餐饮相关场所,餐饮相关,
105.59303331892167,25.6969212192282,湘黔火锅店,平街乡小花江村小花江组小花江研学基地卫生室西侧140米,贵州省,黔西南布依族苗族自治州,,餐饮服务;餐饮相关场所;餐饮相关,050000,B0MBD6F4HB,餐饮服务,餐饮相关场所,餐饮相关,
105.5946534314561,25.697781733957207,世界第一高桥餐厅伴山牛火锅·谢哥非遗餐厅民宿(最佳观景点),平街乡小花江村小花江组小花江研学基地卫生室北侧120米,贵州省,黔西南布依族苗族自治州,,餐饮服务;中餐厅;火锅店,050117,B0M6K7CETT,餐饮服务,中餐厅,火锅店,
105.5946534314561,25.697781733957207,伴山牛火锅(谢哥非遗餐厅民宿世界第一高桥绝佳观景点),平街乡小花江村,贵州省,黔西南布依族苗族自治州,,餐饮服务;中餐厅;火锅店,050117,B0MBD7GS2B,餐饮服务,中餐厅,火锅店,
105.59466242579683,25.697794740939653,天堑啡阁,平街乡小花江村小花江组小花江研学基地卫生室北侧120米,贵州省,黔西南布依族苗族自治州,,餐饮服务;茶艺馆;茶艺馆|餐饮服务;咖啡厅;咖啡厅,050600|050500,B0MB75P2L0,餐饮服务,茶艺馆,茶艺馆|餐饮服务,咖啡厅
105.59320444901884,25.713673402060692,云栖阁餐馆,花江镇五里村科力寨2号平台1号,贵州省,安顺市,,餐饮服务;中餐厅;特色/地方风味餐厅,050118,B0LKCH0ZMY,餐饮服务,中餐厅,特色/地方风味餐厅,
105.59511747919808,25.712409733255967,花江大桥云桥咖啡(暂停营业),花江镇科力寨,贵州省,安顺市,,餐饮服务;咖啡厅;咖啡厅,050500,B0L3PHFUSO,餐饮服务,咖啡厅,咖啡厅,
105.59516844955823,25.71240673025685,大C柠檬茶花江峡谷大桥景区店,花江镇五里村科力寨,贵州省,安顺市,,餐饮服务;冷饮店;冷饮店,050700,B0L35RFA7N,餐饮服务,冷饮店,冷饮店,
105.59537131750488,25.712668869175225,茉香茶语,花江镇五里村科力寨组观景点集装箱4号,贵州省,安顺市,,餐饮服务;中餐厅;中式素菜馆,050120,B0L0M9AQPB,餐饮服务,中餐厅,中式素菜馆,
105.60090369263854,25.704604563386912,阿江辣子鸡民宿,干二盘停车场往前五十米,贵州省,安顺市,,餐饮服务;中餐厅;中餐厅,050100,B0MB3OGHZD,餐饮服务,中餐厅,中餐厅,
105.59715609030702,25.714597806625587,仡佬族风味园,花江镇五里村科力寨,贵州省,安顺市,,餐饮服务;中餐厅;中餐厅,050100,B0MBBRWQV4,餐饮服务,中餐厅,中餐厅,
105.60428960002156,25.703588835427926,张学义辣子鸡,花江镇五里村干二盘组,贵州省,安顺市,,餐饮服务;中餐厅;中餐厅,050100,B0M6T752I4,餐饮服务,中餐厅,中餐厅,
105.59849581764946,25.721447448586098,那远山·茶咖(花江峡谷大桥),花江镇五里村石头寨(停车点后下车后需步行小路10分钟可到达那远山观景台),贵州省,安顺市,,餐饮服务;餐饮相关场所;餐饮相关,050000,B0L3HU8AYG,餐饮服务,餐饮相关场所,餐饮相关,
105.56736893197376,25.58997217508286,伊鑫园老字号清真馆,长田中心小学西北侧260米,贵州省,黔西南布依族苗族自治州,,餐饮服务;中餐厅;清真菜馆,050121,B0J17MCSAA,餐饮服务,中餐厅,清真菜馆,
105.56812847551755,25.590153160380858,张老八10元地摊火锅,长田乡贵兴路门牌号是214号,贵州省,黔西南布依族苗族自治州,,餐饮服务;中餐厅;火锅店,050117,B0LKUZYQ0E,餐饮服务,中餐厅,火锅店,
105.56782626893448,25.589942712979784,赵氏麦香面业,648县道东南侧,贵州省,黔西南布依族苗族自治州,,餐饮服务;快餐厅;快餐厅,050300,B0HBLG8VKJ,餐饮服务,快餐厅,快餐厅,
105.57141157151044,25.589704609921945,超群饼屋(尖坡店),长田镇金叶大道,贵州省,黔西南布依族苗族自治州,,餐饮服务;糕饼店;糕饼店,050800,B0FFH79EUM,餐饮服务,糕饼店,糕饼店,
105.570736181563,25.589801941125277,张吉国清真馆,长田镇人民政府西北侧160米,贵州省,黔西南布依族苗族自治州,,餐饮服务;中餐厅;清真菜馆,050121,B0FFKVH55U,餐饮服务,中餐厅,清真菜馆,
105.56996071402183,25.589769087497068,韦记源汤狗肉馆,长田中心小学东北侧170米,贵州省,黔西南布依族苗族自治州,,餐饮服务;中餐厅;中餐厅,050100,B0H6LZE6EH,餐饮服务,中餐厅,中餐厅,
105.60453647852874,25.722129016350564,正宗花江狗肉牛肉,花江镇五里村果比寨组36号,贵州省,安顺市,,餐饮服务;中餐厅;特色/地方风味餐厅,050118,B0MBMR7NQM,餐饮服务,中餐厅,特色/地方风味餐厅,
105.57367217919716,25.75045776258309,太标狗肉馆,普利乡人民政府北门旁,贵州省,安顺市,,餐饮服务;中餐厅;特色/地方风味餐厅,050118,B0G27OFL2Z,餐饮服务,中餐厅,特色/地方风味餐厅,
105.57123648395189,25.5894843350777,茶一扉(尖坡店),长田镇金叶大道尖坡街上茶一扉,贵州省,黔西南布依族苗族自治州,,餐饮服务;冷饮店;冷饮店,050700,B0K2NC3DDS,餐饮服务,冷饮店,冷饮店,
105.57376021753895,25.75047585538455,乡里香餐馆,普利乡人民政府北门旁,贵州省,安顺市,,餐饮服务;中餐厅;中餐厅,050100,B0H6SU1JLW,餐饮服务,中餐厅,中餐厅,
105.57088628247497,25.589514979738983,钟记狗肉馆,X648长田镇人民政府西北侧约140米,贵州省,黔西南布依族苗族自治州,,餐饮服务;中餐厅;中餐厅,050100,B0FFLD3LCQ,餐饮服务,中餐厅,中餐厅,
105.5706551983484,25.588421273986558,尚品糕点,长田镇金叶大道11号,贵州省,黔西南布依族苗族自治州,,餐饮服务;糕饼店;糕饼店,050800,B0K30CV27L,餐饮服务,糕饼店,糕饼店,
105.57225503612896,25.589412344971066,湘黔食府,长田镇尖坡街上,贵州省,黔西南布依族苗族自治州,,餐饮服务;中餐厅;中餐厅,050100,B0FFMBFQPR,餐饮服务,中餐厅,中餐厅,
105.5706551983484,25.588421273986558,尚品糕点,长田镇金叶大道11号,贵州省,黔西南布依族苗族自治州,,餐饮服务;糕饼店;糕饼店,050800,B0K30CV27L,餐饮服务,糕饼店,糕饼店,
105.57225503612896,25.589412344971066,湘黔食府,长田镇尖坡街上,贵州省,黔西南布依族苗族自治州,,餐饮服务;中餐厅;中餐厅,050100,B0FFMBFQPR,餐饮服务,中餐厅,中餐厅,
105.57244112733578,25.58949256382217,尖坡-陈记粉馆,长田镇金叶新村二组贵兴街125号,贵州省,黔西南布依族苗族自治州,,餐饮服务;中餐厅;中餐厅,050100,B0FFID553Z,餐饮服务,中餐厅,中餐厅,
105.57047008190133,25.588557132299396,避风塘茶饮,长田中心小学东侧120米,贵州省,黔西南布依族苗族自治州,,餐饮服务;餐饮相关场所;餐饮相关,050000,B0H6T467V1,餐饮服务,餐饮相关场所,餐饮相关,
105.57039903837897,25.588575063161926,杨记糕点(者相分店),长田中心小学东侧110米,贵州省,黔西南布依族苗族自治州,,餐饮服务;餐饮相关场所;餐饮相关,050000,B0HBBK1DM5,餐饮服务,餐饮相关场所,餐饮相关,
105.56831873920945,25.58737621734212,湘味小厨,长田中心小学西南侧130米,贵州省,黔西南布依族苗族自治州,,餐饮服务;中餐厅;中餐厅,050100,B0J1U598G8,餐饮服务,中餐厅,中餐厅,
105.57270924498336,25.589840974543126,王记兴义老牌黑山羊肉粉面馆,贵兴街134号,贵州省,黔西南布依族苗族自治州,,餐饮服务;中餐厅;中餐厅,050100,B0G3LYGJ4W,餐饮服务,中餐厅,中餐厅,
105.57290835163654,25.589639083436445,大口九烤奶,南布依族苗族自治州贞丰县长田镇648县道圣保利酒店隔壁,贵州省,黔西南布依族苗族自治州,,餐饮服务;餐饮相关场所;餐饮相关,050000,B0H0FZL1WX,餐饮服务,餐饮相关场所,餐饮相关,
105.573132447455,25.589882402144966,熊记地摊火锅,贞丰金月医院东侧130米,贵州省,黔西南布依族苗族自治州,,餐饮服务;中餐厅;火锅店,050117,B0I2UBOBCB,餐饮服务,中餐厅,火锅店,
105.60736147429125,25.721343202276,川渝饭店,五里塘24号,贵州省,安顺市,,餐饮服务;中餐厅;中餐厅,050100,B0M657KG1I,餐饮服务,中餐厅,中餐厅,
105.57165478942525,25.587896100658668,章氏烤鱼,"长田镇,司法所旁边",贵州省,黔西南布依族苗族自治州,,餐饮服务;中餐厅;中餐厅,050100,B0G3VZF7V7,餐饮服务,中餐厅,中餐厅,
105.60549392663384,25.73402735787838,瑾野厨房,花江镇文山村,贵州省,安顺市,,餐饮服务;中餐厅;中餐厅,050100,B0KAPDM420,餐饮服务,中餐厅,中餐厅,
105.60249849057908,25.742586519750066,焦记狗肉牛肉火锅,商业街与富康大道交叉口南120米,贵州省,安顺市,,餐饮服务;中餐厅;中餐厅,050100,B0H3TDHBKO,餐饮服务,中餐厅,中餐厅,
105.60233564190102,25.742554556377463,卢亚兴酒家,花江镇商业街90号,贵州省,安顺市,,餐饮服务;中餐厅;中餐厅,050100,B0FFH3D4EY,餐饮服务,中餐厅,中餐厅,
105.59830081567014,25.745806462309414,乡村柴火饭庄(关花大道店),关花大道与472县道交叉口北260米,贵州省,安顺市,,餐饮服务;餐饮相关场所;餐饮相关,050000,B0FFLFGG39,餐饮服务,餐饮相关场所,餐饮相关,
105.59920320850331,25.74427340161487,启福酒店(花江关花大道店),关花大道与472县道交叉口北60米,贵州省,安顺市,,餐饮服务;中餐厅;中餐厅,050100,B0LAJLU0YK,餐饮服务,中餐厅,中餐厅,
105.60072899941834,25.74374973736525,毛记花江狗肉牛肉鹅肉馆,花江镇和平花园2号楼一层10号,贵州省,安顺市,,餐饮服务;中餐厅;特色/地方风味餐厅,050118,B0M6NHEGMZ,餐饮服务,中餐厅,特色/地方风味餐厅,
105.60258043542399,25.742147235984223,刘记柴火狗肉牛肉,花江镇商业街印坝加油站斜对面,贵州省,安顺市,,餐饮服务;中餐厅;特色/地方风味餐厅,050118,B0MBHDIGLI,餐饮服务,中餐厅,特色/地方风味餐厅,
105.6021817367394,25.74352417219155,揽月楼小赵粉面馆,花江镇商业街70号,贵州省,安顺市,,餐饮服务;中餐厅;中餐厅,050100,B0FFLFO9X0,餐饮服务,中餐厅,中餐厅,
105.60228665375676,25.743254980574658,李家狗肉牛肉,商业街与472县道交叉口南40米,贵州省,安顺市,,餐饮服务;中餐厅;特色/地方风味餐厅,050118,B0M65RJOAF,餐饮服务,中餐厅,特色/地方风味餐厅,
105.60266428255349,25.743739133713458,姐妹牛肉馆,富康大道与商业街交叉口东40米,贵州省,安顺市,,餐饮服务;中餐厅;中餐厅,050100,B0HKY6KKB0,餐饮服务,中餐厅,中餐厅,
105.60269425806257,25.743666080633698,孙钟记狗肉牛肉火锅(花江店),富康大道与商业街交叉口东40米,贵州省,安顺市,,餐饮服务;中餐厅;火锅店,050117,B0M6RU1XOP,餐饮服务,中餐厅,火锅店,
105.6024214248057,25.74549224066204,兴仁白记清真牛肉馆,商业街与富康大道交叉口北200米,贵州省,安顺市,,餐饮服务;中餐厅;清真菜馆,050121,B0IR39JA5D,餐饮服务,中餐厅,清真菜馆,
105.60207282594752,25.743727326207203,蒋姨妈粉面馆,472县道与商业街交叉口西20米,贵州省,安顺市,,餐饮服务;中餐厅;中餐厅,050100,B0J1U75SBO,餐饮服务,中餐厅,中餐厅,
105.60347053470076,25.743368622365164,雷记狗肉牛肉驴肉馆,富康大道与商业街交叉口东120米,贵州省,安顺市,,餐饮服务;中餐厅;中餐厅,050100,B0ID7C9UAM,餐饮服务,中餐厅,中餐厅,
105.60269425806257,25.743666080633698,孙钟记狗肉牛肉火锅(花江店),富康大道与商业街交叉口东40米,贵州省,安顺市,,餐饮服务;中餐厅;火锅店,050117,B0M6RU1XOP,餐饮服务,中餐厅,火锅店,
105.6024214248057,25.74549224066204,兴仁白记清真牛肉馆,商业街与富康大道交叉口北200米,贵州省,安顺市,,餐饮服务;中餐厅;清真菜馆,050121,B0IR39JA5D,餐饮服务,中餐厅,清真菜馆,
105.60207282594752,25.743727326207203,蒋姨妈粉面馆,472县道与商业街交叉口西20米,贵州省,安顺市,,餐饮服务;中餐厅;中餐厅,050100,B0J1U75SBO,餐饮服务,中餐厅,中餐厅,
105.60347053470076,25.743368622365164,雷记狗肉牛肉驴肉馆,富康大道与商业街交叉口东120米,贵州省,安顺市,,餐饮服务;中餐厅;中餐厅,050100,B0ID7C9UAM,餐饮服务,中餐厅,中餐厅,
105.60486012302762,25.743890353733672,三和酒楼,富康大道与商业街交叉口东260米,贵州省,安顺市,,餐饮服务;中餐厅;中餐厅,050100,B0G3UU26HK,餐饮服务,中餐厅,中餐厅,
105.60334350593331,25.746580546527905,云盘大酒店,花江镇和平西街121号,贵州省,安顺市,,餐饮服务;餐饮相关场所;餐饮相关,050000,B0FFIMEKLM,餐饮服务,餐饮相关场所,餐饮相关,
105.60269114345249,25.746161538986637,关岭花江和平酒店(和平西街店),花江镇和平西街137号,贵州省,安顺市,,餐饮服务;中餐厅;综合酒楼,050101,B0FFF5XNWD,餐饮服务,中餐厅,综合酒楼,
105.60248235348429,25.745814408250382,阿友1987鲜烫牛羊肉粉店,商业街与富康大道交叉口北240米,贵州省,安顺市,,餐饮服务;中餐厅;中餐厅,050100,B0L1U73KAD,餐饮服务,中餐厅,中餐厅,
105.60255027778,25.746088545263564,椰子熊,花江镇商业街8号,贵州省,安顺市,,餐饮服务;休闲餐饮场所;休闲餐饮场所,050400,B0L0RR7YD4,餐饮服务,休闲餐饮场所,休闲餐饮场所,
105.60638043761153,25.745377503945914,朱记牛肉馆,花江镇和谐社区退役军人服务站西南侧100米,贵州省,安顺市,,餐饮服务;中餐厅;中餐厅,050100,B0HRTS53GK,餐饮服务,中餐厅,中餐厅,
105.60497969264115,25.750406118192718,王芝龙狗肉(店),花江镇步行街4栋三单元楼,贵州省,安顺市,,餐饮服务;中餐厅;特色/地方风味餐厅,050118,B0FFJPYXSJ,餐饮服务,中餐厅,特色/地方风味餐厅,
105.60646115266647,25.74954290474242,古茗(关岭花江镇店),花江镇和平西街2号,贵州省,安顺市,,餐饮服务;冷饮店;冷饮店,050700,B0L241PK33,餐饮服务,冷饮店,冷饮店,
105.60600565667694,25.749378034340108,蜜雪冰城(花江镇店),和平西街6号,贵州省,安顺市,,餐饮服务;餐饮相关场所;餐饮相关,050000,B0LDC1VNSL,餐饮服务,餐饮相关场所,餐饮相关,
105.60386175603574,25.751792407709914,何老四狗肉馆,和平西街与和谐路交叉口西北360米,贵州省,安顺市,,餐饮服务;中餐厅;特色/地方风味餐厅,050118,B0L0V6HL4H,餐饮服务,中餐厅,特色/地方风味餐厅,
105.60779879294128,25.746368328701042,地摊式烧椒牛肉,和谐路与和平西街交叉口南400米,贵州省,安顺市,,餐饮服务;中餐厅;中餐厅,050100,B0M61AFS8A,餐饮服务,中餐厅,中餐厅,
105.60804847415041,25.746972541193585,秀萍野菜火锅 家常炒菜(花江店),富康大道(关岭佳乐惠生活购物广场旁边),贵州省,安顺市,,餐饮服务;中餐厅;中餐厅,050100,B0LRTSA5SD,餐饮服务,中餐厅,中餐厅,
105.60524347889519,25.749119242297503,花江片片鱼火锅,和平西街20号,贵州省,安顺市,,餐饮服务;中餐厅;火锅店,050117,B0FFIDQYCB,餐饮服务,中餐厅,火锅店,
105.60820524186342,25.74800405586964,书亦烧仙草(安顺花江镇店),和谐路与和平西街交叉口东南260米,贵州省,安顺市,,餐饮服务;餐饮相关场所;餐饮相关,050000,B0LUPH2082,餐饮服务,餐饮相关场所,餐饮相关,
105.60591673136632,25.749826341172856,袁记花江狗肉粉,花江镇中心时代5栋1-10号,贵州省,安顺市,,餐饮服务;中餐厅;特色/地方风味餐厅,050118,B0L367BD2A,餐饮服务,中餐厅,特色/地方风味餐厅,
105.6075070315181,25.74843069933597,哆哆基(花江店),花江镇富康大道2号,贵州省,安顺市,,餐饮服务;餐饮相关场所;餐饮相关,050000,B0FFI6NNMB,餐饮服务,餐饮相关场所,餐饮相关,
105.60537427031416,25.750634073264045,派乐汉堡(安顺花江镇店),花江镇花江第一中学(花江镇和平东街73号),贵州省,安顺市,,餐饮服务;快餐厅;快餐厅,050300,B0IRFU6EEX,餐饮服务,快餐厅,快餐厅,
105.60667991438004,25.749473752291394,郑记爽爽牛肉馆(花江步行街店),和平西街4号附近,贵州省,安顺市,,餐饮服务;中餐厅;中餐厅,050100,B0FFFV43BK,餐饮服务,中餐厅,中餐厅,
105.60591469794369,25.75058178673699,享哆味汉堡炸鸡(关岭花江店),和平东街5号,贵州省,安顺市,,餐饮服务;餐饮相关场所;餐饮相关,050000,B0J11AX67K,餐饮服务,餐饮相关场所,餐饮相关,
105.60499163581686,25.75134966868586,曹记牛肉粉,和平东街与和谐路交叉口西北240米,贵州省,安顺市,,餐饮服务;中餐厅;中餐厅,050100,B0L0GK1H7G,餐饮服务,中餐厅,中餐厅,
105.60736608693317,25.750668091758193,郭正鹏狗肉馆,花江镇和平东街一中,贵州省,安顺市,,餐饮服务;中餐厅;特色/地方风味餐厅,050118,B03550021E,餐饮服务,中餐厅,特色/地方风味餐厅,
105.60736608693317,25.750668091758193,郭正鹏狗肉馆,花江镇和平东街一中,贵州省,安顺市,,餐饮服务;中餐厅;特色/地方风味餐厅,050118,B03550021E,餐饮服务,中餐厅,特色/地方风味餐厅,
105.60567099600132,25.749791438434656,隆江猪脚饭,花江镇步行街3栋12号,贵州省,安顺市,,餐饮服务;中餐厅;中餐厅,050100,B0LKVU4RT9,餐饮服务,中餐厅,中餐厅,
105.60376084665137,25.751973554683772,敏宝炭火烧烤 烙锅 主食,花江镇迎宾大道中心时代二期15/1/7,贵州省,安顺市,,餐饮服务;中餐厅;中餐厅,050100,B0L2ZO4269,餐饮服务,中餐厅,中餐厅,
105.60810741466943,25.746772390265832,丰味源牛杂火锅,和谐路与和平西街交叉口东南360米,贵州省,安顺市,,餐饮服务;中餐厅;火锅店,050117,B0I3MZO1BB,餐饮服务,中餐厅,火锅店,
105.6057988641573,25.749692319158537,食全食美(花江步行街店),花江步行街,贵州省,安顺市,,餐饮服务;快餐厅;快餐厅,050300,B0FFKT8JKU,餐饮服务,快餐厅,快餐厅,
105.60503864139754,25.750197969323565,唐记粉面馆,花江镇步行街(美食街)广场西南侧,贵州省,安顺市,,餐饮服务;中餐厅;中餐厅,050100,B0L3GRH4XN,餐饮服务,中餐厅,中餐厅,
105.60812934062649,25.747797978683113,花江湖南鸭霸王,花江镇和谐路中心幼儿园对面,贵州省,安顺市,,餐饮服务;餐饮相关场所;餐饮相关,050000,B0FFKPZU1P,餐饮服务,餐饮相关场所,餐饮相关,
105.60643118926689,25.74946487402886,鑫鑫牛肉粉面馆,和平西街3号,贵州省,安顺市,,餐饮服务;中餐厅;中餐厅,050100,B0L2RHMT11,餐饮服务,中餐厅,中餐厅,
105.60662498027776,25.74936671762974,贵众合力蛋糕(花江店),和谐路与和平西街交叉口南约40米,贵州省,安顺市,,餐饮服务;糕饼店;糕饼店,050800,B0FFJT40UL,餐饮服务,糕饼店,糕饼店,
105.60400260834938,25.75197345782166,花江特色狗肉牛肉馆,花江镇迎宾大道东北侧2期17号楼负1层8号,贵州省,安顺市,,餐饮服务;中餐厅;中餐厅,050100,B0L0LM8FR7,餐饮服务,中餐厅,中餐厅,
105.60776372417533,25.748686707389858,书培烧仙草(和谐路店),和谐路与和平西街交叉口东南160米,贵州省,安顺市,,餐饮服务;餐饮相关场所;餐饮相关,050000,B0HK5UJO62,餐饮服务,餐饮相关场所,餐饮相关,
105.60801845219581,25.74818126692533,赵记山东水饺,花江镇和谐路,贵州省,安顺市,,餐饮服务;餐饮相关场所;餐饮相关,050000,B0FFKEA4NO,餐饮服务,餐饮相关场所,餐饮相关,
105.60588776142262,25.749849368732338,鹅肉粉店,和平东街5号,贵州省,安顺市,,餐饮服务;中餐厅;中餐厅,050100,B0LB4ADI45,餐饮服务,中餐厅,中餐厅,
105.60421242022335,25.75153211152727,疯子烧烤烤鱼,和平西街与和谐路交叉口西北320米,贵州省,安顺市,,餐饮服务;中餐厅;特色/地方风味餐厅,050118,B0L0AKAOO6,餐饮服务,中餐厅,特色/地方风味餐厅,
105.60410951774554,25.751642218852616,罗记布依脆皮狗肉·烙锅,花江镇迎宾大道13栋18、19号,贵州省,安顺市,,餐饮服务;外国餐厅;外国餐厅,050200,B0L2FU1G2O,餐饮服务,外国餐厅,外国餐厅,
105.60410451650202,25.751774298800182,海滨辣子鸡,迎宾大道海滨辣子,贵州省,安顺市,,餐饮服务;中餐厅;中餐厅,050100,B0JKAYEPXX,餐饮服务,中餐厅,中餐厅,
105.60621442366882,25.7495200150348,天津灌汤小笼包(和平西街店),花江步行街,贵州省,安顺市,,餐饮服务;快餐厅;快餐厅,050300,B0FFK87MGJ,餐饮服务,快餐厅,快餐厅,
105.60568494704364,25.750514857514403,关岭全牛宴地摊火锅店,花江镇粮管所棚户区6栋6-1-9,贵州省,安顺市,,餐饮服务;餐饮相关场所;餐饮相关,050000,B0LKZRFPFQ,餐饮服务,餐饮相关场所,餐饮相关,
105.60830714142304,25.74759075448487,玖玖鸭脖(和谐路店),关岭布依族苗族自治县人民法院第三人民法庭西北侧70米,贵州省,安顺市,,餐饮服务;餐饮相关场所;餐饮相关,050000,B0G21D90ET,餐饮服务,餐饮相关场所,餐饮相关,
105.6042503847105,25.751479064497357,金亿源竹笋牛杂火锅,花江镇迎宾大道13栋1层20-21号,贵州省,安顺市,,餐饮服务;中餐厅;火锅店,050117,B0LU9DCYLB,餐饮服务,中餐厅,火锅店,
105.60727728497645,25.748608929027437,茶与欢,和谐路26号,贵州省,安顺市,,餐饮服务;冷饮店;冷饮店,050700,B0L1YCECW0,餐饮服务,冷饮店,冷饮店,
105.60416246863078,25.751564151054957,罗记小豆腐烤肉,花江镇迎宾大道13栋18、19号,贵州省,安顺市,,餐饮服务;餐饮相关场所;餐饮相关,050000,B0LK5NRYYM,餐饮服务,餐饮相关场所,餐饮相关,
105.60361399305395,25.751911575732137,老尔片片鱼火锅,和平西街与和谐路交叉口西北380米,贵州省,安顺市,,餐饮服务;中餐厅;中餐厅,050100,B0L04LYTHP,餐饮服务,中餐厅,中餐厅,
105.60357502747429,25.751985634562164,馋猫烤鱼(迎宾大道店),花江镇迎宾大道二期十六号1-16.17,贵州省,安顺市,,餐饮服务;中餐厅;中餐厅,050100,B0GRCXEAV7,餐饮服务,中餐厅,中餐厅,
105.60609055087043,25.74967516745522,重庆酸辣粉(花江步行街店),花江步行街,贵州省,安顺市,,餐饮服务;快餐厅;快餐厅,050300,B0G2MBUSXU,餐饮服务,快餐厅,快餐厅,
105.52971653005598,25.396244353054108,新鸿发小面馆,[],贵州省,黔西南布依族苗族自治州,,餐饮服务;中餐厅;中餐厅,050100,B0G2NZ354Q,餐饮服务,中餐厅,中餐厅,
105.4933308460058,25.335244994376897,千李香饼屋,龙山镇初级中学,贵州省,黔西南布依族苗族自治州,,餐饮服务;糕饼店;糕饼店,050800,B0HUAUA4Z0,餐饮服务,糕饼店,糕饼店,
105.49450995077221,25.33457546192624,龙山二收万州烤鱼店,龙山镇二收万州烤鱼,贵州省,黔西南布依族苗族自治州,,餐饮服务;中餐厅;中餐厅,050100,B0FFLDT0G9,餐饮服务,中餐厅,中餐厅,
105.493811123789,25.334680374471727,多孃家常菜,龙山镇卫生院北侧130米,贵州省,黔西南布依族苗族自治州,,餐饮服务;中餐厅;中餐厅,050100,B0JUTCBUQ7,餐饮服务,中餐厅,中餐厅,
105.49297292199394,25.33508290252245,鱼掌门烤鱼,龙山中学东北侧180米,贵州省,黔西南布依族苗族自治州,,餐饮服务;中餐厅;中餐厅,050100,B0KDP99W0C,餐饮服务,中餐厅,中餐厅,
105.49481175356162,25.334250333322895,龙山好运来鱼庄,龙山镇顶坪桥,贵州省,黔西南布依族苗族自治州,,餐饮服务;中餐厅;中餐厅,050100,B0IU1HX7U4,餐饮服务,中餐厅,中餐厅,
105.49281752077194,25.33501742913417,罗记绝味鸭霸王炭火烤鸭,龙山镇街上,贵州省,黔西南布依族苗族自治州,,餐饮服务;中餐厅;中餐厅,050100,B0MBHHI01J,餐饮服务,中餐厅,中餐厅,
105.4934491763258,25.334776298288173,魏记狗肉馆,龙山镇卫生院北侧150米,贵州省,黔西南布依族苗族自治州,,餐饮服务;中餐厅;特色/地方风味餐厅,050118,B0JUFULT8G,餐饮服务,中餐厅,特色/地方风味餐厅,
105.4934712342912,25.334765363308172,红翠特色早餐,龙山镇卫生院北侧140米,贵州省,黔西南布依族苗族自治州,,餐饮服务;中餐厅;中餐厅,050100,B0JUFUTO47,餐饮服务,中餐厅,中餐厅,
105.49513358475684,25.334436320592086,毛师狗肉馆,龙山镇卫生院东北侧180米,贵州省,黔西南布依族苗族自治州,,餐饮服务;中餐厅;特色/地方风味餐厅,050118,B0M67AX26W,餐饮服务,中餐厅,特色/地方风味餐厅,
105.49468142746798,25.333954909743937,龙山老字号小团卤肉店,龙山镇场坝村新一组,贵州省,黔西南布依族苗族自治州,,餐饮服务;餐饮相关场所;餐饮相关,050000,B0L17A78RA,餐饮服务,餐饮相关场所,餐饮相关,
105.49103689577997,25.33505209713393,腾岳餐饮烤鱼休闲吧,龙山镇场坝村街上,贵州省,黔西南布依族苗族自治州,,餐饮服务;休闲餐饮场所;休闲餐饮场所,050400,B0FFLJY4Y2,餐饮服务,休闲餐饮场所,休闲餐饮场所,
105.49243855252807,25.334653252748875,皇茶烧仙草,龙山中学北侧120米,贵州省,黔西南布依族苗族自治州,,餐饮服务;餐饮相关场所;餐饮相关,050000,B0HBBX7M9W,餐饮服务,餐饮相关场所,餐饮相关,
105.49290578047747,25.334381624592453,益茶の果奶,龙山镇场坝村新2组,贵州省,黔西南布依族苗族自治州,,餐饮服务;冷饮店;冷饮店,050700,B0J1T7AEM1,餐饮服务,冷饮店,冷饮店,
105.49284864205231,25.33416542970538,超群饼屋(龙山店),龙山镇卫生院西北侧110米,贵州省,黔西南布依族苗族自治州,,餐饮服务;糕饼店;糕饼店,050800,B0FFGE66CT,餐饮服务,糕饼店,糕饼店,
105.493322883855,25.3340068355866,星空,龙山镇老工商局对面,贵州省,黔西南布依族苗族自治州,,餐饮服务;冷饮店;冷饮店,050700,B0FFM2S3VZ,餐饮服务,冷饮店,冷饮店,
105.49331185238886,25.334064808753975,柚茶饮品汉堡台球,龙山镇邮政斜对面,贵州省,黔西南布依族苗族自治州,,餐饮服务;餐饮相关场所;餐饮相关,050000,B0H257O92E,餐饮服务,餐饮相关场所,餐饮相关,
105.49281856044013,25.334236347154548,避风塘珍珠鲜奶茶汉堡,龙山镇卫生院西北侧120米,贵州省,黔西南布依族苗族自治州,,餐饮服务;冷饮店;冷饮店,050700,B0G21N8ELF,餐饮服务,冷饮店,冷饮店,
105.49316748043103,25.333982366543978,小芳剪粉店,龙山镇卫生院西北侧70米,贵州省,黔西南布依族苗族自治州,,餐饮服务;中餐厅;中餐厅,050100,B0JUFUG9Z8,餐饮服务,中餐厅,中餐厅,
105.49072910165515,25.334987169073678,兄弟鸭霸王,龙山镇场坝村兄弟鸭霸王,贵州省,黔西南布依族苗族自治州,,餐饮服务;餐饮相关场所;餐饮相关,050000,B0G37H9BV2,餐饮服务,餐饮相关场所,餐饮相关,
105.49080230886565,25.33461434738113,张惠清真馆,龙山中学西北侧170米,贵州省,黔西南布依族苗族自治州,,餐饮服务;中餐厅;清真菜馆,050121,B0FFL3QM10,餐饮服务,中餐厅,清真菜馆,
105.48999520152191,25.335028979660795,严记牛杂火锅,龙山镇坡界下寨1号,贵州省,黔西南布依族苗族自治州,,餐饮服务;中餐厅;火锅店,050117,B0LGY56WXL,餐饮服务,中餐厅,火锅店,
105.49153419798292,25.334780556372863,咔滋漫,龙山中学西北侧140米,贵州省,黔西南布依族苗族自治州,,餐饮服务;餐饮相关场所;餐饮相关,050000,B0L0RO7MAD,餐饮服务,餐饮相关场所,餐饮相关,
105.47513901840055,25.33753792845296,龙山红油剪粉店,682县道与549乡道交叉口北40米,贵州省,黔西南布依族苗族自治州,,餐饮服务;中餐厅;中餐厅,050100,B0IDGHR000,餐饮服务,中餐厅,中餐厅,
105.57236153699499,25.386288464237058,白老二清真牛肉馆,挽澜派出所南侧120米,贵州省,黔西南布依族苗族自治州,,餐饮服务;中餐厅;中餐厅,050100,B0FFKZ62V3,餐饮服务,中餐厅,中餐厅,
105.57234146618953,25.38759566644924,文井奶茶吧,挽澜镇桃乡大道,贵州省,黔西南布依族苗族自治州,,餐饮服务;冷饮店;冷饮店,050700,B0G3RHAF5X,餐饮服务,冷饮店,冷饮店,
105.57252961155238,25.386512668781982,黑山羊肉馆,挽澜派出所南侧90米,贵州省,黔西南布依族苗族自治州,,餐饮服务;中餐厅;中餐厅,050100,B0FFL7EJKT,餐饮服务,中餐厅,中餐厅,
105.5726446181985,25.387606968200522,大众油蒸包子小吃店,挽澜派出所东北侧,贵州省,黔西南布依族苗族自治州,,餐饮服务;餐饮相关场所;餐饮相关,050000,B0GKJBXNN7,餐饮服务,餐饮相关场所,餐饮相关,
105.57224131315567,25.389789944112113,车依红焖狗肉馆,挽澜镇人民政府北侧160米,贵州省,黔西南布依族苗族自治州,,餐饮服务;中餐厅;特色/地方风味餐厅,050118,B0L0PL1KY0,餐饮服务,中餐厅,特色/地方风味餐厅,
105.57531278352361,25.387358388167534,小桥餐馆,挽澜乡财政所东侧260米,贵州省,黔西南布依族苗族自治州,,餐饮服务;中餐厅;中餐厅,050100,B0G1F1QEPQ,餐饮服务,中餐厅,中餐厅,
105.59417628629984,25.40663618342681,贞丰县山丫丫土味坊,309省道,贵州省,黔西南布依族苗族自治州,,餐饮服务;中餐厅;中餐厅,050100,B0L0FD2KLQ,餐饮服务,中餐厅,中餐厅,
105.59805099945858,25.403558330443477,美食好忙,丰茂街道白腊社区狗场组5号,贵州省,黔西南布依族苗族自治州,,餐饮服务;中餐厅;中餐厅,050100,B0LDFZVZT8,餐饮服务,中餐厅,中餐厅,
105.5990341983385,25.405142462826845,麦肯来(乐惠购超市店),珉谷镇西城社区乐惠购生活超市内,贵州省,黔西南布依族苗族自治州,,餐饮服务;快餐厅;快餐厅,050300,B0JDX78GBZ,餐饮服务,快餐厅,快餐厅,
105.59899625815267,25.40447734271872,卢记10元地摊火锅,建设街164号,贵州省,黔西南布依族苗族自治州,,餐饮服务;中餐厅;火锅店,050117,B0LR49QNDN,餐饮服务,中餐厅,火锅店,
105.5997546328223,25.405233329103496,贞丰县袁记带皮牛肉粉店,丰茂街道西城社区2栋珉谷卫生院门口9号,贵州省,黔西南布依族苗族自治州,,餐饮服务;中餐厅;中餐厅,050100,B0LUHHFKDO,餐饮服务,中餐厅,中餐厅,
105.59912314924787,25.40473536729431,鸭霸王,西城社区西北侧50米,贵州省,黔西南布依族苗族自治州,,餐饮服务;餐饮相关场所;餐饮相关,050000,B0LRCDG2R4,餐饮服务,餐饮相关场所,餐饮相关,
105.60022426381663,25.40502517861691,贞丰县西城社区马斌牛肉馆,西城社区2栋二单元101号,贵州省,黔西南布依族苗族自治州,,餐饮服务;中餐厅;中餐厅,050100,B0L6YYALKQ,餐饮服务,中餐厅,中餐厅,
105.59947686111738,25.405038352589933,夜味香烧烤,丰茂街道西城社区社居民委员会西南侧,贵州省,黔西南布依族苗族自治州,,餐饮服务;中餐厅;特色/地方风味餐厅,050118,B0I2RUVR8F,餐饮服务,中餐厅,特色/地方风味餐厅,
105.6033116494242,25.402357711506625,锦宏餐厅,309省道南侧,贵州省,黔西南布依族苗族自治州,,餐饮服务;中餐厅;中餐厅,050100,B0G04B69Z7,餐饮服务,中餐厅,中餐厅,
105.60937617561487,25.3994961414413,白腊马家豆豉,珉谷镇街道纳妹村小寨组52号,贵州省,黔西南布依族苗族自治州,,餐饮服务;中餐厅;中餐厅,050100,B0J2DCQOX3,餐饮服务,中餐厅,中餐厅,
105.61798638845634,25.394451434253387,贞丰柴火战斗鸡,沙子坡香耐路口往上50米处,贵州省,黔西南布依族苗族自治州,,餐饮服务;餐饮相关场所;餐饮相关,050000,B0FFKIUEBV,餐饮服务,餐饮相关场所,餐饮相关,
105.61844166498202,25.39458902342463,贞丰县田锦民柴火冲峰鸡(总店),309省道西50米,贵州省,黔西南布依族苗族自治州,,餐饮服务;餐饮相关场所;餐饮相关,050000,B0FFKK8DXZ,餐饮服务,餐饮相关场所,餐饮相关,
105.61746408718953,25.396896365823583,望城有家农家乐,309省道北50米,贵州省,黔西南布依族苗族自治州,,餐饮服务;中餐厅;云贵菜,050114,B0FFG0LQ3C,餐饮服务,中餐厅,云贵菜,
105.61856041858887,25.39583213221634,贞丰县食里香旱鸭食府,珉谷街道旗洋社区石头寨组沙子披中段,贵州省,黔西南布依族苗族自治州,,餐饮服务;中餐厅;中餐厅,050100,B0KAOHZE1Y,餐饮服务,中餐厅,中餐厅,
105.62307278030255,25.39791678670001,上善酒店-中餐厅,珉谷镇街道办湿地公园旁,贵州省,黔西南布依族苗族自治州,,餐饮服务;中餐厅;中餐厅,050100,B0IDHRUJ4Z,餐饮服务,中餐厅,中餐厅,
105.62494361116276,25.39429597245641,渔夫子(碧桂园贞丰1号店),碧桂园贞丰1号,贵州省,黔西南布依族苗族自治州,,餐饮服务;中餐厅;中餐厅,050100,B0I3VRFCK4,餐饮服务,中餐厅,中餐厅,
105.62428872689752,25.39571899675104,农家土菜,珉谷街道西城佳苑10-1,贵州省,黔西南布依族苗族自治州,,餐饮服务;中餐厅;中餐厅,050100,B0IG3AZINX,餐饮服务,中餐厅,中餐厅,
105.62197053235224,25.401292630112486,珍香小吃店,珉谷街道麒龙湖山悦府负1-18号,贵州省,黔西南布依族苗族自治州,,餐饮服务;中餐厅;中餐厅,050100,B0KUMM3B40,餐饮服务,中餐厅,中餐厅,
105.62440070592072,25.39187018067483,牛牛快餐,碧桂园商B-1-7,贵州省,黔西南布依族苗族自治州,,餐饮服务;快餐厅;快餐厅,050300,B0LRHOAB9O,餐饮服务,快餐厅,快餐厅,
105.62229798800635,25.400895198125202,大方特色小豆腐(贞丰麒龙·湖山悦府店),珉谷街道麒龙湖山悦府1-34号,贵州省,黔西南布依族苗族自治州,,餐饮服务;中餐厅;中餐厅,050100,B0HK3HLM0U,餐饮服务,中餐厅,中餐厅,
105.62564438100262,25.393204940413543,林师傅筒骨煲火锅-特色干锅下饭菜(碧桂园店),珉谷街道碧桂园9栋底商-11-13号商铺,贵州省,黔西南布依族苗族自治州,,餐饮服务;中餐厅;火锅店,050117,B0GK2RK1NH,餐饮服务,中餐厅,火锅店,
105.62330227401554,25.400122935029945,沱江鱼府(珉城隧道店),贞丰麒龙·湖山悦府,贵州省,黔西南布依族苗族自治州,,餐饮服务;餐饮相关场所;餐饮相关,050000,B0MBT69GQ7,餐饮服务,餐饮相关场所,餐饮相关,
105.62586496293258,25.39344771660563,张惠牛肉馆,碧桂园s3-118,贵州省,黔西南布依族苗族自治州,,餐饮服务;中餐厅;中餐厅,050100,B0IUO56ZUD,餐饮服务,中餐厅,中餐厅,
105.62506040103183,25.39424782531784,余味厨毕节酸汤烙锅,建设街164号,贵州省,黔西南布依族苗族自治州,,餐饮服务;外国餐厅;外国餐厅,050200,B0L05STT9X,餐饮服务,外国餐厅,外国餐厅,
105.62556648002622,25.394149202382536,水浒烤肉(碧桂园贞丰1号店),碧桂园贞丰1号,贵州省,黔西南布依族苗族自治州,,餐饮服务;中餐厅;中餐厅,050100,B0K0T7MGDX,餐饮服务,中餐厅,中餐厅,
105.62582603931082,25.39335174676724,品爱麦乐基(贞丰店),金景一街与金景二街交叉口西南80米,贵州省,黔西南布依族苗族自治州,,餐饮服务;快餐厅;快餐厅,050300,B0JB16XF7V,餐饮服务,快餐厅,快餐厅,
105.62575120088914,25.392849748405848,老九带皮牛肉馆(贞丰店),碧桂园贞丰1号,贵州省,黔西南布依族苗族自治州,,餐饮服务;餐饮相关场所;餐饮相关,050000,B0LBFDXHIQ,餐饮服务,餐饮相关场所,餐饮相关,
105.62557846278378,25.394047169738396,黄记大排粉(碧桂园贞丰1号店),碧桂园贞丰1号,贵州省,黔西南布依族苗族自治州,,餐饮服务;中餐厅;中餐厅,050100,B0IR0HRLPF,餐饮服务,中餐厅,中餐厅,
105.62560745463948,25.39308296331467,周记地摊火锅,碧桂园贞丰一号商9-14,贵州省,黔西南布依族苗族自治州,,餐饮服务;中餐厅;火锅店,050117,B0LKR96MDO,餐饮服务,中餐厅,火锅店,
105.62583799325715,25.393863823375483,多多海鲜,碧桂园贞丰1号,贵州省,黔西南布依族苗族自治州,,餐饮服务;中餐厅;海鲜酒楼,050119,B0L1BZY26G,餐饮服务,中餐厅,海鲜酒楼,
105.62612740247572,25.395037681140035,贞丰三妹糯米饭店,西城佳苑1-1-2号,贵州省,黔西南布依族苗族自治州,,餐饮服务;中餐厅;中餐厅,050100,B0L3JMD2CD,餐饮服务,中餐厅,中餐厅,
105.6265146462349,25.39578434015421,老桂家清真馆,金城大道与金景二街交叉口西60米,贵州省,黔西南布依族苗族自治州,,餐饮服务;中餐厅;中餐厅,050100,B0HB45932S,餐饮服务,中餐厅,中餐厅,
105.6258879010616,25.393863762803274,春兰早餐店,碧桂园贞丰1号,贵州省,黔西南布依族苗族自治州,,餐饮服务;中餐厅;中餐厅,050100,B0LRCHFR0S,餐饮服务,中餐厅,中餐厅,
105.62573815168466,25.394414042537903,乡村石磨豆花火锅,金景一街与金景二街交叉口西北60米,贵州省,黔西南布依族苗族自治州,,餐饮服务;中餐厅;火锅店,050117,B0LRKXJPII,餐饮服务,中餐厅,火锅店,
105.62564532091122,25.39445116132535,贞丰碧桂园摩卡希咖啡店,建设街164号(匠果叔旁边),贵州省,黔西南布依族苗族自治州,,餐饮服务;咖啡厅;咖啡厅,050500,B0LRS73ZNM,餐饮服务,咖啡厅,咖啡厅,
105.62583202343832,25.393454757812943,开心嗦螺蛳粉,珉谷街道碧桂园1号楼9栋3号,贵州省,黔西南布依族苗族自治州,,餐饮服务;中餐厅;中餐厅,050100,B0LGU5ESI8,餐饮服务,中餐厅,中餐厅,
105.62723438622571,25.393787085928732,傅正刚糯米饭(金景湾店),金景湾小区20号店铺(特警队旁),贵州省,黔西南布依族苗族自治州,,餐饮服务;中餐厅;中餐厅,050100,B0K2M5VC8U,餐饮服务,中餐厅,中餐厅,
105.62576512219702,25.393981932719058,思源小吃(碧桂园贞丰1号店),碧桂园贞丰1号,贵州省,黔西南布依族苗族自治州,,餐饮服务;中餐厅;中餐厅,050100,B0JAXR9NRS,餐饮服务,中餐厅,中餐厅,
105.62665439107549,25.395649143030873,北部湾海鲜-港式平价大排档,金城大道与金景二街交汇处,贵州省,黔西南布依族苗族自治州,,餐饮服务;中餐厅;海鲜酒楼,050119,B0LDVC61SL,餐饮服务,中餐厅,海鲜酒楼,
105.62585095882069,25.394087847605526,霸王带皮牛肉馆,珉谷街道海曙大道碧桂园贞丰1号商业S3段-1层10号,贵州省,黔西南布依族苗族自治州,,餐饮服务;中餐厅;中餐厅,050100,B0LB7UF02Y,餐饮服务,中餐厅,中餐厅,
105.62723230734129,25.395554405240834,贞丰爱饭餐饮服务中心,金丰大道金茂中心二楼,贵州省,黔西南布依族苗族自治州,,餐饮服务;中餐厅;中餐厅,050100,B0H3BH1076,餐饮服务,中餐厅,中餐厅,
105.62727024008645,25.395457340084384,慕巴夫鲜花主题蛋糕(贞丰店),金城大道345号金茂中心s1-1-10号商铺,贵州省,黔西南布依族苗族自治州,,餐饮服务;糕饼店;糕饼店,050800,B0JD3C8YV6,餐饮服务,糕饼店,糕饼店,
105.62705162293489,25.39610473106572,常香思包子铺,金城大道与海曙大道交叉口东220米,贵州省,黔西南布依族苗族自治州,,餐饮服务;中餐厅;中餐厅,050100,B0FFKDWQZ7,餐饮服务,中餐厅,中餐厅,
105.62731024137477,25.39381299518059,铁哥特色盒子粑,金景一街42号,贵州省,黔西南布依族苗族自治州,,餐饮服务;餐饮相关场所;餐饮相关,050000,B0KRG7UHZT,餐饮服务,餐饮相关场所,餐饮相关,
105.62768645342688,25.395366797905613,贞味豆豉火锅,珉谷大道37号城南购物中心旁边一层,贵州省,黔西南布依族苗族自治州,,餐饮服务;中餐厅;火锅店,050117,B0KUY70NYK,餐饮服务,中餐厅,火锅店,
105.62758172715341,25.393783647206448,伊兴园清真馆(金景湾店),金景湾特警大队傍,贵州省,黔西南布依族苗族自治州,,餐饮服务;中餐厅;清真菜馆,050121,B0HU2SU4I3,餐饮服务,中餐厅,清真菜馆,
105.62788604589349,25.395927645028454,肖家辣鸡粉,珉谷街道金城大道330号,贵州省,黔西南布依族苗族自治州,,餐饮服务;中餐厅;中餐厅,050100,B0LAD70MD2,餐饮服务,中餐厅,中餐厅,
105.62773433887365,25.395861826342205,黔家糯,珉谷街道水井湾社区金农金茂2号2-1-1,贵州省,黔西南布依族苗族自治州,,餐饮服务;餐饮相关场所;餐饮相关,050000,B0KR5RW2SG,餐饮服务,餐饮相关场所,餐饮相关,
105.62777825830854,25.39579175782563,王孃孃凯里酸汤砂锅粉(水景湾小区店),珉谷街道金茂农贸2B-1-6,贵州省,黔西南布依族苗族自治州,,餐饮服务;中餐厅;中餐厅,050100,B0IDOZUU5U,餐饮服务,中餐厅,中餐厅,
105.6283992747111,25.391342170324588,苗家糕点,珉谷镇左旗村三组,贵州省,黔西南布依族苗族自治州,,餐饮服务;糕饼店;糕饼店,050800,B0FFJ3XJK9,餐饮服务,糕饼店,糕饼店,
105.62981037006296,25.394557888264064,贞丰特色酸汤狗肉馆,金丰大道(妇幼保健院旁边),贵州省,黔西南布依族苗族自治州,,餐饮服务;中餐厅;火锅店,050117,B0FFMH8W4F,餐饮服务,中餐厅,火锅店,
105.62878238258955,25.394554242314584,叮当熊猫·仪式感蛋糕(贞丰店),金茂中心s4-1-15,贵州省,黔西南布依族苗族自治州,,餐饮服务;餐饮相关场所;餐饮相关,050000,B0KD7DV6XX,餐饮服务,餐饮相关场所,餐饮相关,
105.62848291777813,25.395510802923358,初见甜品,金城大道与文笔路交叉口西北80米,贵州省,黔西南布依族苗族自治州,,餐饮服务;甜品店;甜品店,050900,B0L3FH62W3,餐饮服务,甜品店,甜品店,
105.62946035649267,25.388212241179524,巴黎麦甜,珉谷镇左旗村左旗路61号,贵州省,黔西南布依族苗族自治州,,餐饮服务;糕饼店;糕饼店,050800,B0LRMUXMY1,餐饮服务,糕饼店,糕饼店,
105.62831124582281,25.395579036887074,大碗猪脚饭,金城大道珉谷街道金丰农贸2B-1-13,贵州省,黔西南布依族苗族自治州,,餐饮服务;中餐厅;中餐厅,050100,B0JRB726I8,餐饮服务,中餐厅,中餐厅,
105.62883326041184,25.395052265323258,者相百年周记粽粑,"金茂中心S4-1-2,S4号1-16门面",贵州省,黔西南布依族苗族自治州,,餐饮服务;餐饮相关场所;餐饮相关,050000,B0HKCCBXAB,餐饮服务,餐饮相关场所,餐饮相关,
105.63136663717371,25.38657038770766,仙孃孃羊汤锅(贞丰店),珉谷大道,贵州省,黔西南布依族苗族自治州,,餐饮服务;中餐厅;中餐厅,050100,B0J6Z5K99V,餐饮服务,中餐厅,中餐厅,
105.63122594378764,25.386086499378536,花江狗肉,锦绣南城,贵州省,黔西南布依族苗族自治州,,餐饮服务;餐饮相关场所;餐饮相关,050000,B0LGK7O2GE,餐饮服务,餐饮相关场所,餐饮相关,
105.63154111381178,25.39020277021642,左旗味悦农庄,同心路,贵州省,黔西南布依族苗族自治州,,餐饮服务;中餐厅;四川菜(川菜),050102,B0G2F71A5Q,餐饮服务,中餐厅,四川菜(川菜),
105.63188438470604,25.390888413564294,柴火小院(贞丰店),同心路与建设路交叉口西南60米,贵州省,黔西南布依族苗族自治州,,餐饮服务;中餐厅;中餐厅,050100,B0FFH7FPR0,餐饮服务,中餐厅,中餐厅,
105.63067900342604,25.386906385064794,王老卤烧鸭店,锦绣南城9栋6号门,贵州省,黔西南布依族苗族自治州,,餐饮服务;餐饮相关场所;餐饮相关,050000,B0JG5ZT4MK,餐饮服务,餐饮相关场所,餐饮相关,
105.63112212259347,25.386732751141498,水城酸汤烙锅,丰茂街道锦绣南城9栋14号门面,贵州省,黔西南布依族苗族自治州,,餐饮服务;中餐厅;中餐厅,050100,B0LKJH1HN3,餐饮服务,中餐厅,中餐厅,
105.63036908752812,25.398291816145207,山卡卡包谷饭,县桥望村文笔路,贵州省,黔西南布依族苗族自治州,,餐饮服务;中餐厅;中餐厅,050100,B0H3542GIQ,餐饮服务,中餐厅,中餐厅,
105.63090952925877,25.38717111628805,黔将府干锅鸡爆虾(贞丰店),丰茂大道15号,贵州省,黔西南布依族苗族自治州,,餐饮服务;餐饮相关场所;餐饮相关,050000,B0LRTH9T6H,餐饮服务,餐饮相关场所,餐饮相关,
105.63125884698869,25.386735563992268,陈老伍粉面馆,锦绣南城9栋15号门面,贵州省,黔西南布依族苗族自治州,,餐饮服务;快餐厅;快餐厅,050300,B0ID7CDZ3U,餐饮服务,快餐厅,快餐厅,
105.63174084042717,25.38739701080904,乡村炭火打边炉,锦绣南城16栋14号,贵州省,黔西南布依族苗族自治州,,餐饮服务;中餐厅;中餐厅,050100,B0K0CDCA4R,餐饮服务,中餐厅,中餐厅,
105.63109815604055,25.387047837467982,惠民食汇糯米饭粉面店,珉谷镇街道电商物流园9栋9号,贵州省,黔西南布依族苗族自治州,,餐饮服务;中餐厅;中餐厅,050100,B0KAUYJAR6,餐饮服务,中餐厅,中餐厅,
105.63003675778893,25.398069222020823,林凤特色青椒狗肉馆,珉谷街道塔山大道文笔路294号,贵州省,黔西南布依族苗族自治州,,餐饮服务;中餐厅;特色/地方风味餐厅,050118,B0L1BHZ2H6,餐饮服务,中餐厅,特色/地方风味餐厅,
105.63184960700978,25.38765990454433,老龙记隆记火锅店,锦绣南城16栋17-18号,贵州省,黔西南布依族苗族自治州,,餐饮服务;中餐厅;火锅店,050117,B0H6O5RMQS,餐饮服务,中餐厅,火锅店,
105.63178672097504,25.38795604254844,胖厨地摊水煮鸡(贞丰店),锦绣南城,贵州省,黔西南布依族苗族自治州,,餐饮服务;中餐厅;中餐厅,050100,B0KDX7VDY7,餐饮服务,中餐厅,中餐厅,
105.63178672097504,25.38795604254844,胖厨地摊水煮鸡(贞丰店),锦绣南城,贵州省,黔西南布依族苗族自治州,,餐饮服务;中餐厅;中餐厅,050100,B0KDX7VDY7,餐饮服务,中餐厅,中餐厅,
105.63165402578558,25.387202097989572,贞丰杨阳10元地摊火锅,锦绣南城16栋5-8号门面,贵州省,黔西南布依族苗族自治州,,餐饮服务;中餐厅;火锅店,050117,B0GK45NYZT,餐饮服务,中餐厅,火锅店,
105.63135251288168,25.38982696516964,雄锦丰羊汤锅(贞丰店),南环路左旗村,贵州省,黔西南布依族苗族自治州,,餐饮服务;中餐厅;中餐厅,050100,B0FFH1R7LP,餐饮服务,中餐厅,中餐厅,
105.63254023087835,25.386900808288082,万富来川菜馆(电商物流园店),南环路金叶小区,贵州省,黔西南布依族苗族自治州,,餐饮服务;中餐厅;中餐厅,050100,B0HKGUD2A9,餐饮服务,中餐厅,中餐厅,
105.63411001877587,25.38589439194268,甜啦啦鲜果茶(电商物流园店),电商物流园34栋,贵州省,黔西南布依族苗族自治州,,餐饮服务;甜品店;甜品店,050900,B0LD3HKKW2,餐饮服务,甜品店,甜品店,
105.6322916065369,25.38975864806784,刘记布依青椒辣子鸡(原电视台店),珉谷大道与同心路交叉口东60米,贵州省,黔西南布依族苗族自治州,,餐饮服务;中餐厅;中餐厅,050100,B0H6O5T5WF,餐饮服务,中餐厅,中餐厅,
105.63196308396203,25.393880831876128,桥滋味食府,贞丰六小旁,贵州省,黔西南布依族苗族自治州,,餐饮服务;中餐厅;中餐厅,050100,B0LKZ9GASL,餐饮服务,中餐厅,中餐厅,
105.63062355804112,25.398760558143977,任记万鹅宫,县桥望村桥望路,贵州省,黔西南布依族苗族自治州,,餐饮服务;中餐厅;中餐厅,050100,B0K0UR6GVV,餐饮服务,中餐厅,中餐厅,
105.63064351056447,25.398922560931112,任记老字号万鹅宫(恒丰路店),珉谷镇桥望组39号(公租房旁边),贵州省,黔西南布依族苗族自治州,,餐饮服务;餐饮相关场所;餐饮相关,050000,B0LG6U8I8F,餐饮服务,餐饮相关场所,餐饮相关,
105.63199476139562,25.3993757854785,张大姐盬子鸡,珉谷街道湾丘安置新村,贵州省,黔西南布依族苗族自治州,,餐饮服务;餐饮相关场所;餐饮相关,050000,B0K3XL4FY9,餐饮服务,餐饮相关场所,餐饮相关,
105.63207560551228,25.39918363712189,成都风吹排骨(贞丰店),贞丰县公安局特警大队西南侧120米,贵州省,黔西南布依族苗族自治州,,餐饮服务;中餐厅;中餐厅,050100,B0FFJ6Q9EM,餐饮服务,中餐厅,中餐厅,
105.63235143485386,25.39080574614495,同心宴,同心路与建设路交叉口南60米,贵州省,黔西南布依族苗族自治州,,餐饮服务;中餐厅;中餐厅,050100,B0H0PZCN4T,餐饮服务,中餐厅,中餐厅,
105.63280470682095,25.386470361537484,夜来香烤鱼烧烤,电商物流园34栋1-5号门面(农贸菜市场后门门面),贵州省,黔西南布依族苗族自治州,,餐饮服务;中餐厅;特色/地方风味餐厅,050118,B0M6XUR9O2,餐饮服务,中餐厅,特色/地方风味餐厅,
105.63353805702448,25.389243789303375,湘园轩餐馆(珉谷大道店),珉谷大道214号,贵州省,黔西南布依族苗族自治州,,餐饮服务;餐饮相关场所;餐饮相关,050000,B0KK3CWZL6,餐饮服务,餐饮相关场所,餐饮相关,
105.63477065223933,25.385350335693136,蜜雪冰城,黄金大道与海曙大道交叉口北180米,贵州省,黔西南布依族苗族自治州,,餐饮服务;冷饮店;冷饮店,050700,B0MB75PDEF,餐饮服务,冷饮店,冷饮店,
105.63430049251947,25.388578571768836,香因鲜切土鸡煲(贞丰店),盛世花城4号楼1楼1号门面,贵州省,黔西南布依族苗族自治州,,餐饮服务;中餐厅;中餐厅,050100,B0L1X1SJCP,餐饮服务,中餐厅,中餐厅,
105.63328857139156,25.389335162654838,坡妹黄焖狗肉馆,珉谷街道南环路坡妹黄焖狗肉馆,贵州省,黔西南布依族苗族自治州,,餐饮服务;中餐厅;特色/地方风味餐厅,050118,B0FFH1LEPB,餐饮服务,中餐厅,特色/地方风味餐厅,
105.63387152167634,25.385824725676514,贞丰县乐雪士汉堡店,珉谷街道电商物流园34-1-33号,贵州省,黔西南布依族苗族自治州,,餐饮服务;快餐厅;快餐厅,050300,B0G1B59KE0,餐饮服务,快餐厅,快餐厅,
105.63422585523872,25.38419793938269,贞丰民族团结食堂,珉城社区阴滩村民族团结食堂,贵州省,黔西南布依族苗族自治州,,餐饮服务;中餐厅;中餐厅,050100,B0J3GMS843,餐饮服务,中餐厅,中餐厅,
105.6334871807342,25.38886479702452,川江流特色鱼火锅(金叶小区店),金叶小区东北门旁,贵州省,黔西南布依族苗族自治州,,餐饮服务;中餐厅;中餐厅,050100,B0FFHOVCKF,餐饮服务,中餐厅,中餐厅,
105.63407010283132,25.38588744869662,卤侠派,珉谷大道35号,贵州省,黔西南布依族苗族自治州,,餐饮服务;快餐厅;快餐厅,050300,B0L3MHJHNO,餐饮服务,快餐厅,快餐厅,
105.63432036799794,25.390338847114876,贞丰第一家兴仁大山10元地摊火锅(山水金城店),山水金城南门南50米,贵州省,黔西南布依族苗族自治州,,餐饮服务;中餐厅;火锅店,050117,B0HKOZDXJ7,餐饮服务,中餐厅,火锅店,
105.63480656058555,25.385683338913083,安龙现蒸红油剪粉,阴滩33栋2单元安龙现蒸红油煎粉,贵州省,黔西南布依族苗族自治州,,餐饮服务;中餐厅;中餐厅,050100,B0FFHQ211N,餐饮服务,中餐厅,中餐厅,
105.63310677404067,25.393044071113675,陈记饺皮,清华府同心路清华府13号商铺,贵州省,黔西南布依族苗族自治州,,餐饮服务;中餐厅;中餐厅,050100,B0LKGL1UNO,餐饮服务,中餐厅,中餐厅,
105.63417689062526,25.385634250997754,启慕·法式蛋糕(贞丰店),珉谷大道35号32-1-2,贵州省,黔西南布依族苗族自治州,,餐饮服务;餐饮相关场所;餐饮相关,050000,B0L6KOL32R,餐饮服务,餐饮相关场所,餐饮相关,
105.63438122538257,25.390647812184856,兴仁正宗大山10元地摊火锅,山水金城后门兴仁正宗大山10元地摊火锅建设路155号,贵州省,黔西南布依族苗族自治州,,餐饮服务;中餐厅;火锅店,050117,B0JG9A6H45,餐饮服务,中餐厅,火锅店,
105.63417685855458,25.38631836642973,彭记遵义羊肉粉,黄金大道与海曙大道交叉口北300米,贵州省,黔西南布依族苗族自治州,,餐饮服务;中餐厅;中餐厅,050100,B0IAVB972R,餐饮服务,中餐厅,中餐厅,
105.63524966976148,25.384620506914885,花江特色狗肉正宗老字号,电商物流园55栋11号12号门面,贵州省,黔西南布依族苗族自治州,,餐饮服务;中餐厅;特色/地方风味餐厅,050118,B0LKD7NQXK,餐饮服务,中餐厅,特色/地方风味餐厅,
105.63416189134473,25.38628938328076,老面坊包子店,黄金大道与海曙大道交叉口北300米,贵州省,黔西南布依族苗族自治州,,餐饮服务;餐饮相关场所;餐饮相关,050000,B0HB459WW2,餐饮服务,餐饮相关场所,餐饮相关,
105.6343710867402,25.394052427469703,大芊金火锅串串(贞丰店),丰茂广场1栋1楼,贵州省,黔西南布依族苗族自治州,,餐饮服务;中餐厅;火锅店,050117,B0I6PUN82B,餐饮服务,中餐厅,火锅店,
105.63557093886627,25.385589192126357,老上海馄饨铺,电商物流园49栋3号店,贵州省,黔西南布依族苗族自治州,,餐饮服务;中餐厅;中餐厅,050100,B0K3MST009,餐饮服务,中餐厅,中餐厅,
105.63421044148868,25.39369359748237,渔状元,丰茂广场(状元府销售部正对面),贵州省,黔西南布依族苗族自治州,,餐饮服务;中餐厅;中餐厅,050100,B0M63U9HVS,餐饮服务,中餐厅,中餐厅,
105.6344113844766,25.385909955891773,张三妹牛肉粉,黄金大道与海曙大道交叉口北240米,贵州省,黔西南布依族苗族自治州,,餐饮服务;中餐厅;中餐厅,050100,B0LKVC5GCG,餐饮服务,中餐厅,中餐厅,
105.63495517595163,25.387166371132654,赵记罐罐米线(贞丰店),珉谷大道与秀眉路交叉口西280米,贵州省,黔西南布依族苗族自治州,,餐饮服务;快餐厅;快餐厅,050300,B0JG1LJXYJ,餐饮服务,快餐厅,快餐厅,
105.63580241634035,25.386163943588073,耿耿·新疆炒米粉(黄焖鸡米饭),电商物流园49栋19号,贵州省,黔西南布依族苗族自治州,,餐饮服务;中餐厅;中餐厅,050100,B0JDXR7TCT,餐饮服务,中餐厅,中餐厅,
105.6327711918304,25.39890760785064,田记特色风干排骨(贞丰店),珉谷街道文笔路242号,贵州省,黔西南布依族苗族自治州,,餐饮服务;餐饮相关场所;餐饮相关,050000,B0K3YRJKN1,餐饮服务,餐饮相关场所,餐饮相关,
105.63497821037261,25.38539403760408,周哥许愿坊糕点,阴摊电商物流园32栋13号门店,贵州省,黔西南布依族苗族自治州,,餐饮服务;餐饮相关场所;餐饮相关,050000,B0JKZOQKR1,餐饮服务,餐饮相关场所,餐饮相关,
105.63566344015199,25.39198915546006,郭记鱼号(贞丰店),珉谷街道山水金城3-4号门面,贵州省,黔西南布依族苗族自治州,,餐饮服务;中餐厅;中餐厅,050100,B0I2R5UXCB,餐饮服务,中餐厅,中餐厅,
105.63487830982092,25.387785589888082,兴仁特色地摊火锅,珉谷镇珉谷街道办南环路盛世花城8号,贵州省,黔西南布依族苗族自治州,,餐饮服务;中餐厅;火锅店,050117,B0H27R25WO,餐饮服务,中餐厅,火锅店,
105.63513989639462,25.38476769394767,红溢特色鱼庄(电商分店),珉谷街道电商物流园55栋14号,贵州省,黔西南布依族苗族自治州,,餐饮服务;中餐厅;中餐厅,050100,B0K64HQM1X,餐饮服务,中餐厅,中餐厅,
105.6349202531132,25.387100411362358,青山张家清真馆,南源路贞丰益康医院西北150米,贵州省,黔西南布依族苗族自治州,,餐饮服务;中餐厅;清真菜馆,050121,B0FFG0DENK,餐饮服务,中餐厅,清真菜馆,
105.635865000269,25.39215888418012,郑家猪脚火锅店(山水金城店),山水金城A栋1-2号门面,贵州省,黔西南布依族苗族自治州,,餐饮服务;中餐厅;火锅店,050117,B0FFJQPLQ4,餐饮服务,中餐厅,火锅店,
105.63559886491888,25.38589220154736,农家杀猪饭,电商物流园49-11,贵州省,黔西南布依族苗族自治州,,餐饮服务;中餐厅;中餐厅,050100,B0J3T7N6ZP,餐饮服务,中餐厅,中餐厅,
105.63624240701186,25.38751651287941,正宗隆江猪脚饭,丰茂街道珉城小区43栋正宗隆江猪脚饭,贵州省,黔西南布依族苗族自治州,,餐饮服务;中餐厅;中餐厅,050100,B0L14M1BMZ,餐饮服务,中餐厅,中餐厅,
105.63521964300205,25.386549875880824,香满园烤肉拌饭鸡排饭,珉谷大道与秀眉路交叉口西南280米,贵州省,黔西南布依族苗族自治州,,餐饮服务;中餐厅;中餐厅|餐饮服务;快餐厅;快餐厅,050100|050300,B0LR3SCH6J,餐饮服务,中餐厅,中餐厅|餐饮服务,快餐厅
105.63489813853286,25.39053603518727,布衣特色狗肉馆(山水金城店),山水金城小区F4-1-5号门市,贵州省,黔西南布依族苗族自治州,,餐饮服务;中餐厅;中餐厅,050100,B0I1256PNB,餐饮服务,中餐厅,中餐厅,
105.6350699095655,25.387652284688457,贞丰桥贵地摊火锅店,丰安路39栋人民医院对面,贵州省,黔西南布依族苗族自治州,,餐饮服务;中餐厅;火锅店,050117,B0L0T5A8DL,餐饮服务,中餐厅,火锅店,
105.63532418323801,25.391594590720548,云街粥大叔(建设路店),金城大道与同心路交叉口东南240米,贵州省,黔西南布依族苗族自治州,,餐饮服务;快餐厅;快餐厅,050300,B0ID77LDMQ,餐饮服务,快餐厅,快餐厅,
105.63621401104537,25.397237270503176,万峰湖片片鱼(贞丰总店),珉谷街道塔山大道中段这洋村这洋组12号,贵州省,黔西南布依族苗族自治州,,餐饮服务;中餐厅;中餐厅,050100,B0FFG0X6AO,餐饮服务,中餐厅,中餐厅,
105.63584513543152,25.390190569547688,晓飞石磨蒸剪店,珉谷街道金都小区A14门面,贵州省,黔西南布依族苗族自治州,,餐饮服务;餐饮相关场所;餐饮相关|生活服务;生活服务场所;生活服务场所,050000|070000,B0GRBUGNEJ,餐饮服务,餐饮相关场所,餐饮相关|生活服务,生活服务场所
105.63621401104537,25.397237270503176,万峰湖片片鱼(贞丰总店),珉谷街道塔山大道中段这洋村这洋组12号,贵州省,黔西南布依族苗族自治州,,餐饮服务;中餐厅;中餐厅,050100,B0FFG0X6AO,餐饮服务,中餐厅,中餐厅,
105.63584513543152,25.390190569547688,晓飞石磨蒸剪店,珉谷街道金都小区A14门面,贵州省,黔西南布依族苗族自治州,,餐饮服务;餐饮相关场所;餐饮相关|生活服务;生活服务场所;生活服务场所,050000|070000,B0GRBUGNEJ,餐饮服务,餐饮相关场所,餐饮相关|生活服务,生活服务场所
105.63572657611002,25.386222066723064,鱼调歌头,珉谷街道电商物流园49栋15-18号,贵州省,黔西南布依族苗族自治州,,餐饮服务;中餐厅;综合酒楼,050101,B0J1SUUI46,餐饮服务,中餐厅,综合酒楼,
105.63499878895178,25.39343139627314,茶理思(金丰大道店),珉谷镇金丰大道丰茂广场A栋2层,贵州省,黔西南布依族苗族自治州,,餐饮服务;咖啡厅;咖啡厅,050500,B0FFHHINL3,餐饮服务,咖啡厅,咖啡厅,
105.6356088501016,25.385753163243482,小贺剪粉店,海曙大道与黄金大道交叉口东北260米,贵州省,黔西南布依族苗族自治州,,餐饮服务;中餐厅;中餐厅,050100,B0MB56JKAM,餐饮服务,中餐厅,中餐厅,
105.63645294334889,25.387715229158523,兴仁清香牛肉馆,珉谷大道与秀眉路交叉口西120米,贵州省,黔西南布依族苗族自治州,,餐饮服务;中餐厅;中餐厅,050100,B0J0R6LNF1,餐饮服务,中餐厅,中餐厅,
105.63559481143294,25.38721443151946,天津灌汤小笼包(贞丰店),珉谷大道与秀眉路交叉口西220米,贵州省,黔西南布依族苗族自治州,,餐饮服务;中餐厅;中餐厅,050100,B0LK61M4MO,餐饮服务,中餐厅,中餐厅,
105.63544182664022,25.393842813616263,蚝知味新鲜碳火烧烤,珉谷街道丰茂广场6号船2号铺,贵州省,黔西南布依族苗族自治州,,餐饮服务;中餐厅;中餐厅,050100,B0HR0BPQLC,餐饮服务,中餐厅,中餐厅,
105.63564156896042,25.390244883037173,马二家常菜·火锅(金都花园店),金都花园西南门西50米,贵州省,黔西南布依族苗族自治州,,餐饮服务;中餐厅;中餐厅,050100,B0FFJ73PL5,餐饮服务,中餐厅,中餐厅,
105.63527715980578,25.39422412600338,麦乐基(丰茂广场小区店),金丰大道兴旺超市隔壁,贵州省,黔西南布依族苗族自治州,,餐饮服务;快餐厅;快餐厅,050300,B0FFME15W8,餐饮服务,快餐厅,快餐厅,
105.63624938881368,25.387583513791643,一品轩面点,珉谷街道电商物流园43-1-8,贵州省,黔西南布依族苗族自治州,,餐饮服务;餐饮相关场所;餐饮相关,050000,B0IK1CKAFX,餐饮服务,餐饮相关场所,餐饮相关,
105.63555555496335,25.394454753719433,避风塘(丰茂广场店),金丰大道丰茂广场避风塘茶饮店,贵州省,黔西南布依族苗族自治州,,餐饮服务;冷饮店;冷饮店,050700,B0GRNZ7TNV,餐饮服务,冷饮店,冷饮店,
105.63624840100691,25.387369478791943,蔡蔡螺蛳粉,珉谷大道与秀眉路交叉口西140米,贵州省,黔西南布依族苗族自治州,,餐饮服务;中餐厅;中餐厅,050100,B0M6J5EEGU,餐饮服务,中餐厅,中餐厅,
105.63657619770167,25.39790184509222,珉城土菜馆,"塔山大道者洋安置区,平安小区第二排街",贵州省,黔西南布依族苗族自治州,,餐饮服务;餐饮相关场所;餐饮相关,050000,B0FFJHU3DB,餐饮服务,餐饮相关场所,餐饮相关,
105.63528814355735,25.39407208257689,麦莎蒂斯烘焙(丰茂广场店),珉谷街道金丰大道丰茂广场A区-1层2号,贵州省,黔西南布依族苗族自治州,,餐饮服务;糕饼店;糕饼店,050800,B0FFJ1J83N,餐饮服务,糕饼店,糕饼店,
105.6358681960475,25.38784913151214,懒人饭堂,珉谷大道与秀眉路交叉口西180米,贵州省,黔西南布依族苗族自治州,,餐饮服务;中餐厅;中餐厅,050100,B0M62HVZ5Z,餐饮服务,中餐厅,中餐厅,
105.63623743188914,25.38721546909181,艾月水饺店,珉谷大道与秀眉路交叉口西140米,贵州省,黔西南布依族苗族自治州,,餐饮服务;中餐厅;特色/地方风味餐厅,050118,B0I3THDR6T,餐饮服务,中餐厅,特色/地方风味餐厅,
105.63632394390824,25.393625454300935,正新鸡排(丰茂广场),丰茂广场,贵州省,黔西南布依族苗族自治州,,餐饮服务;餐饮相关场所;餐饮相关,050000,B0GRN66VUY,餐饮服务,餐饮相关场所,餐饮相关,
105.63613714773808,25.397850498169475,德基酒楼(贞丰总店),文笔路与同心路交叉口东北40米,贵州省,黔西南布依族苗族自治州,,餐饮服务;中餐厅;中餐厅,050100,B0G3VPBOB5,餐饮服务,中餐厅,中餐厅,
105.63502162744238,25.39583579333465,凯越精品酒店食府,新丰路与同心路交叉口东20米,贵州省,黔西南布依族苗族自治州,,餐饮服务;中餐厅;中餐厅,050100,B0G2U6047Q,餐饮服务,中餐厅,中餐厅,
105.63622743645053,25.387576545662494,贞丰兴义羊肉馆,珉谷大道电商物流园43栋6号门面,贵州省,黔西南布依族苗族自治州,,餐饮服务;中餐厅;中餐厅,050100,B0JAJSY5GB,餐饮服务,中餐厅,中餐厅,
105.63580694342359,25.396015659412534,宋记砂锅豆花火锅,新丰路贞丰三立中学东侧约110米,贵州省,黔西南布依族苗族自治州,,餐饮服务;中餐厅;中餐厅,050100,B0H1X41E2N,餐饮服务,中餐厅,中餐厅,
105.6367049569781,25.397091501911316,福星食坊,塔山大道与南环路交叉路口往东南约50米,贵州省,黔西南布依族苗族自治州,,餐饮服务;中餐厅;中餐厅,050100,B0FFHUO286,餐饮服务,中餐厅,中餐厅,
105.63568328485788,25.394388551495048,遵义特色羊肉粉面馆,新丰路与这洋路交叉口南120米,贵州省,黔西南布依族苗族自治州,,餐饮服务;中餐厅;中餐厅,050100,B0I13AQMNZ,餐饮服务,中餐厅,中餐厅,
105.63617812762396,25.396402172675437,左记青椒地摊火锅,丰茂广场后大桥中段,贵州省,黔西南布依族苗族自治州,,餐饮服务;餐饮相关场所;餐饮相关,050000,B0FFJEON46,餐饮服务,餐饮相关场所,餐饮相关,
105.63617812762396,25.396402172675437,左记青椒地摊火锅,丰茂广场后大桥中段,贵州省,黔西南布依族苗族自治州,,餐饮服务;餐饮相关场所;餐饮相关,050000,B0FFJEON46,餐饮服务,餐饮相关场所,餐饮相关,
105.63820910715235,25.387773547715096,享哆味汉堡炸鸡(贞丰盛丰店),珉谷街道珉谷大道95号红达大酒店旁,贵州省,黔西南布依族苗族自治州,,餐饮服务;快餐厅;快餐厅,050300,B0L39BRBPV,餐饮服务,快餐厅,快餐厅,
105.63622246489228,25.3871994889095,惜星汉堡(电商店),丰茂街道珉城小区44-1-11,贵州省,黔西南布依族苗族自治州,,餐饮服务;餐饮相关场所;餐饮相关,050000,B0J0MC1XJX,餐饮服务,餐饮相关场所,餐饮相关,
105.63731797816483,25.389556229138,兴仁大山钱氏地摊火锅,建设路131号二中后门红绿灯口,贵州省,黔西南布依族苗族自治州,,餐饮服务;中餐厅;火锅店,050117,B0J0MHT96A,餐饮服务,中餐厅,火锅店,
105.63612916567207,25.39783450724214,鸿瑞酸汤鱼,文笔路与同心路交叉口东北40米,贵州省,黔西南布依族苗族自治州,,餐饮服务;中餐厅;中餐厅,050100,B0G16U1QRF,餐饮服务,中餐厅,中餐厅,
105.63577193962078,25.397692016584347,重庆美蛙鱼府,文笔路重庆美蛙鱼府,贵州省,黔西南布依族苗族自治州,,餐饮服务;中餐厅;中餐厅,050100,B0JDRMOWWC,餐饮服务,中餐厅,中餐厅,
105.63642158414599,25.396792876595278,贞丰小彪黔菜馆,贞丰县珉谷街道办恒丰路小彪黔菜馆,贵州省,黔西南布依族苗族自治州,,餐饮服务;中餐厅;中餐厅,050100,B0HB4UAE3G,餐饮服务,中餐厅,中餐厅,
105.63748121274853,25.39824352730012,田园牧歌生态牛肉馆,文笔路58号,贵州省,黔西南布依族苗族自治州,,餐饮服务;中餐厅;中餐厅,050100,B0JR1UUHXO,餐饮服务,中餐厅,中餐厅,
105.63696448247178,25.39520376560516,柴火冲锋鸡,珉谷镇贞丰县图书馆斜对面,贵州省,黔西南布依族苗族自治州,,餐饮服务;中餐厅;火锅店,050117,B0FFH1KRKB,餐饮服务,中餐厅,火锅店,
105.6362808346894,25.39792429539908,苗家爆四方脆皮狗肉馆(贞丰总店),珉谷镇旗洋新区二号路,贵州省,黔西南布依族苗族自治州,,餐饮服务;中餐厅;特色/地方风味餐厅,050118,B0JRCOCGGF,餐饮服务,中餐厅,特色/地方风味餐厅,
105.63563123886566,25.39773523449437,上关辣子鸡,文笔路228号,贵州省,黔西南布依族苗族自治州,,餐饮服务;中餐厅;中餐厅,050100,B0LAN1NZRR,餐饮服务,中餐厅,中餐厅,
105.63598756549239,25.395808351473782,贞丰田记餐馆,这洋路与新丰路交叉口东北60米,贵州省,黔西南布依族苗族自治州,,餐饮服务;中餐厅;中餐厅,050100,B0K035Y8ZN,餐饮服务,中餐厅,中餐厅,
105.63718835271453,25.387604092168885,水城羊肉粉,丰茂街道珉城小区42栋13号,贵州省,黔西南布依族苗族自治州,,餐饮服务;中餐厅;中餐厅,050100,B0L1JU9HTB,餐饮服务,中餐厅,中餐厅,
105.63699629382282,25.3977431777405,谢定杰万鹅宫馆,平安小区门口,贵州省,黔西南布依族苗族自治州,,餐饮服务;中餐厅;中餐厅,050100,B0HKVUA1NF,餐饮服务,中餐厅,中餐厅,
105.63711551641323,25.387497185251718,云龙狗肉牛肉粉馆,珉谷大道与永丰大道交叉口西260米,贵州省,黔西南布依族苗族自治州,,餐饮服务;中餐厅;中餐厅,050100,B0LGP1TL4N,餐饮服务,中餐厅,中餐厅,
105.63632778709828,25.396783016374748,小懒猪香辣猪蹄火锅(贞丰店),这洋路与文笔路交叉口西南60米,贵州省,黔西南布依族苗族自治州,,餐饮服务;餐饮相关场所;餐饮相关,050000,B0KKF9QQST,餐饮服务,餐饮相关场所,餐饮相关,
105.6364664821091,25.39689982820049,重庆老火锅(贞丰店),文笔路1号,贵州省,黔西南布依族苗族自治州,,餐饮服务;餐饮相关场所;餐饮相关,050000,B0LAZHZDL5,餐饮服务,餐饮相关场所,餐饮相关,
105.63579388900108,25.39776799767697,杨记泡椒牛肉馆,珉谷街道塔山大道延伸段118号,贵州省,黔西南布依族苗族自治州,,餐饮服务;中餐厅;中餐厅,050100,B0HRORNTFO,餐饮服务,中餐厅,中餐厅,
105.63652536253487,25.396735709315752,横县鱼生(贞丰店),文笔路60号,贵州省,黔西南布依族苗族自治州,,餐饮服务;中餐厅;中餐厅,050100,B0L0OUIM9B,餐饮服务,中餐厅,中餐厅,
105.63776308444498,25.387850251364018,大山姐妹十元地摊火锅,秀眉路与珉谷大道交叉口东北20米,贵州省,黔西南布依族苗族自治州,,餐饮服务;中餐厅;火锅店,050117,B0IKBUEP6R,餐饮服务,中餐厅,火锅店,
105.63793051771323,25.392080726620218,渔老头(星中心店),星中心C栋二楼1到13-5467号门面,贵州省,黔西南布依族苗族自治州,,餐饮服务;中餐厅;中餐厅,050100,B0IGB7NQT6,餐饮服务,中餐厅,中餐厅,
105.63640668684421,25.395293627933295,食全食美(新丰路店),珉谷镇贞丰图书馆对面,贵州省,黔西南布依族苗族自治州,,餐饮服务;中餐厅;火锅店,050117,B0FFHR4VYA,餐饮服务,中餐厅,火锅店,
105.63842465708352,25.387227119154794,华莱士·全鸡汉堡(盛丰店),南环路贞丰中学前,贵州省,黔西南布依族苗族自治州,,餐饮服务;快餐厅;快餐厅,050300,B0HBBK1ZM6,餐饮服务,快餐厅,快餐厅,
105.63553244768607,25.397786391008424,马家清真馆,珉谷街道文笔路贞丰军港大酒店旁边,贵州省,黔西南布依族苗族自治州,,餐饮服务;中餐厅;清真菜馆,050121,B0J14PU3SZ,餐饮服务,中餐厅,清真菜馆,
105.63593058064089,25.3980888518724,王氏正宗·云南昭通天麻火腿鸡(贞丰店),平安小区,贵州省,黔西南布依族苗族自治州,,餐饮服务;中餐厅;中餐厅,050100,B0G33UZ8BE,餐饮服务,中餐厅,中餐厅,
