lon,lat,name,address,pname,cityname,business_area,type,typecode,id,type1,type2,type3,type4
104.65297755580421,26.755585462934082,二塘区站,大湾镇,贵州省,六盘水市,,交通设施服务;火车站;货运火车站,150210,B0FFJ4FIH8,交通设施服务,火车站,货运火车站,
104.61882517626714,26.781318268680153,大湾站,212省道附近,贵州省,六盘水市,,交通设施服务;火车站;货运火车站,150210,B035A0NKEG,交通设施服务,火车站,货运火车站,
104.63658414617394,26.776059911294375,大湾医院停车场,大湾医院,贵州省,六盘水市,,交通设施服务;停车场;公共停车场,150904,B0L3ACVKH7,交通设施服务,停车场,公共停车场,
104.6436364730976,26.77353106338676,大湾镇中心校停车场,大湾镇中心校,贵州省,六盘水市,,交通设施服务;停车场;公共停车场,150904,B0M69687BO,交通设施服务,停车场,公共停车场,
104.72751967873968,26.626512427500685,1号步栈道地上停车场,拓荒牛西南侧260米,贵州省,六盘水市,,交通设施服务;停车场;公共停车场,150904,B0MG6NH93X,交通设施服务,停车场,公共停车场,
104.72572337257445,26.618914191834584,回民风情园停车场,中国凉都·梅花山旅游景区内,贵州省,六盘水市,,交通设施服务;停车场;停车场相关,150900,B0FFL1JLKD,交通设施服务,停车场,停车场相关,
104.7334772416386,26.6296658444394,梅花坪景区接待中心地上停车场,梅花山公园东南侧50米,贵州省,六盘水市,,交通设施服务;停车场;公共停车场,150904,B0MBT6991N,交通设施服务,停车场,公共停车场,
104.73064039022331,26.619791705443852,清岭驿站停车场,中国凉都·梅花山旅游景区内,贵州省,六盘水市,,交通设施服务;停车场;停车场相关,150900,B0FFL83HVR,交通设施服务,停车场,停车场相关,
104.73387425103908,26.61427833059382,石林驿站停车场,中国凉都·梅花山旅游景区内,贵州省,六盘水市,,交通设施服务;停车场;停车场相关,150900,B0FFLASH6M,交通设施服务,停车场,停车场相关,
104.7407775235487,26.606351833905382,滑雪场索道山顶终点站,中国凉都·梅花山国际滑雪场内,贵州省,六盘水市,,交通设施服务;交通服务相关;交通服务相关,150000,B0FFK7XVOC,交通设施服务,交通服务相关,交通服务相关,
104.75289918471401,26.66341231920788,天生湖停车场,001乡道天生湖,贵州省,六盘水市,,交通设施服务;停车场;公共停车场,150904,B0HUYMT6EB,交通设施服务,停车场,公共停车场,
104.74523528318335,26.601114470900075,六盘水梅花山国际滑雪场停车场,梅花山国际滑雪场,贵州省,六盘水市,,交通设施服务;停车场;公共停车场,150904,B0FFH05NXD,交通设施服务,停车场,公共停车场,
104.74516936452778,26.600958459449938,梅花山旅游景区停车点,梅花山精灵乐园西侧190米,贵州省,六盘水市,,交通设施服务;停车场;公共停车场,150904,B0I2M5C4UA,交通设施服务,停车场,公共停车场,
104.7447127868163,26.603346773181695,梅花山滑雪场(公交站),六盘水火车站-梅花山滑雪场直通车,贵州省,六盘水市,,交通设施服务;公交车站;公交车站相关,150700,BV09475192,交通设施服务,公交车站,公交车站相关,
104.7433143732049,26.604977144996457,中国凉都·梅花山旅游景区-2号地上停车场,梅花山梦幻激情谷北侧,贵州省,六盘水市,,交通设施服务;停车场;公共停车场,150904,B0MAMX8MLM,交通设施服务,停车场,公共停车场,
104.74935933956421,26.61589293394403,二号观景平台停车场,二号观景平台,贵州省,六盘水市,,交通设施服务;停车场;停车场相关,150900,B0FFK7MEJ5,交通设施服务,停车场,停车场相关,
104.74560787204484,26.600921417220555,梅花山精灵乐园停车点,梅花山精灵乐园,贵州省,六盘水市,,交通设施服务;停车场;公共停车场,150904,B0JBP5587S,交通设施服务,停车场,公共停车场,
104.7459155417001,26.60064736382915,盘布拉格度假酒店(六盘水梅花山景区店)地上停车场,盘布拉格度假酒店(六盘水梅花山景区店),贵州省,六盘水市,,交通设施服务;停车场;公共停车场,150904,B0MGKNJAWR,交通设施服务,停车场,公共停车场,
104.67944400299403,26.827212112987915,韭菜坪海嘎停车场,[],贵州省,六盘水市,,交通设施服务;停车场;公共停车场,150904,B0FFJGFHWK,交通设施服务,停车场,公共停车场,
104.76717945942592,26.6205034438397,双戛中学(公交站),13路(六盘水监狱),贵州省,六盘水市,,交通设施服务;公交车站;公交车站相关,150700,BV11583746,交通设施服务,公交车站,公交车站相关,
104.77303058632315,26.62222841314064,马嘎站,[],贵州省,六盘水市,,交通设施服务;火车站;火车站,150200,B035A0N98E,交通设施服务,火车站,火车站,
104.77299633059918,26.65194930625543,落飞戛(公交站),凉都34路,贵州省,六盘水市,,交通设施服务;公交车站;公交车站相关,150700,BV09223967,交通设施服务,公交车站,公交车站相关,
104.76964011348593,26.640712810350134,加油站(公交站),13路,贵州省,六盘水市,,交通设施服务;公交车站;公交车站相关,150700,BV11648653,交通设施服务,公交车站,公交车站相关,
104.76714337849603,26.6226295992377,双戛中心校(公交站),13路,贵州省,六盘水市,,交通设施服务;公交车站;公交车站相关,150700,BV09467659,交通设施服务,公交车站,公交车站相关,
104.76871582481085,26.627623180010417,马戛幸福站(公交站),13路,贵州省,六盘水市,,交通设施服务;公交车站;公交车站相关,150700,BV09467655,交通设施服务,公交车站,公交车站相关,
104.69018623640251,26.841601284486128,韭菜坪停车场,韭菜坪旅游景区内,贵州省,六盘水市,,交通设施服务;停车场;公共停车场,150904,B0FFJFWTCR,交通设施服务,停车场,公共停车场,
104.77554578787301,26.61838650422555,双戛加油站(公交站),13路(六盘水监狱),贵州省,六盘水市,,交通设施服务;公交车站;公交车站相关,150700,BV11583743,交通设施服务,公交车站,公交车站相关,
104.77786905569069,26.617551850316815,双戛乡政府(公交站),13路(六盘水监狱),贵州省,六盘水市,,交通设施服务;公交车站;公交车站相关,150700,BV11583747,交通设施服务,公交车站,公交车站相关,
104.76899811037671,26.619644741717266,马戛小康站(公交站),13路,贵州省,六盘水市,,交通设施服务;公交车站;公交车站相关,150700,BV09467658,交通设施服务,公交车站,公交车站相关,
104.78163989173626,26.61583197824165,双戛铁路桥(公交站),13路;13路(六盘水监狱),贵州省,六盘水市,,交通设施服务;公交车站;公交车站相关,150700,BV11583744,交通设施服务,公交车站,公交车站相关,
104.78513916553541,26.612069971204505,马姚路口(公交站),10路;1路;1路(周二);32路;7路;凉都11路;凉都15路;机场大巴,贵州省,六盘水市,,交通设施服务;公交车站;公交车站相关,150700,BV10472581,交通设施服务,公交车站,公交车站相关,
104.77973865435207,26.610955293429285,公交公司临时总站(公交站),10路;1路;1路(周二);25路;32路;7路;凉都11路;凉都15路;机场大巴,贵州省,六盘水市,,交通设施服务;公交车站;公交车站相关,150700,BV11080404,交通设施服务,公交车站,公交车站相关,
104.77342470630839,26.619182515995774,马戛村(公交站),13路,贵州省,六盘水市,,交通设施服务;公交车站;公交车站相关,150700,BV09467656,交通设施服务,公交车站,公交车站相关,
104.7725750795464,26.61095895892603,六盘水市公安局交警支队直属一大队车辆管理所地上停车场,356国道与内环快线出口交叉口西360米,贵州省,六盘水市,,交通设施服务;停车场;公共停车场,150904,B0L2HOBGH3,交通设施服务,停车场,公共停车场,
104.7813552858809,26.652078138608235,大开路口(公交站),凉都34路,贵州省,六盘水市,,交通设施服务;公交车站;公交车站相关,150700,BV11367876,交通设施服务,公交车站,公交车站相关,
104.78309329831094,26.616077766313055,市公安局(公交站),25路,贵州省,六盘水市,,交通设施服务;公交车站;公交车站相关,150700,BV11396055,交通设施服务,公交车站,公交车站相关,
104.79510030529369,26.611033038054373,市人民医院新院区(德坞)(公交站),10路;16路;1路;1路(周二);36路;凉都11路;凉都15路,贵州省,六盘水市,,交通设施服务;公交车站;公交车站相关,150700,BV09244313,交通设施服务,公交车站,公交车站相关,
104.77860418420315,26.617158616021573,双戛街道办事处(公交站),13路,贵州省,六盘水市,,交通设施服务;公交车站;公交车站相关,150700,BV09467660,交通设施服务,公交车站,公交车站相关,
104.78415909745188,26.605385030676565,第三人民医院(公交站),10路;25路;凉都11路;凉都15路,贵州省,六盘水市,,交通设施服务;公交车站;公交车站相关,150700,BV11080405,交通设施服务,公交车站,公交车站相关,
104.78262128361003,26.613046899019242,德湖(公交站),13路;13路(六盘水监狱);25路,贵州省,六盘水市,,交通设施服务;公交车站;公交车站相关,150700,BV11080410,交通设施服务,公交车站,公交车站相关,
104.78189629434529,26.60792550717011,西客运站(公交站),(停运)33路快线;10路;25路;K1路;凉都11路;凉都15路,贵州省,六盘水市,,交通设施服务;公交车站;公交车站相关,150700,BV10647764,交通设施服务,公交车站,公交车站相关,
104.78161276093951,26.618759212557595,成都铁路局马嘎货场,001乡道与人民路交叉口北360米,贵州省,六盘水市,,交通设施服务;交通服务相关;交通服务相关,150000,B0FFKYYP53,交通设施服务,交通服务相关,交通服务相关,
104.77794510267093,26.616693854090823,六盘水市公安局钟山分局双戛派出所东北侧停车场,平安路与幸福路交叉口南80米,贵州省,六盘水市,,交通设施服务;停车场;路边停车场,150906,B0M62NU0L4,交通设施服务,停车场,路边停车场,
104.77854643736498,26.610941958975975,临时总站(公交站),机场大巴,贵州省,六盘水市,,交通设施服务;公交车站;公交车站相关,150700,BV09481689,交通设施服务,公交车站,公交车站相关,
104.78466605261174,26.610653221982698,六盘水职院南(公交站),13路;13路(六盘水监狱),贵州省,六盘水市,,交通设施服务;公交车站;公交车站相关,150700,BV11170347,交通设施服务,公交车站,公交车站相关,
104.78959709400738,26.612549051670637,六盘水职院(公交站),10路;1路;1路(周二);32路;7路;K1路;凉都11路;凉都15路,贵州省,六盘水市,,交通设施服务;公交车站;公交车站相关,150700,BV11145257,交通设施服务,公交车站,公交车站相关,
104.78197731944167,26.60785559730782,客运西站(公交站),凉都15路,贵州省,六盘水市,,交通设施服务;公交车站;公交车站相关,150700,BV09247944,交通设施服务,公交车站,公交车站相关,
104.78470178162952,26.617373909747236,六盘水市公安局停车场,人民路北贵州省六盘水市公安局,贵州省,六盘水市,,交通设施服务;停车场;专用停车场,150905,B0MBSBDOS2,交通设施服务,停车场,专用停车场,
104.78199698577907,26.61588441111612,华飞紫荆苑停车场,双嗄路口紫金苑小区,贵州省,六盘水市,,交通设施服务;停车场;专用停车场,150905,B0L3DL5K9J,交通设施服务,停车场,专用停车场,
104.78381794823507,26.60619368666686,六盘水市第三人民医院地下停车场,钟山大道40号六盘水市第三人民医院,贵州省,六盘水市,,交通设施服务;停车场;公共停车场,150904,B0H31H0FMI,交通设施服务,停车场,公共停车场,
104.7986646148133,26.613841943900876,德坞小广场(公交站),25路,贵州省,六盘水市,,交通设施服务;公交车站;公交车站相关,150700,BV10647994,交通设施服务,公交车站,公交车站相关,
104.78817919828552,26.617629553734968,顶新食品(公交站),25路,贵州省,六盘水市,,交通设施服务;公交车站;公交车站相关,150700,BV11080403,交通设施服务,公交车站,公交车站相关,
104.78301740355299,26.613031383841506,凉都儿童乐园停车场,人民路与钟山大道交叉口西北200米,贵州省,六盘水市,,交通设施服务;停车场;公共停车场,150904,B0MG6NHDT8,交通设施服务,停车场,公共停车场,
104.79961038483071,26.683041950783768,野马寨站,[],贵州省,六盘水市,,交通设施服务;火车站;货运火车站,150210,B035A0NJD6,交通设施服务,火车站,货运火车站,
104.78604823529167,26.618723781639115,德坞水景苑停车场,水景苑,贵州省,六盘水市,,交通设施服务;停车场;专用停车场,150905,B0L2P9R4JU,交通设施服务,停车场,专用停车场,
104.79625820257112,26.65510593087299,教师公寓(公交站),凉都34路,贵州省,六盘水市,,交通设施服务;公交车站;公交车站相关,150700,BV11366692,交通设施服务,公交车站,公交车站相关,
104.78843794710382,26.602734410352515,明景小区(公交站),25路,贵州省,六盘水市,,交通设施服务;公交车站;公交车站相关,150700,BV10648423,交通设施服务,公交车站,公交车站相关,
104.7974161067064,26.652361641767058,市四中(公交站),凉都34路,贵州省,六盘水市,,交通设施服务;公交车站;公交车站相关,150700,BV11366688,交通设施服务,公交车站,公交车站相关,
104.78929517605862,26.607057070733134,小营脚(公交站),13路;13路(六盘水监狱),贵州省,六盘水市,,交通设施服务;公交车站;公交车站相关,150700,BV10700516,交通设施服务,公交车站,公交车站相关,
104.79354546801949,26.607963355450778,六盘水市人民医院(德坞院区)地上停车场,钟山大道西段1095号六盘水市人民医院,贵州省,六盘水市,,交通设施服务;停车场;公共停车场,150904,B0LK61M6I6,交通设施服务,停车场,公共停车场,
104.80137573195222,26.659160372057592,市十中(公交站),凉都34路,贵州省,六盘水市,,交通设施服务;公交车站;公交车站相关,150700,BV11355942,交通设施服务,公交车站,公交车站相关,
104.78561747169559,26.609116297230855,六盘水市钟山区德坞惠民小区停车场,德坞惠民小区,贵州省,六盘水市,,交通设施服务;停车场;公共停车场,150904,B0L1Z7OASH,交通设施服务,停车场,公共停车场,
104.78796732162046,26.612410771451025,六盘水职业技术学院停车场,钟山大道西段1119号贵州省六盘水职业技术学院,贵州省,六盘水市,,交通设施服务;停车场;公共停车场,150904,B0LRDM5ZQY,交通设施服务,停车场,公共停车场,
104.78382194943723,26.606196692012727,六盘水市第三人民医院地下停车场(出入口),六盘水市第三人民医院地下停车场,贵州省,六盘水市,,交通设施服务;停车场;停车场出入口,150909,B0H31H0FMJ,交通设施服务,停车场,停车场出入口,
104.79982286661726,26.69903422970602,汪矿医院(公交站),20路,贵州省,六盘水市,,交通设施服务;公交车站;公交车站相关,150700,BV10646732,交通设施服务,公交车站,公交车站相关,
104.79896724865102,26.69875183819854,汪家寨终点站(公交站),20路,贵州省,六盘水市,,交通设施服务;公交车站;公交车站相关,150700,BV11658636,交通设施服务,公交车站,公交车站相关,
104.79287912012974,26.60681923682357,冷家寨(公交站),13路;13路(六盘水监狱);16路;36路,贵州省,六盘水市,,交通设施服务;公交车站;公交车站相关,150700,BV10700514,交通设施服务,公交车站,公交车站相关,
104.79140410868204,26.610957486450076,贵州省六盘水职业技术学院停车场,钟山大道(德坞街道纪律检查工作委员会西南)贵州省六盘水职业技术学院,贵州省,六盘水市,,交通设施服务;停车场;停车场相关,150900,B0FFHZVNGA,交通设施服务,停车场,停车场相关,
104.79465818468148,26.607233970444057,凉都医院(公交站),8路,贵州省,六盘水市,,交通设施服务;公交车站;公交车站相关,150700,BV11145256,交通设施服务,公交车站,公交车站相关,
104.79013836958335,26.612526817305728,市职院公交车站(公交站),机场巴士市职院线,贵州省,六盘水市,,交通设施服务;公交车站;公交车站相关,150700,BV11357063,交通设施服务,公交车站,公交车站相关,
104.79058362406361,26.611990401879265,六盘水职业技术学院停车场,钟山大道西段1119号贵州省六盘水职业技术学院,贵州省,六盘水市,,交通设施服务;停车场;公共停车场,150904,B0M6VPI3J1,交通设施服务,停车场,公共停车场,
104.80149708560722,26.60558076208249,德馨园(公交站),10路;16路;1路;1路(周二);32路;36路;7路;8路;K1路;凉都11路;凉都15路;机场大巴,贵州省,六盘水市,,交通设施服务;公交车站;公交车站相关,150700,BV10643582,交通设施服务,公交车站,公交车站相关,
104.79510030529369,26.611033038054373,市人民医院新院区(公交站),32路;7路,贵州省,六盘水市,,交通设施服务;公交车站;公交车站相关,150700,BV09475469,交通设施服务,公交车站,公交车站相关,
104.79262381306718,26.610570242078445,六盘水职业技术学院东停车场,西宁路1号,贵州省,六盘水市,,交通设施服务;停车场;公共停车场,150904,B0L3SA2IY2,交通设施服务,停车场,公共停车场,
104.79110429699655,26.602625173513903,明景小区东(公交站),凉都15路,贵州省,六盘水市,,交通设施服务;公交车站;公交车站相关,150700,BV09036367,交通设施服务,公交车站,公交车站相关,
104.78267834332648,26.588342162925173,梅花山索道龙滩中继站,[],贵州省,六盘水市,,交通设施服务;交通服务相关;交通服务相关,150000,B0GR0KVDWB,交通设施服务,交通服务相关,交通服务相关,
104.79367322168409,26.61563330389729,德坞老街(公交站),25路,贵州省,六盘水市,,交通设施服务;公交车站;公交车站相关,150700,BV10647495,交通设施服务,公交车站,公交车站相关,
104.79109430015998,26.602422136474246,神龙驾校停车场,德坞办事处西宁村神龙驾校,贵州省,六盘水市,,交通设施服务;停车场;公共停车场,150904,B0L1ACJ2IA,交通设施服务,停车场,公共停车场,
104.80068572583495,26.69409270602892,火母沟(公交站),20路,贵州省,六盘水市,,交通设施服务;公交车站;公交车站相关,150700,BV10646724,交通设施服务,公交车站,公交车站相关,
104.79452696389413,26.61051410572871,六盘水市人民医院德坞院区停车场,钟山大道与秀山路交叉口西140米,贵州省,六盘水市,,交通设施服务;停车场;公共停车场,150904,B0MBFD6J0C,交通设施服务,停车场,公共停车场,
104.79195517739187,26.616583832109683,日洋能源加油站(德坞站)东南侧停车场,人民路与西宁路交叉口西北280米,贵州省,六盘水市,,交通设施服务;停车场;公共停车场,150904,B0MB6UO0OM,交通设施服务,停车场,公共停车场,
104.79219487923265,26.626861060600316,六盘水晗益停车场,西宁路75号,贵州省,六盘水市,,交通设施服务;停车场;公共停车场,150904,B0KK6ZF6WE,交通设施服务,停车场,公共停车场,
104.79284501261756,26.60889440147783,市医3号地下停车场(入口),六盘水市人民医院附近,贵州省,六盘水市,,交通设施服务;停车场;停车场入口,150907,B0L1XRSBHE,交通设施服务,停车场,停车场入口,
104.79355347415351,26.60793236430233,市医行政楼停车场,六盘水市人民医院附近,贵州省,六盘水市,,交通设施服务;停车场;公共停车场,150904,B0L1XRRHCC,交通设施服务,停车场,公共停车场,
104.79878786860053,26.609931758457567,白鹤村(公交站),10路;16路;1路;1路(周二);32路;36路;7路;8路;凉都11路;凉都15路,贵州省,六盘水市,,交通设施服务;公交车站;公交车站相关,150700,BV10647762,交通设施服务,公交车站,公交车站相关,
104.79380348363065,26.61130008358552,凉都医院公交车站台(公交站),六盘水火车站-梅花山滑雪场直通车,贵州省,六盘水市,,交通设施服务;公交车站;公交车站相关,150700,BV09475191,交通设施服务,公交车站,公交车站相关,
104.80082849465067,26.702139837747318,汪家寨停车场,艺红路与建强路交叉口东北340米,贵州省,六盘水市,,交通设施服务;停车场;公共停车场,150904,B0G1GLON2D,交通设施服务,停车场,公共停车场,
104.79521847480777,26.60881199596039,市人民医院2号门(公交站),36路,贵州省,六盘水市,,交通设施服务;公交车站;公交车站相关,150700,BV09474381,交通设施服务,公交车站,公交车站相关,
104.79432265875782,26.61472420391165,聚福新城停车场,聚福新城,贵州省,六盘水市,,交通设施服务;停车场;公共停车场,150904,B0L3F17B1W,交通设施服务,停车场,公共停车场,
104.80267641044517,26.691035055756604,沙坝场临时站(公交站),20路,贵州省,六盘水市,,交通设施服务;公交车站;公交车站相关,150700,BV09036361,交通设施服务,公交车站,公交车站相关,
104.80150308416121,26.605725787596235,德馨园南(公交站),13路;13路(六盘水监狱);16路,贵州省,六盘水市,,交通设施服务;公交车站;公交车站相关,150700,BV10700519,交通设施服务,公交车站,公交车站相关,
104.79492826164783,26.609463615160248,六盘水市人民医院地下停车场2号(出入口),秀山路11-2号,贵州省,六盘水市,,交通设施服务;停车场;停车场出入口,150909,B0K1B5WM9B,交通设施服务,停车场,停车场出入口,
104.79320214451006,26.610761124270965,市医1号地下停车场(出入口),六盘水市人民医院附近,贵州省,六盘水市,,交通设施服务;停车场;停车场出入口,150909,B0L1XCRARH,交通设施服务,停车场,停车场出入口,
104.79453203532006,26.608895949472114,六盘水市人民医院地下停车场3号(出入口),秀山路11-2号,贵州省,六盘水市,,交通设施服务;停车场;停车场出入口,150909,B0L1X7S3GJ,交通设施服务,停车场,停车场出入口,
104.8026589485659,26.65427733575875,六盘水市第四中学停车场,双戛彝族乡六盘水市第四中学,贵州省,六盘水市,,交通设施服务;停车场;公共停车场,150904,B0LRHA7LNA,交通设施服务,停车场,公共停车场,
104.79644404765325,26.614337451439763,德坞新苑停车场,人民路与秀山路交叉口西80米,贵州省,六盘水市,,交通设施服务;停车场;专用停车场,150905,B0LR1XUJ98,交通设施服务,停车场,专用停车场,
104.79355224007406,26.613463915681244,停车场(德坞卫生院东南),钟山西路德坞羊汤锅街德坞工商分局附近,贵州省,六盘水市,,交通设施服务;停车场;路边停车场,150906,B0FFGBCXES,交通设施服务,停车场,路边停车场,
104.80366332252113,26.68833973959238,南二采井口(公交站),20路,贵州省,六盘水市,,交通设施服务;公交车站;公交车站相关,150700,BV09057675,交通设施服务,公交车站,公交车站相关,
104.7988677590556,26.613902278475816,德坞小广场(白鹤村)(公交站),25路,贵州省,六盘水市,,交通设施服务;公交车站;公交车站相关,150700,BV09378641,交通设施服务,公交车站,公交车站相关,
104.80490142463795,26.686520865262175,沙坝场(公交站),20路,贵州省,六盘水市,,交通设施服务;公交车站;公交车站相关,150700,BV10646717,交通设施服务,公交车站,公交车站相关,
104.79384838427086,26.614304443489925,停车场(羊汤锅街),西宁路与人民路交叉口西南140米,贵州省,六盘水市,,交通设施服务;停车场;路边停车场,150906,B0FFG7HCD2,交通设施服务,停车场,路边停车场,
104.79620790644064,26.613940043130746,职院安置小区地上停车场,秀山路与人民路交叉口西120米,贵州省,六盘水市,,交通设施服务;停车场;公共停车场,150904,B0MBFD5OHI,交通设施服务,停车场,公共停车场,
104.7991875569989,26.600493392931696,西宁社区(公交站),25路,贵州省,六盘水市,,交通设施服务;公交车站;公交车站相关,150700,BV11080409,交通设施服务,公交车站,公交车站相关,
104.80102639203139,26.589668103946398,瑶池(公交站),27路;9路;凉都11路,贵州省,六盘水市,,交通设施服务;公交车站;公交车站相关,150700,BV10813410,交通设施服务,公交车站,公交车站相关,
104.8052647481265,26.68610049305401,凯达驾驶培训(达安驾校分校)-停车场,汪家寨镇212省道沙坝场社区6组凯达驾校(达安驾校分校),贵州省,六盘水市,,交通设施服务;停车场;公共停车场,150904,B0LR74HWDH,交通设施服务,停车场,公共停车场,
104.80418230237265,26.651541809541904,德坞服务区-拖挂车停车场,G7611(都香高速),贵州省,六盘水市,,交通设施服务;停车场;停车场相关,150900,B0FFL8FMZZ,交通设施服务,停车场,停车场相关,
104.8048758786642,26.651561004054006,德坞服务区停车场,六盘水西互通,贵州省,六盘水市,,交通设施服务;停车场;公共停车场,150904,B0FFK5B4EB,交通设施服务,停车场,公共停车场,
104.80441646898775,26.604732619155087,市司法局(公交站),13路;13路(六盘水监狱);16路;8路,贵州省,六盘水市,,交通设施服务;公交车站;公交车站相关,150700,BV10812432,交通设施服务,公交车站,公交车站相关,
104.80235475969154,26.60557119974526,向佳羊肉粉停车场,凉都大道西路德馨园西南1门左侧,贵州省,六盘水市,,交通设施服务;停车场;公共停车场,150904,B0H357475V,交通设施服务,停车场,公共停车场,
104.8048275319955,26.611371014994063,陆家寨(公交站),25路;26路,贵州省,六盘水市,,交通设施服务;公交车站;公交车站相关,150700,BV10882466,交通设施服务,公交车站,公交车站相关,
104.7973547238412,26.58930208506076,明湖花园酒店停车场,明湖路1号明湖花园酒店,贵州省,六盘水市,,交通设施服务;停车场;公共停车场,150904,B035A0NKET,交通设施服务,停车场,公共停车场,
104.80204333393941,26.609833119445764,索菲大酒店地面停车点,德阳路与钟山大道交叉口北60米,贵州省,六盘水市,,交通设施服务;停车场;公共停车场,150904,B0IBY7YET3,交通设施服务,停车场,公共停车场,
104.80435729812592,26.607624824465322,乐满家超市(德馨园店)停车场,德月路德馨园东南门右侧,贵州省,六盘水市,,交通设施服务;停车场;公共停车场,150904,B0H35747AN,交通设施服务,停车场,公共停车场,
104.80527302242999,26.58485567940663,明湖国家湿地公园西停车场,明湖国家湿地公园(东侧),贵州省,六盘水市,,交通设施服务;停车场;公共停车场,150904,B0FFHXM81Y,交通设施服务,停车场,公共停车场,
104.80446441340676,26.606997943020296,中联汇熙花园停车场,中联·汇熙花园,贵州省,六盘水市,,交通设施服务;停车场;公共停车场,150904,B0M6M7VLOT,交通设施服务,停车场,公共停车场,
104.80204333393941,26.609833119445764,索菲大酒店地面停车点(出入口),德阳路与钟山大道交叉口北60米,贵州省,六盘水市,,交通设施服务;停车场;停车场出入口,150909,B0IBY7SHNW,交通设施服务,停车场,停车场出入口,
104.80274484393422,26.61095241433803,博雅溪苑地上停车场,德月北路31号博雅溪苑,贵州省,六盘水市,,交通设施服务;停车场;公共停车场,150904,B0L19NGQXW,交通设施服务,停车场,公共停车场,
104.8007014499903,26.606131497907867,齐力安消防培训学校停车场,水矿德馨园(凉都大道),贵州省,六盘水市,,交通设施服务;停车场;停车场相关,150900,B0G0OUUWV8,交通设施服务,停车场,停车场相关,
104.80522293579412,26.609669527899282,博雅溪苑(公交站),26路,贵州省,六盘水市,,交通设施服务;公交车站;公交车站相关,150700,BV09140297,交通设施服务,公交车站,公交车站相关,
104.80239960419162,26.610107746654464,德馨园安卓国际停车场,钟山西路116号安卓国际,贵州省,六盘水市,,交通设施服务;停车场;专用停车场,150905,B0LR37EMVT,交通设施服务,停车场,专用停车场,
104.80436012185392,26.588112537503864,市公交公司(公交站),27路;9路;凉都11路,贵州省,六盘水市,,交通设施服务;公交车站;公交车站相关,150700,BV11066483,交通设施服务,公交车站,公交车站相关,
104.80422218886969,26.607563586084133,乐满家超市(德馨园店)停车场(出入口),德月路德馨园东南门右侧,贵州省,六盘水市,,交通设施服务;停车场;停车场出入口,150909,B0H3575H3R,交通设施服务,停车场,停车场出入口,
104.80375300849502,26.60268225759589,兴民小区停车场,西宁村兴民小区,贵州省,六盘水市,,交通设施服务;停车场;公共停车场,150904,B0L31OX1CU,交通设施服务,停车场,公共停车场,
104.79794633023265,26.58471542263377,停车场,212省道西100米,贵州省,六盘水市,,交通设施服务;停车场;停车场相关,150900,B0FFJUQ2UI,交通设施服务,停车场,停车场相关,
104.8035747745442,26.604780183007716,凉都德福苑停车场,凉都大道与德月南路交叉口南20米,贵州省,六盘水市,,交通设施服务;停车场;公共停车场,150904,B0L3AOZA0S,交通设施服务,停车场,公共停车场,
104.80522614951137,26.60465800817275,六盘水市司法局停车场,凉都大道464号六盘水市司法局,贵州省,六盘水市,,交通设施服务;停车场;专用停车场,150905,B0LR74IAM4,交通设施服务,停车场,专用停车场,
104.80420331475078,26.5804442251186,明湖湿地公园一线天停车点,北盘江路与蟠龙路交叉口西500米,贵州省,六盘水市,,交通设施服务;停车场;公共停车场,150904,B0HKP7B3PX,交通设施服务,停车场,公共停车场,
104.80256286972407,26.583137808319517,路侧停车场,中国凉都·明湖房车汇旅居车露营基地东侧180米,贵州省,六盘水市,,交通设施服务;停车场;公共停车场,150904,B0MB1OX1AY,交通设施服务,停车场,公共停车场,
104.80488554642848,26.58842648345826,紫藤庄园停车场,明湖路六盘水碧桂园,贵州省,六盘水市,,交通设施服务;停车场;公共停车场,150904,B0FFH05JAG,交通设施服务,停车场,公共停车场,
104.79279335756776,26.552530377273523,纸厂停车场,新玉路与163乡道交叉口北120米,贵州省,六盘水市,,交通设施服务;停车场;专用停车场,150905,B0H0LSGU7P,交通设施服务,停车场,专用停车场,
104.80400184977391,26.587547848882394,六盘水市公共交通有限公司停车场,六盘水市公共交通有限公司,贵州省,六盘水市,,交通设施服务;停车场;专用停车场,150905,B0MDNXFML4,交通设施服务,停车场,专用停车场,
104.70369956209879,26.455912003585855,野鸡坪度假区停车场,野鸡坪度假区,贵州省,六盘水市,,交通设施服务;停车场;公共停车场,150904,B0L315UMN1,交通设施服务,停车场,公共停车场,
104.77374282126581,26.497791956957595,地下停车场,玉舍镇新街上领派纯K负1层,贵州省,六盘水市,,交通设施服务;停车场;公共停车场,150904,B0G2MCXLEU,交通设施服务,停车场,公共停车场,
104.77639502600681,26.49563702629669,玉舍镇人民政府停车场,玉马线与玉安街交叉口东南60米,贵州省,六盘水市,,交通设施服务;停车场;公共停车场,150904,B0LKB6R03Q,交通设施服务,停车场,公共停车场,
104.80279284124758,26.824717496132592,木果服务区停车场,S61赫六高速与木果服务区交叉口南380米,贵州省,六盘水市,,交通设施服务;停车场;公共停车场,150904,B0H6FS2PK2,交通设施服务,停车场,公共停车场,
104.80463924642604,26.827250268924168,木果服务区停车场,S61赫六高速与木果服务区交叉口东南120米,贵州省,六盘水市,,交通设施服务;停车场;公共停车场,150904,B0H6FS1PO3,交通设施服务,停车场,公共停车场,
104.79916735298575,26.4622274030218,玉舍国家森林公园南门停车场,杭瑞高速玉舍国家森林公园内(西侧),贵州省,六盘水市,,交通设施服务;停车场;公共停车场,150904,B0FFL2NGZF,交通设施服务,停车场,公共停车场,
104.74624933731559,26.43005685847402,白鸡坡站,[],贵州省,六盘水市,,交通设施服务;火车站;火车站,150200,B0IR9HME9C,交通设施服务,火车站,火车站,
104.80220065339044,26.486231352491277,临时站(四银)(公交站),六盘水-盘州,贵州省,六盘水市,,交通设施服务;公交车站;公交车站相关,150700,BV09384750,交通设施服务,公交车站,公交车站相关,
104.78695638746439,26.45773580145763,宏源充电站海坪停车场,公安局海坪派出所西北侧100米,贵州省,六盘水市,,交通设施服务;停车场;公共停车场,150904,B0LD9C8KY8,交通设施服务,停车场,公共停车场,
104.74796315140232,26.439115926401705,都格停车区停车场,G56杭瑞高速与都格停车区交叉口西北400米,贵州省,六盘水市,,交通设施服务;停车场;公共停车场,150904,B0LDM7EU0C,交通设施服务,停车场,公共停车场,
104.78140073583539,26.451827906925267,野玉海国家级旅游度假区风情小镇西广场停车点,海坪街道海坪村野玉海国家级旅游度假区,贵州省,六盘水市,,交通设施服务;停车场;公共停车场,150904,B0LR0ALZWE,交通设施服务,停车场,公共停车场,
104.78495414413149,26.444648976044462,野玉海国家级旅游度假区风情小镇东广场停车点,海坪街道海坪村野玉海国家级旅游度假区,贵州省,六盘水市,,交通设施服务;停车场;公共停车场,150904,B0HD0UYZXB,交通设施服务,停车场,公共停车场,
104.78131772458475,26.451592733424878,海坪彝族风情小镇西广场停车场,海坪街道海坪村海坪彝族风情小镇(西北角),贵州省,六盘水市,,交通设施服务;停车场;公共停车场,150904,B0HU4ZL8GG,交通设施服务,停车场,公共停车场,
104.57655124938272,26.199791893761482,乌蒙镇客运站,政府路与盘水路交叉口西北140米,贵州省,六盘水市,,交通设施服务;长途汽车站;长途汽车站,150400,B0FFHSNSWG,交通设施服务,长途汽车站,长途汽车站,
104.57658424367696,26.200053080232106,乌蒙镇客运站停车场,政府路与盘水路交叉口西北160米,贵州省,六盘水市,,交通设施服务;停车场;公共停车场,150904,B0M60GLB85,交通设施服务,停车场,公共停车场,
104.60893732485647,26.18645297511379,乌蒙大草原2号门停车场,239县道西北侧,贵州省,六盘水市,,交通设施服务;停车场;公共停车场,150904,B0HBYZG1PQ,交通设施服务,停车场,公共停车场,
104.60958147525025,26.157400372509855,乌蒙滑雪场停车场,乌蒙滑雪场,贵州省,六盘水市,,交通设施服务;停车场;公共停车场,150904,B0HR9A72ZT,交通设施服务,停车场,公共停车场,
104.60912252933872,26.14797660214,乌蒙大草原天池停车场,212省道天池景区附近,贵州省,六盘水市,,交通设施服务;停车场;公共停车场,150904,B0HBYZHB42,交通设施服务,停车场,公共停车场,
104.61072293449834,26.15166200209406,路侧停车场,乌蒙大草原景区-吸烟亭南侧,贵州省,六盘水市,,交通设施服务;停车场;路边停车场,150906,B0MAP7WRL0,交通设施服务,停车场,路边停车场,
104.63153878136349,26.189663768777717,乌蒙大草原观佛台停车场,乌蒙镇小树林村乌蒙大草原(东北角),贵州省,六盘水市,,交通设施服务;停车场;公共停车场,150904,B035A0NJ4J,交通设施服务,停车场,公共停车场,
104.6072045018359,26.11705844275667,乌蒙大草原游客中心停车场,乌蒙镇小树林村乌蒙大草原,贵州省,六盘水市,,交通设施服务;停车场;公共停车场,150904,B0LBRZGUSD,交通设施服务,停车场,公共停车场,
104.59642311178189,26.11115042670107,贵州乌蒙风情大酒店停车场,盘州市坪地乡街上贵州乌蒙风情大酒店,贵州省,六盘水市,,交通设施服务;停车场;公共停车场,150904,B0G2M7WZR0,交通设施服务,停车场,公共停车场,
104.63265107345617,26.190319648700736,观佛台-北侧地上停车场,高原佛光东北侧250米,贵州省,六盘水市,,交通设施服务;停车场;公共停车场,150904,B0MBT69805,交通设施服务,停车场,公共停车场,
104.6153824608962,26.117403290955682,乌蒙大草原1号停车场,乌蒙镇小树林村乌蒙大草原内(南侧),贵州省,六盘水市,,交通设施服务;停车场;公共停车场,150904,B035A0NJ4G,交通设施服务,停车场,公共停车场,
104.61636463653149,26.118994522918715,乌蒙大草原2号停车场,乌蒙镇小树林村乌蒙大草原内(南侧),贵州省,六盘水市,,交通设施服务;停车场;公共停车场,150904,B0HBYZHR54,交通设施服务,停车场,公共停车场,
104.61828394777255,26.12225496910312,乌蒙大草原景区-停机坪,盘州如春客栈东南侧130米,贵州省,六盘水市,,交通设施服务;停车场;公共停车场,150904,B0MGVLG7M6,交通设施服务,停车场,公共停车场,
104.61910033872235,26.123473005594054,容得轩大酒店停车场,盘州闲逸客栈南侧,贵州省,六盘水市,,交通设施服务;停车场;公共停车场,150904,B0G1ZG3X9B,交通设施服务,停车场,公共停车场,
104.61794065042531,26.120854360779916,停车场,盘州回头客宾馆东侧,贵州省,六盘水市,,交通设施服务;停车场;停车场相关,150900,B0HRO7L5HT,交通设施服务,停车场,停车场相关,
104.61716514106278,26.119726311691277,停车场,盘州市坪地乡小树林居委会退役军人服务站东北侧280米,贵州省,六盘水市,,交通设施服务;停车场;公共停车场,150904,B035A0NJ4I,交通设施服务,停车场,公共停车场,
104.54451807935571,26.0718358260151,土城矿路安小区停车场,土城矿路安小区,贵州省,六盘水市,,交通设施服务;停车场;公共停车场,150904,B0L3S94EAE,交通设施服务,停车场,公共停车场,
104.54411144516666,26.071110453330288,土城矿大楼停车场,土城矿大楼,贵州省,六盘水市,,交通设施服务;停车场;公共停车场,150904,B0HR559ZLW,交通设施服务,停车场,公共停车场,
104.54464129355368,26.07144582561995,土城矿大楼停车场(出入口),土城矿大楼停车场,贵州省,六盘水市,,交通设施服务;停车场;停车场出入口,150909,B0HR55CB4T,交通设施服务,停车场,停车场出入口,
104.55121212680487,26.06886342955114,洒基强华酒店停车场,柏果镇云中路,贵州省,六盘水市,,交通设施服务;停车场;公共停车场,150904,B0G1FALC72,交通设施服务,停车场,公共停车场,
104.66520494171154,26.102438364375374,雨格站,[],贵州省,六盘水市,,交通设施服务;火车站;火车站,150200,B0FFFGPNFT,交通设施服务,火车站,火车站,
104.66512219671664,26.102369476091823,雨格站(进站口),[],贵州省,六盘水市,,交通设施服务;火车站;进站口/检票口,150202,B0HG7LM6O1,交通设施服务,火车站,进站口/检票口,
104.6650205076801,26.102344653343696,雨格站(出站口),[],贵州省,六盘水市,,交通设施服务;火车站;出站口,150203,B0K1DCCYGY,交通设施服务,火车站,出站口,
104.66332310648548,26.267492287011848,中共六盘水市水城区鸡场镇委员会东南侧停车场,致富路与盘水路交叉口东北500米,贵州省,六盘水市,,交通设施服务;停车场;路边停车场,150906,B0MB2D0OP9,交通设施服务,停车场,路边停车场,
104.62510115568317,26.042899242877525,松河(公交站),六盘水火车站-哒啦仙谷专线,贵州省,六盘水市,,交通设施服务;公交车站;公交车站相关,150700,BV11165114,交通设施服务,公交车站,公交车站相关,
104.62072256334761,26.03509160315001,松河站,[],贵州省,六盘水市,,交通设施服务;火车站;火车站,150200,B035A0NA1G,交通设施服务,火车站,火车站,
104.6689906951523,26.269666649014287,鸡场镇酉福社区停车场,鸡场镇酉福社区居民委员会旁边,贵州省,六盘水市,,交通设施服务;停车场;公共停车场,150904,B0K07SKLG8,交通设施服务,停车场,公共停车场,
104.62108079895587,26.03632409027273,松河站(进站口),[],贵州省,六盘水市,,交通设施服务;火车站;进站口/检票口,150202,B0G0FS87E6,交通设施服务,火车站,进站口/检票口,
104.62107680366425,26.03641015375579,松河站(出站口),[],贵州省,六盘水市,,交通设施服务;火车站;出站口,150203,B0G1ZB2JFV,交通设施服务,火车站,出站口,
104.71575396635039,26.214993415338906,茅草坪站,[],贵州省,六盘水市,,交通设施服务;火车站;火车站,150200,B0FFJA05NZ,交通设施服务,火车站,火车站,
104.72445591473871,26.15913832891332,三家寨站,营盘乡,贵州省,六盘水市,,交通设施服务;火车站;火车站,150200,B0FFMH2JT1,交通设施服务,火车站,火车站,
104.72446589348465,26.159181347755307,三家寨站(进站口),[],贵州省,六盘水市,,交通设施服务;火车站;进站口/检票口,150202,B0HGKAGUEU,交通设施服务,火车站,进站口/检票口,
104.72456469612266,26.159294335384693,三家寨站(出站口),[],贵州省,六盘水市,,交通设施服务;火车站;出站口,150203,B0G14BCGPT,交通设施服务,火车站,出站口,
104.50692394900912,26.01235137739319,柏果电厂(公交站),六盘水火车站-哒啦仙谷专线,贵州省,六盘水市,,交通设施服务;公交车站;公交车站相关,150700,BV11164516,交通设施服务,公交车站,公交车站相关,
104.50643468293082,26.01243197890597,电厂(公交站),六盘水火车站-哒啦仙谷专线,贵州省,六盘水市,,交通设施服务;公交车站;公交车站相关,150700,BV11165113,交通设施服务,公交车站,公交车站相关,
104.50498584220291,26.014698234969302,景江华庭农贸市场停车场,景江华庭,贵州省,六盘水市,,交通设施服务;停车场;公共停车场,150904,B0L2ML09FA,交通设施服务,停车场,公共停车场,
104.5064957827072,26.013929199734704,停车场,羊柏公路与沿江东路交叉口北140米,贵州省,六盘水市,,交通设施服务;停车场;停车场相关,150900,B0HG06U96X,交通设施服务,停车场,停车场相关,
104.50140789776002,26.004655552812107,柏果站,东升桥,贵州省,六盘水市,,交通设施服务;火车站;火车站,150200,B035A0NAME,交通设施服务,火车站,火车站,
104.50735309465648,26.011323938407557,电厂2(公交站),六盘水火车站-哒啦仙谷专线,贵州省,六盘水市,,交通设施服务;公交车站;公交车站相关,150700,BV11165117,交通设施服务,公交车站,公交车站相关,
104.56016591471166,26.002238055583014,小顺场中海油(公交站),六盘水火车站-哒啦仙谷专线,贵州省,六盘水市,,交通设施服务;公交车站;公交车站相关,150700,BV11165118,交通设施服务,公交车站,公交车站相关,
104.50534999190646,26.00942165854009,鼎盛停车场,212省道与羊柏公路交叉口西南300米,贵州省,六盘水市,,交通设施服务;停车场;公共停车场,150904,B0FFG6EUPO,交通设施服务,停车场,公共停车场,
104.49084475834174,26.014316559826753,见合水岸停车场,柏果镇人民政府西侧130米,贵州省,六盘水市,,交通设施服务;停车场;专用停车场,150905,B0LRC4F1I7,交通设施服务,停车场,专用停车场,
104.50085246247168,26.004131521791255,柏果站(进站口),[],贵州省,六盘水市,,交通设施服务;火车站;进站口/检票口,150202,B0HBF50AZ0,交通设施服务,火车站,进站口/检票口,
104.53973654105678,26.002671461585233,招呼站(公交站),六盘水火车站-哒啦仙谷专线,贵州省,六盘水市,,交通设施服务;公交车站;公交车站相关,150700,BV09418604,交通设施服务,公交车站,公交车站相关,
104.50092164763224,26.00403466216786,柏果站(出站口),[],贵州省,六盘水市,,交通设施服务;火车站;出站口,150203,B0HBF5YMNJ,交通设施服务,火车站,出站口,
104.50026189402497,26.004626092192993,柏果(公交站),六盘水火车站-哒啦仙谷专线,贵州省,六盘水市,,交通设施服务;公交车站;公交车站相关,150700,BV11164513,交通设施服务,公交车站,公交车站相关,
104.54364937569125,26.000664863565614,大田头(公交站),六盘水火车站-哒啦仙谷专线,贵州省,六盘水市,,交通设施服务;公交车站;公交车站相关,150700,BV11165112,交通设施服务,公交车站,公交车站相关,
104.50061884520268,26.004249902688617,柏果站停车场,董珍牙科东北侧,贵州省,六盘水市,,交通设施服务;停车场;公共停车场,150904,B0HBF5Z1UM,交通设施服务,停车场,公共停车场,
104.49980967627818,26.005411279385015,希伯利亚假日酒店停车场,绿谷小当家生活超市南侧80米,贵州省,六盘水市,,交通设施服务;停车场;公共停车场,150904,B0L22L0664,交通设施服务,停车场,公共停车场,
104.49646589643326,26.005037970214108,盘州市柏果镇卫生院停车场,柏果镇卫生院,贵州省,六盘水市,,交通设施服务;停车场;公共停车场,150904,B0M6O7MEDQ,交通设施服务,停车场,公共停车场,
104.50031102939033,26.004461125136856,柏果站停车场(出入口),柏果站停车场,贵州省,六盘水市,,交通设施服务;停车场;停车场出入口,150909,B0I0OZ4LLJ,交通设施服务,停车场,停车场出入口,
104.75162420188153,26.187304171972272,北盘江高家渡景区停车场,北盘江高家渡景区,贵州省,六盘水市,,交通设施服务;停车场;公共停车场,150904,B0I6DCULKP,交通设施服务,停车场,公共停车场,
104.50030904180846,26.00400780418794,柏果站停车场(出入口),[],贵州省,六盘水市,,交通设施服务;停车场;停车场出入口,150909,B0I0OZ4LLI,交通设施服务,停车场,停车场出入口,
104.73449588274073,26.264088955046297,营街站,[],贵州省,六盘水市,,交通设施服务;火车站;火车站,150200,B0H07C3R5O,交通设施服务,火车站,火车站,
104.6074269125535,25.99373707480373,超限站(公交站),六盘水火车站-哒啦仙谷专线,贵州省,六盘水市,,交通设施服务;公交车站;公交车站相关,150700,BV11164511,交通设施服务,公交车站,公交车站相关,
104.59550749464948,25.99075302394426,三角地(公交站),六盘水火车站-哒啦仙谷专线,贵州省,六盘水市,,交通设施服务;公交车站;公交车站相关,150700,BV11165106,交通设施服务,公交车站,公交车站相关,
104.61971241417014,25.986811117232392,鸡场坪服务区停车场,六盘水市盘州市水兴高速鸡场坪服务区,贵州省,六盘水市,,交通设施服务;停车场;公共停车场,150904,B0FFHWGUQ1,交通设施服务,停车场,公共停车场,
104.50261893033093,25.982404713292787,陆中德村(公交站),六盘水火车站-哒啦仙谷专线,贵州省,六盘水市,,交通设施服务;公交车站;公交车站相关,150700,BV11164519,交通设施服务,公交车站,公交车站相关,
104.61961760459663,25.98666810995351,临时站(公交站),六盘水-盘州,贵州省,六盘水市,,交通设施服务;公交车站;公交车站相关,150700,BV09384748,交通设施服务,公交车站,公交车站相关,
104.6197254821388,25.984378413352005,鸡场坪服务区停车场,S77水兴高速与鸡场坪服务区交叉口东南460米,贵州省,六盘水市,,交通设施服务;停车场;公共停车场,150904,B0FFHWGUS9,交通设施服务,停车场,公共停车场,
104.63871461185816,25.98934363921872,杨家桥(公交站),盘州40路内环;盘州40路外环,贵州省,六盘水市,,交通设施服务;公交车站;公交车站相关,150700,BV09072436,交通设施服务,公交车站,公交车站相关,
104.64536778174914,25.987214418417672,昊龙水泥厂(公交站),盘州40路内环;盘州40路外环,贵州省,六盘水市,,交通设施服务;公交车站;公交车站相关,150700,BV09072435,交通设施服务,公交车站,公交车站相关,
104.64554224194028,25.988644118380932,贵州昊龙胜境建材有限责任公司地上停车场,白龙洞村村民委员会南侧140米,贵州省,六盘水市,,交通设施服务;停车场;公共停车场,150904,B0MBFD5VJ9,交通设施服务,停车场,公共停车场,
104.61894214612222,25.980560511393108,盛宇选煤停车场,盛宇选煤,贵州省,六盘水市,,交通设施服务;停车场;公共停车场,150904,B0MBUBLSZG,交通设施服务,停车场,公共停车场,
104.6236947159073,25.976616879454742,鸡场坪(公交站),六盘水火车站-哒啦仙谷专线,贵州省,六盘水市,,交通设施服务;公交车站;公交车站相关,150700,BV11164518,交通设施服务,公交车站,公交车站相关,
104.62549967115116,25.981193002690198,张家寨(公交站),盘州40路内环;盘州40路外环,贵州省,六盘水市,,交通设施服务;公交车站;公交车站相关,150700,BV09072438,交通设施服务,公交车站,公交车站相关,
104.64634006486592,25.987491966405273,贵州昊龙胜境建材有限责任公司地上停车场,鸡场坪派出所驻昊龙胜境警务室东北侧,贵州省,六盘水市,,交通设施服务;停车场;公共停车场,150904,B0MBRGQAEZ,交通设施服务,停车场,公共停车场,
104.63300294609014,25.965530483046454,鸡场坪客运站,桂花路和锦绣路交叉口附近,贵州省,六盘水市,,交通设施服务;长途汽车站;长途汽车站,150400,B0FFHW60CQ,交通设施服务,长途汽车站,长途汽车站,
104.65036676782685,25.98448688947372,白龙洞工业园区2站(公交站),盘州40路内环;盘州40路外环,贵州省,六盘水市,,交通设施服务;公交车站;公交车站相关,150700,BV09072433,交通设施服务,公交车站,公交车站相关,
104.62597194754618,25.973183880735036,汉伏波假日酒店停车场,鸡场坪镇,贵州省,六盘水市,,交通设施服务;停车场;公共停车场,150904,B0HUX7LWED,交通设施服务,停车场,公共停车场,
104.6261444806271,25.97546125838337,坪子头(公交站),盘州40路内环;盘州40路外环,贵州省,六盘水市,,交通设施服务;公交车站;公交车站相关,150700,BV09072441,交通设施服务,公交车站,公交车站相关,
104.6542586679689,25.979097155222757,白龙洞工业园区1站(公交站),盘州40路内环;盘州40路外环,贵州省,六盘水市,,交通设施服务;公交车站;公交车站相关,150700,BV09072434,交通设施服务,公交车站,公交车站相关,
104.62770419101052,25.97061399631652,团树林(公交站),盘州40路内环;盘州40路外环,贵州省,六盘水市,,交通设施服务;公交车站;公交车站相关,150700,BV09072437,交通设施服务,公交车站,公交车站相关,
104.63592352652118,25.96998939343179,新村停车场,天万酒店对面,贵州省,六盘水市,,交通设施服务;停车场;公共停车场,150904,B0FFKGNY6C,交通设施服务,停车场,公共停车场,
104.63137773521686,25.96881199026295,怡景园广场(公交站),盘州40路外环,贵州省,六盘水市,,交通设施服务;公交车站;公交车站相关,150700,BV09072440,交通设施服务,公交车站,公交车站相关,
104.74637757086576,26.301371389430294,发耳停车场,永安路与212省道交叉口北200米,贵州省,六盘水市,,交通设施服务;停车场;公共停车场,150904,B035A0NJ7M,交通设施服务,停车场,公共停车场,
104.50498289123095,25.961664368650048,金河桥头(公交站),六盘水火车站-哒啦仙谷专线,贵州省,六盘水市,,交通设施服务;公交车站;公交车站相关,150700,BV11165111,交通设施服务,公交车站,公交车站相关,
104.74906201672837,26.29645788423452,协恒医院(公交站),发耳至钟山,贵州省,六盘水市,,交通设施服务;公交车站;公交车站相关,150700,BV09531395,交通设施服务,公交车站,公交车站相关,
104.63577391308073,25.969757452228205,鸡场坪镇鸡场坪小学停车场,民权东路与锦绣北路交叉口东北100米,贵州省,六盘水市,,交通设施服务;停车场;公共停车场,150904,B0L3H793LV,交通设施服务,停车场,公共停车场,
104.63330521711049,25.96530490383268,盘北客车站(公交站),盘州40路内环;盘州40路外环,贵州省,六盘水市,,交通设施服务;公交车站;公交车站相关,150700,BV09072443,交通设施服务,公交车站,公交车站相关,
104.75661190778105,26.29501462145374,发耳政府(公交站),发耳至钟山,贵州省,六盘水市,,交通设施服务;公交车站;公交车站相关,150700,BV09531393,交通设施服务,公交车站,公交车站相关,
104.63747369846988,25.966824883924843,盘州市第六中学(公交站),盘州40路内环;盘州40路外环,贵州省,六盘水市,,交通设施服务;公交车站;公交车站相关,150700,BV09072431,交通设施服务,公交车站,公交车站相关,
104.74712687226179,26.29893712296531,华中酒店停车场,212省道与永安路交叉口东南160米,贵州省,六盘水市,,交通设施服务;停车场;公共停车场,150904,B0H0LSEZBW,交通设施服务,停车场,公共停车场,
104.50369860115866,25.960387645230433,招呼站(金河桥头猪脚火锅)(公交站),六盘水火车站-哒啦仙谷专线,贵州省,六盘水市,,交通设施服务;公交车站;公交车站相关,150700,BV11165115,交通设施服务,公交车站,公交车站相关,
104.75001282208791,26.30338748401908,凯裕敦酒店停车场,发耳镇新联村二组六盘水凯裕敦酒店,贵州省,六盘水市,,交通设施服务;停车场;公共停车场,150904,B0H14UT2W5,交通设施服务,停车场,公共停车场,
104.75686653179683,26.30001327008086,六盘水市水城区第二人民医院地上停车场,菜场二巷北150米六盘水市水城区第二人民医院,贵州省,六盘水市,,交通设施服务;停车场;公共停车场,150904,B0M6VPHQU4,交通设施服务,停车场,公共停车场,
104.75918529119014,26.29608816763931,六盘水市第二十三中学(发耳校区)-停车场,惠民花苑东侧130米,贵州省,六盘水市,,交通设施服务;停车场;公共停车场,150904,B0M62NTJQK,交通设施服务,停车场,公共停车场,
104.75814586019952,26.296896151497418,惠民花苑停车场,惠民花苑,贵州省,六盘水市,,交通设施服务;停车场;公共停车场,150904,B0L22L06K1,交通设施服务,停车场,公共停车场,
104.65503591671184,25.96543924827649,龙湖湿地公园(公交站),盘州40路内环;盘州40路外环,贵州省,六盘水市,,交通设施服务;公交车站;公交车站相关,150700,BV09072442,交通设施服务,公交车站,公交车站相关,
104.49667641840611,25.95450748653171,招呼站(公交站),六盘水火车站-哒啦仙谷专线,贵州省,六盘水市,,交通设施服务;公交车站;公交车站相关,150700,BV11165110,交通设施服务,公交车站,公交车站相关,
104.76558220776393,26.303725584899826,发耳加油站(公交站),发耳至钟山,贵州省,六盘水市,,交通设施服务;公交车站;公交车站相关,150700,BV09531392,交通设施服务,公交车站,公交车站相关,
104.69757276483493,26.366527095543468,都格镇人民政府停车场,公安局都格派出所西北侧,贵州省,六盘水市,,交通设施服务;停车场;公共停车场,150904,B0MG6NGU4L,交通设施服务,停车场,公共停车场,
104.74853553715003,26.320381829068765,发耳煤业有限公司地上停车场,湾河煤矿有限公司东北侧190米,贵州省,六盘水市,,交通设施服务;停车场;公共停车场,150904,B0MG4OYMRI,交通设施服务,停车场,公共停车场,
104.49611019189942,25.947739094483033,清水河(公交站),六盘水火车站-哒啦仙谷专线,贵州省,六盘水市,,交通设施服务;公交车站;公交车站相关,150700,BV11165116,交通设施服务,公交车站,公交车站相关,
104.69514871628398,26.36219418553882,贵州盘江恒普煤业有限公司地上停车场,都格镇盘江恒普煤业有限公司,贵州省,六盘水市,,交通设施服务;停车场;公共停车场,150904,B0MGNKMM17,交通设施服务,停车场,公共停车场,
104.77328332399391,26.295031310035366,发耳服务区停车场,发耳服务区与S77水兴高速交叉口东北240米,贵州省,六盘水市,,交通设施服务;停车场;公共停车场,150904,B0FFFQ0XEN,交通设施服务,停车场,公共停车场,
104.68515821895427,26.375602373296648,北盘江大桥观景平台地上停车场,北盘江大桥观景平台,贵州省,六盘水市,,交通设施服务;停车场;公共停车场,150904,B0M61RJQ84,交通设施服务,停车场,公共停车场,
104.77370037226963,26.293747038665177,发耳服务区停车场,发耳服务区与S77水兴高速交叉口东240米,贵州省,六盘水市,,交通设施服务;停车场;公共停车场,150904,B035A0NJ4E,交通设施服务,停车场,公共停车场,
104.4942745737179,25.94232683585594,竹烟屯(公交站),六盘水火车站-哒啦仙谷专线,贵州省,六盘水市,,交通设施服务;公交车站;公交车站相关,150700,BV11164517,交通设施服务,公交车站,公交车站相关,
104.49425151241697,25.942343778361106,招呼站(公交站),六盘水火车站-哒啦仙谷专线,贵州省,六盘水市,,交通设施服务;公交车站;公交车站相关,150700,BV11165108,交通设施服务,公交车站,公交车站相关,
104.49648894762889,25.928218749422438,月亮田站,月亮田,贵州省,六盘水市,,交通设施服务;火车站;火车站,150200,B035A0NJFF,交通设施服务,火车站,火车站,
104.80257310061256,26.315138943350654,发耳站,杨梅与发耳交界处,贵州省,六盘水市,,交通设施服务;火车站;火车站,150200,B035A0NA1S,交通设施服务,火车站,火车站,
104.50004853042945,25.922349409665458,月亮田洗煤厂(公交站),盘州43路,贵州省,六盘水市,,交通设施服务;公交车站;公交车站相关,150700,BV09239039,交通设施服务,公交车站,公交车站相关,
104.65828523763932,25.940790168195292,鸡场坪东服务区停车场(建设中),G60沪昆高速与服务区交叉口北120米,贵州省,六盘水市,,交通设施服务;停车场;公共停车场,150904,BY0001M4HM,交通设施服务,停车场,公共停车场,
104.6604857466069,25.937988111795352,鸡场坪东服务区停车场(建设中),服务区与G60沪昆高速交叉口东南280米,贵州省,六盘水市,,交通设施服务;停车场;公共停车场,150904,BY0001M4FQ,交通设施服务,停车场,公共停车场,
104.75181748343941,26.368582221178617,都格站,[],贵州省,六盘水市,,交通设施服务;火车站;火车站,150200,B0IR95PTC8,交通设施服务,火车站,火车站,
104.75541984089791,25.978757398064932,淤泥居委会停车场,幸福路与羊柏公路交叉口东400米,贵州省,六盘水市,,交通设施服务;停车场;停车场相关,150900,B0I12S98H4,交通设施服务,停车场,停车场相关,
104.5802931395569,25.678583205678944,丹霞服务区停车场,S77水兴高速与丹霞服务区交叉口西南220米,贵州省,六盘水市,,交通设施服务;停车场;公共停车场,150904,B0FFHFPQNJ,交通设施服务,停车场,公共停车场,
104.58118509810595,25.677733356409384,丹霞服务区停车场,S77威板高速附近,贵州省,六盘水市,,交通设施服务;停车场;公共停车场,150904,B0FFHFPSCN,交通设施服务,停车场,公共停车场,
104.53416892437322,25.688860599842574,金竹坪(公交站),盘州7路,贵州省,六盘水市,,交通设施服务;公交车站;公交车站相关,150700,BV09380365,交通设施服务,公交车站,公交车站相关,
104.52624138910768,25.684429786716358,金一采区(公交站),盘州7路,贵州省,六盘水市,,交通设施服务;公交车站;公交车站相关,150700,BV09380366,交通设施服务,公交车站,公交车站相关,
104.5435837182556,25.69893301266389,金二采区(公交站),盘州7路,贵州省,六盘水市,,交通设施服务;公交车站;公交车站相关,150700,BV09380367,交通设施服务,公交车站,公交车站相关,
104.51974264662195,25.679157171070916,小关(公交站),盘州7路,贵州省,六盘水市,,交通设施服务;公交车站;公交车站相关,150700,BV11553682,交通设施服务,公交车站,公交车站相关,
104.51376821191354,25.676776859009344,小关居委会(公交站),盘州7路,贵州省,六盘水市,,交通设施服务;公交车站;公交车站相关,150700,BV09380368,交通设施服务,公交车站,公交车站相关,
104.60486448871882,25.67514278229032,大桥(公交站),盘州36路,贵州省,六盘水市,,交通设施服务;公交车站;公交车站相关,150700,BV11548717,交通设施服务,公交车站,公交车站相关,
104.54843900922945,25.626282570055494,妥乐古银杏景区北门停车场,盘州市妥乐居委会安置区北面,贵州省,六盘水市,,交通设施服务;停车场;停车场相关,150900,B0H3BU293J,交通设施服务,停车场,停车场相关,
104.60735598456635,25.67890662018749,丹霞(公交站),盘州36路,贵州省,六盘水市,,交通设施服务;公交车站;公交车站相关,150700,BV11548716,交通设施服务,公交车站,公交车站相关,
104.50613862886239,25.682872592697798,峰岩(公交站),盘州7路,贵州省,六盘水市,,交通设施服务;公交车站;公交车站相关,150700,BV11553683,交通设施服务,公交车站,公交车站相关,
104.54648018620911,25.62336919924032,妥乐古银杏旅游景区临时地面停车场(出入口),妥乐古银杏旅游景区临时地面停车场,贵州省,六盘水市,,交通设施服务;停车场;停车场出入口,150909,B0FFM36WIW,交通设施服务,停车场,停车场出入口,
104.54684575607354,25.623084828868517,妥乐古银杏旅游景区临时地面停车场,石桥镇妥乐居委会安置区西侧,贵州省,六盘水市,,交通设施服务;停车场;公共停车场,150904,B0H3BC0EDE,交通设施服务,停车场,公共停车场,
104.61233129818015,25.681991248382968,农贸市场(公交站),盘州36路,贵州省,六盘水市,,交通设施服务;公交车站;公交车站相关,150700,BV11548719,交通设施服务,公交车站,公交车站相关,
104.50257901273221,25.692818241702064,长房子(公交站),盘州7路,贵州省,六盘水市,,交通设施服务;公交车站;公交车站相关,150700,BV11553681,交通设施服务,公交车站,公交车站相关,
104.54826303489916,25.618766752669305,妥乐古银杏景区东盟街停车场,妥乐古银杏景区东盟街南侧,贵州省,六盘水市,,交通设施服务;停车场;停车场相关,150900,B0H3BC10NV,交通设施服务,停车场,停车场相关,
104.54814486762207,25.618606440091174,政府专职消防队驻妥乐古银杏景区消防车库,妥乐古银杏景区东盟街南侧,贵州省,六盘水市,,交通设施服务;停车场;专用停车场,150905,B0H3BC06EI,交通设施服务,停车场,专用停车场,
104.57660926680336,25.618498972666625,山岚正典牛肉馆停车场,水塘镇里山岚,贵州省,六盘水市,,交通设施服务;停车场;公共停车场,150904,B0LB39B800,交通设施服务,停车场,公共停车场,
104.61616558522209,25.685380073558942,黄家桥(公交站),盘州36路,贵州省,六盘水市,,交通设施服务;公交车站;公交车站相关,150700,BV11548721,交通设施服务,公交车站,公交车站相关,
104.61764075652403,25.68874457192915,金家田(公交站),盘州36路,贵州省,六盘水市,,交通设施服务;公交车站;公交车站相关,150700,BV11548720,交通设施服务,公交车站,公交车站相关,
104.52635818216758,25.617639223116555,鲁番站,石桥镇,贵州省,六盘水市,,交通设施服务;火车站;火车站,150200,B035A0NA1L,交通设施服务,火车站,火车站,
104.50379635885142,25.63608012696043,情人谷停车点,252县道西40米情人谷,贵州省,六盘水市,,交通设施服务;停车场;公共停车场,150904,B0I6SUL4V1,交通设施服务,停车场,公共停车场,
104.52662987265646,25.615274876446534,妥乐古银杏旅游景区停车场,石桥镇妥乐村妥乐古银杏旅游景区,贵州省,六盘水市,,交通设施服务;停车场;公共停车场,150904,B0G2RLHR5I,交通设施服务,停车场,公共停车场,
104.52932270396218,25.615685165916275,妥乐古银杏旅游景区地上停车场,古银杏超市东南侧190米,贵州省,六盘水市,,交通设施服务;停车场;公共停车场,150904,B0MGSNL3HD,交通设施服务,停车场,公共停车场,
104.52690045622955,25.6156157522289,妥乐古银杏旅游景区-房车露营地,古银杏超市西南侧150米,贵州省,六盘水市,,交通设施服务;停车场;公共停车场,150904,B0MAB7T14M,交通设施服务,停车场,公共停车场,
104.6206807133998,25.693831393257426,三民桥(公交站),盘州36路,贵州省,六盘水市,,交通设施服务;公交车站;公交车站相关,150700,BV11537125,交通设施服务,公交车站,公交车站相关,
104.62617797602645,25.673771775827927,护国寺停车点,丹霞山护国寺,贵州省,六盘水市,,交通设施服务;停车场;公共停车场,150904,B0J60SCRK9,交通设施服务,停车场,公共停车场,
104.55013907881332,25.60891504693031,妥乐村村民委员会地上停车场,盘州东盟国际酒店西南侧120米,贵州省,六盘水市,,交通设施服务;停车场;公共停车场,150904,B0MGVLFSML,交通设施服务,停车场,公共停车场,
104.55173625776655,25.60838188595994,盘州东盟国际酒店地上停车场,盘州东盟国际酒店,贵州省,六盘水市,,交通设施服务;停车场;公共停车场,150904,B0L0UYUDP6,交通设施服务,停车场,公共停车场,
104.54991091329947,25.6048768127001,妥乐古银杏旅游景区南门临时停车场,石桥镇妥乐村妥乐古银杏旅游景区,贵州省,六盘水市,,交通设施服务;停车场;公共停车场,150904,B0H3ZUFIWD,交通设施服务,停车场,公共停车场,
104.62302268808229,25.700819717808134,顺居屯(公交站),盘州36路,贵州省,六盘水市,,交通设施服务;公交车站;公交车站相关,150700,BV11537122,交通设施服务,公交车站,公交车站相关,
104.49012399183538,25.702886319047895,郝家庄(公交站),盘州25路,贵州省,六盘水市,,交通设施服务;公交车站;公交车站相关,150700,BV10815306,交通设施服务,公交车站,公交车站相关,
104.49289197598435,25.709543257029182,小冲(公交站),盘州25路,贵州省,六盘水市,,交通设施服务;公交车站;公交车站相关,150700,BV11299856,交通设施服务,公交车站,公交车站相关,
104.48283254953148,25.692993427184202,环城路中(公交站),盘州25路,贵州省,六盘水市,,交通设施服务;公交车站;公交车站相关,150700,BV09036359,交通设施服务,公交车站,公交车站相关,
104.48324551038205,25.69535190116948,盘州府1号停车场,盘州府1号,贵州省,六盘水市,,交通设施服务;停车场;公共停车场,150904,B0MBZABROK,交通设施服务,停车场,公共停车场,
104.48705583902756,25.70741068221941,金佳矿选煤厂(公交站),盘州7路,贵州省,六盘水市,,交通设施服务;公交车站;公交车站相关,150700,BV11376943,交通设施服务,公交车站,公交车站相关,
104.48075806428542,25.698914600818,盘州府一号(公交站),盘县10路;盘县11路;盘县9路;盘州11路(盘州市第十四小学),贵州省,六盘水市,,交通设施服务;公交车站;公交车站相关,150700,BV09094984,交通设施服务,公交车站,公交车站相关,
104.62866512550286,25.707214563330293,赵官加油站(公交站),盘州36路,贵州省,六盘水市,,交通设施服务;公交车站;公交车站相关,150700,BV11537141,交通设施服务,公交车站,公交车站相关,
104.48088248305997,25.696210496613485,盘州府1号停车场,盘州府1号西侧180米,贵州省,六盘水市,,交通设施服务;停车场;公共停车场,150904,B0LUSU60T8,交通设施服务,停车场,公共停车场,
104.48365016876271,25.705002332837207,王家山廉租房(公交站),盘县11路;盘县9路;盘州11路(盘州市第十四小学),贵州省,六盘水市,,交通设施服务;公交车站;公交车站相关,150700,BV09221229,交通设施服务,公交车站,公交车站相关,
104.47596268971343,25.685223582442426,环城路口(公交站),盘州25路,贵州省,六盘水市,,交通设施服务;公交车站;公交车站相关,150700,BV11382471,交通设施服务,公交车站,公交车站相关,
104.48362811157659,25.705023279798635,王家山小区(公交站),盘县10路;盘县11路,贵州省,六盘水市,,交通设施服务;公交车站;公交车站相关,150700,BV11393389,交通设施服务,公交车站,公交车站相关,
104.48536245087506,25.707834916516468,聚源停车场,安宁医院东南侧220米,贵州省,六盘水市,,交通设施服务;停车场;公共停车场,150904,B0KU37IGD5,交通设施服务,停车场,公共停车场,
104.47607095086659,25.68531293448432,西铺(公交站),盘州25路,贵州省,六盘水市,,交通设施服务;公交车站;公交车站相关,150700,BV11382468,交通设施服务,公交车站,公交车站相关,
104.47420959578236,25.681084495766445,下西铺(公交站),盘县8路;盘州20路,贵州省,六盘水市,,交通设施服务;公交车站;公交车站相关,150700,BV10815299,交通设施服务,公交车站,公交车站相关,
104.48151381622966,25.7029289745675,盘州市翰辰停车场,东湖大道66号,贵州省,六盘水市,,交通设施服务;停车场;公共停车场,150904,B0LGPAL9KU,交通设施服务,停车场,公共停车场,
104.48177745333946,25.703708165607445,盘州公交第一车队(公交站),盘县9路,贵州省,六盘水市,,交通设施服务;公交车站;公交车站相关,150700,BV11372161,交通设施服务,公交车站,公交车站相关,
104.48528925797845,25.70795176547981,盘州市聚源停车场,江源路497号金顺汽修,贵州省,六盘水市,,交通设施服务;停车场;停车场相关,150900,B0KRLA19TX,交通设施服务,停车场,停车场相关,
104.48167921563959,25.703422724304442,公交公司第一车队(公交站),盘县9路,贵州省,六盘水市,,交通设施服务;公交车站;公交车站相关,150700,BV11377616,交通设施服务,公交车站,公交车站相关,
104.47496546994488,25.65423689488884,盘州九龙潭停车场,九龙潭游客中心北侧,贵州省,六盘水市,,交通设施服务;停车场;公共停车场,150904,B0HDFCHVAC,交通设施服务,停车场,公共停车场,
104.48203100254239,25.706113221265564,安宁医院(公交站),盘县10路;盘县11路;盘州11路(盘州市第十四小学),贵州省,六盘水市,,交通设施服务;公交车站;公交车站相关,150700,BV11393386,交通设施服务,公交车站,公交车站相关,
104.48348062079967,25.7079564618445,盘州市安宁医院停车场,[],贵州省,六盘水市,,交通设施服务;停车场;公共停车场,150904,B0H0SS1ZTT,交通设施服务,停车场,公共停车场,
104.47234582539244,25.663452253444138,李家坝(公交站),盘县8路;盘州20路,贵州省,六盘水市,,交通设施服务;公交车站;公交车站相关,150700,BV10815316,交通设施服务,公交车站,公交车站相关,
104.48684602748834,25.714332897994606,盘州公交公司第二车队(公交站),盘州1路,贵州省,六盘水市,,交通设施服务;公交车站;公交车站相关,150700,BV11550546,交通设施服务,公交车站,公交车站相关,
104.4833733573463,25.70768800028566,盘州市安宁医院停车场(出入口),昌胜车行西南侧210米,贵州省,六盘水市,,交通设施服务;停车场;停车场出入口,150909,B0H0SS39ZF,交通设施服务,停车场,停车场出入口,
104.48664250412017,25.714254252254094,公交公司第二车队(公交站),盘州1路,贵州省,六盘水市,,交通设施服务;公交车站;公交车站相关,150700,BV11410860,交通设施服务,公交车站,公交车站相关,
104.4752145462281,25.6934408625948,西铺(公交站),盘州25路,贵州省,六盘水市,,交通设施服务;公交车站;公交车站相关,150700,BV11299857,交通设施服务,公交车站,公交车站相关,
104.4714084773701,25.666858418870792,冷水沟(公交站),盘县8路;盘州20路,贵州省,六盘水市,,交通设施服务;公交车站;公交车站相关,150700,BV10815314,交通设施服务,公交车站,公交车站相关,
104.48052824315126,25.705145337395066,盘州市心月停车场,仁和路与云盘路交叉口东300米,贵州省,六盘水市,,交通设施服务;停车场;公共停车场,150904,B0G2K5S2HT,交通设施服务,停车场,公共停车场,
104.48648508813491,25.714487917264087,丁家坡公交场站(公交站),盘州25路,贵州省,六盘水市,,交通设施服务;公交车站;公交车站相关,150700,BV09469237,交通设施服务,公交车站,公交车站相关,
104.47816547040722,25.70174669966124,三小外停车场(入口),江源路609号,贵州省,六盘水市,,交通设施服务;停车场;停车场入口,150907,B0MAJL4XY1,交通设施服务,停车场,停车场入口,
104.47511207123569,25.699235705594237,湿地公园(公交站),盘县10路;盘县11路;盘县9路;盘州11路(盘州市第十四小学);盘州20路;盘州25路,贵州省,六盘水市,,交通设施服务;公交车站;公交车站相关,150700,BV11299860,交通设施服务,公交车站,公交车站相关,
104.46876510106237,25.67284535753534,上西铺站,[],贵州省,六盘水市,,交通设施服务;火车站;货运火车站,150210,B0LDVHQ9FE,交通设施服务,火车站,货运火车站,
104.63123706467253,25.70904821425508,赵官屯居委会(公交站),盘州36路,贵州省,六盘水市,,交通设施服务;公交车站;公交车站相关,150700,BV11537129,交通设施服务,公交车站,公交车站相关,
104.48070647785514,25.710645885101908,华屯村路口(公交站),盘县10路;盘县11路;盘州11路(盘州市第十四小学),贵州省,六盘水市,,交通设施服务;公交车站;公交车站相关,150700,BV09075500,交通设施服务,公交车站,公交车站相关,
104.47893320271176,25.706295384128598,浅水湾停车场,仁和路与云盘路交叉口东北180米,贵州省,六盘水市,,交通设施服务;停车场;停车场相关,150900,B0H0MSIKXP,交通设施服务,停车场,停车场相关,
104.47823953343826,25.70484660639104,地电小区停车场,地电小区,贵州省,六盘水市,,交通设施服务;停车场;公共停车场,150904,B0L3OLZ852,交通设施服务,停车场,公共停车场,
104.48608789015331,25.71892422771767,华家屯(公交站),盘州25路,贵州省,六盘水市,,交通设施服务;公交车站;公交车站相关,150700,BV09211077,交通设施服务,公交车站,公交车站相关,
104.46958265531954,25.655661833818094,盘州九龙潭(公交站),盘县8路,贵州省,六盘水市,,交通设施服务;公交车站;公交车站相关,150700,BV10815301,交通设施服务,公交车站,公交车站相关,
104.48233453019827,25.71235855573332,华屯幼儿园(公交站),盘州7路,贵州省,六盘水市,,交通设施服务;公交车站;公交车站相关,150700,BV09469826,交通设施服务,公交车站,公交车站相关,
104.46898447868939,25.676068612805338,西堡小学(公交站),盘县8路;盘州20路,贵州省,六盘水市,,交通设施服务;公交车站;公交车站相关,150700,BV10815297,交通设施服务,公交车站,公交车站相关,
104.47770816729755,25.70611378896958,第一幼儿园(公交站),盘县11路;盘县14路(环线),贵州省,六盘水市,,交通设施服务;公交车站;公交车站相关,150700,BV11158377,交通设施服务,公交车站,公交车站相关,
104.50286620534267,25.733269596878777,小岩(公交站),盘州25路,贵州省,六盘水市,,交通设施服务;公交车站;公交车站相关,150700,BV09036365,交通设施服务,公交车站,公交车站相关,
104.47435814075857,25.7019280660246,城市展览馆(公交站),盘县11路;盘县14路(环线);盘县15路(环线);盘县15路(盘州市第十四小学);盘县3路;盘县4路;盘县8路;盘州11路(盘州市第十四小学);盘州14路(盘州市第十四小学);盘州24路;盘州7路,贵州省,六盘水市,,交通设施服务;公交车站;公交车站相关,150700,BV10815350,交通设施服务,公交车站,公交车站相关,
104.47771619030284,25.70603276724867,市第一幼儿园(公交站),盘州24路,贵州省,六盘水市,,交通设施服务;公交车站;公交车站相关,150700,BV09448429,交通设施服务,公交车站,公交车站相关,
104.47350926169783,25.697749437121146,红威路-路侧停车场,江源路与竹海东路交叉口西南200米,贵州省,六盘水市,,交通设施服务;停车场;路边停车场,150906,B0MAB7T2GK,交通设施服务,停车场,路边停车场,
104.48876559083597,25.725108654585217,思源中学(公交站),盘州16路;盘州19路,贵州省,六盘水市,,交通设施服务;公交车站;公交车站相关,150700,BV11025879,交通设施服务,公交车站,公交车站相关,
104.47816625447346,25.707338767346407,浅水湾停车场,浅水湾东门东北260米,贵州省,六盘水市,,交通设施服务;停车场;专用停车场,150905,B0G39SMNO6,交通设施服务,停车场,专用停车场,
104.46958265531954,25.655661833818094,九龙潭(公交站),盘州20路,贵州省,六盘水市,,交通设施服务;公交车站;公交车站相关,150700,BV09368829,交通设施服务,公交车站,公交车站相关,
104.47220617853107,25.697145518702232,东湖公园南侧地上停车场,江源路与竹海东路交叉口西南340米,贵州省,六盘水市,,交通设施服务;停车场;公共停车场,150904,B0MGJ7DAFU,交通设施服务,停车场,公共停车场,
104.46698805790392,25.67300073141801,西铺货场(公交站),盘县8路;盘州20路,贵州省,六盘水市,,交通设施服务;公交车站;公交车站相关,150700,BV10815298,交通设施服务,公交车站,公交车站相关,
104.47625862928996,25.705340259582105,酒店专用停车场,云盘路与仁和路交叉口西120米,贵州省,六盘水市,,交通设施服务;停车场;公共停车场,150904,B0FFG6EUSU,交通设施服务,停车场,公共停车场,
104.47429993865988,25.70350676657942,东湖国际商业广场地下停车场,金秋路139正东湖国际,贵州省,六盘水市,,交通设施服务;停车场;公共停车场,150904,B0HRRUWT1M,交通设施服务,停车场,公共停车场,
104.47408839550329,25.704355642897493,东湖国际商业广场停车场,金秋路139正东湖国际,贵州省,六盘水市,,交通设施服务;停车场;公共停车场,150904,B0HRRUVAXK,交通设施服务,停车场,公共停车场,
104.47545960524626,25.7072070389412,人民银行(公交站),盘县15路(盘州市第十四小学);盘县3路;盘县4路;盘县8路;盘州14路(盘州市第十四小学);盘州7路,贵州省,六盘水市,,交通设施服务;公交车站;公交车站相关,150700,BV10815352,交通设施服务,公交车站,公交车站相关,
104.48861622053073,25.724636942813994,盘州市第十中学停车场,盘州市第十中学,贵州省,六盘水市,,交通设施服务;停车场;公共停车场,150904,B0L3H795K3,交通设施服务,停车场,公共停车场,
104.47096729102213,25.69629667721669,畜牧局小区停车场,金秋路117号畜牧局小区,贵州省,六盘水市,,交通设施服务;停车场;公共停车场,150904,B0L2B5JT7F,交通设施服务,停车场,公共停车场,
104.50082878877589,25.735759920356244,胜境精神病医院(公交站),盘州2路,贵州省,六盘水市,,交通设施服务;公交车站;公交车站相关,150700,BV11299854,交通设施服务,公交车站,公交车站相关,
104.50627583894904,25.73871792683658,收费站(公交站),盘州2路,贵州省,六盘水市,,交通设施服务;公交车站;公交车站相关,150700,BV10718966,交通设施服务,公交车站,公交车站相关,
104.47575932697283,25.70743400557466,浅水湾-地下停车场,江源路579号,贵州省,六盘水市,,交通设施服务;停车场;公共停车场,150904,B0FFG7HEPM,交通设施服务,停车场,公共停车场,
104.49016409465224,25.72875489607891,福泽家园(公交站),盘县5路;盘州16路;盘州28路,贵州省,六盘水市,,交通设施服务;公交车站;公交车站相关,150700,BV11040186,交通设施服务,公交车站,公交车站相关,
104.47778914827234,25.71174312907108,半山世家停车场,江源路九城·半山世家,贵州省,六盘水市,,交通设施服务;停车场;停车场相关,150900,B0FFLDBFC9,交通设施服务,停车场,停车场相关,
104.49499459317502,25.732835701376686,三号桥(公交站),盘县5路;盘州16路;盘州19路;盘州1路;盘州28路;盘州2路;盘州7路,贵州省,六盘水市,,交通设施服务;公交车站;公交车站相关,150700,BV11376947,交通设施服务,公交车站,公交车站相关,
104.4746937754795,25.70645248055771,地下停车场,江源路与云盘路交叉口西南60米,贵州省,六盘水市,,交通设施服务;停车场;公共停车场,150904,B0K3J519BN,交通设施服务,停车场,公共停车场,
104.47659924690255,25.710920299163963,仁和小区(公交站),盘县11路;盘县14路(环线);盘县15路(环线);盘县15路(盘州市第十四小学);盘县8路;盘州11路(盘州市第十四小学);盘州14路(盘州市第十四小学),贵州省,六盘水市,,交通设施服务;公交车站;公交车站相关,150700,BV10822332,交通设施服务,公交车站,公交车站相关,
104.47618025467571,25.71002462082645,金山星城停车场(入口),江源路,贵州省,六盘水市,,交通设施服务;停车场;停车场入口,150907,B0IDZH4ML2,交通设施服务,停车场,停车场入口,
104.47661528726046,25.710895330641584,仁和路口(公交站),盘县3路;盘县4路;盘州24路;盘州7路,贵州省,六盘水市,,交通设施服务;公交车站;公交车站相关,150700,BV09448427,交通设施服务,公交车站,公交车站相关,
104.46235762509072,25.680565770899147,金秋小区(公交站),35路学生专线;盘州19路;盘州35路;盘州35路(盘州市第十四小学),贵州省,六盘水市,,交通设施服务;公交车站;公交车站相关,150700,BV11115289,交通设施服务,公交车站,公交车站相关,
104.47431086158174,25.70615625016543,东湖明珠花园地上停车场,东湖明珠花园,贵州省,六盘水市,,交通设施服务;停车场;公共停车场,150904,B0MBHGHGWM,交通设施服务,停车场,公共停车场,
104.46845563438019,25.69222272864601,观景小镇停车场,观景小镇,贵州省,六盘水市,,交通设施服务;停车场;公共停车场,150904,B0MAMX7WIV,交通设施服务,停车场,公共停车场,
104.46955005432329,25.694686979479012,工行小区停车场,金秋踏219号工行小区,贵州省,六盘水市,,交通设施服务;停车场;公共停车场,150904,B0M6BMGQJN,交通设施服务,停车场,公共停车场,
104.46944981442643,25.69489782384271,云海花园停车场,云海花园,贵州省,六盘水市,,交通设施服务;停车场;专用停车场,150905,B0L2SK4M89,交通设施服务,停车场,专用停车场,
104.49011100491944,25.72749401853331,思源安置区(公交站),盘州25路,贵州省,六盘水市,,交通设施服务;公交车站;公交车站相关,150700,BV09469238,交通设施服务,公交车站,公交车站相关,
104.46480966175784,25.687186495286998,凤鸣小区(公交站),35路学生专线;盘州17路;盘州19路;盘州35路;盘州35路(盘州市第十四小学),贵州省,六盘水市,,交通设施服务;公交车站;公交车站相关,150700,BV11025880,交通设施服务,公交车站,公交车站相关,
104.47373642902305,25.707424351852353,盘州俞安酒店停车场,环湖路57-11号附近,贵州省,六盘水市,,交通设施服务;停车场;公共停车场,150904,B0FFHJTFQS,交通设施服务,停车场,公共停车场,
104.46981538884978,25.701838569608217,汉庭盘州东湖公园酒店停车场,凤鸣中路1-2号,贵州省,六盘水市,,交通设施服务;停车场;公共停车场,150904,B0L6TZ6NGW,交通设施服务,停车场,公共停车场,
104.46570728373268,25.69631570465457,华夏中学(公交站),35路学生专线;盘县12路,贵州省,六盘水市,凤鸣南路,交通设施服务;公交车站;公交车站相关,150700,BV11025884,交通设施服务,公交车站,公交车站相关,
104.49093695605474,25.732827536329903,总医院(公交站),盘县5路;盘州16路;盘州19路;盘州1路;盘州28路;盘州2路;盘州7路,贵州省,六盘水市,,交通设施服务;公交车站;公交车站相关,150700,BV11376948,交通设施服务,公交车站,公交车站相关,
104.47636964112228,25.712010255722596,鸿图家园停车场,江源路与仁和路交叉口北80米,贵州省,六盘水市,,交通设施服务;停车场;公共停车场,150904,B0KD9MGUYY,交通设施服务,停车场,公共停车场,
104.63131051179828,25.718927615464604,马过河(公交站),盘州36路,贵州省,六盘水市,,交通设施服务;公交车站;公交车站相关,150700,BV11537137,交通设施服务,公交车站,公交车站相关,
104.46400525368958,25.678316764220586,金秋园小区停车场,金秋家园小区,贵州省,六盘水市,,交通设施服务;停车场;公共停车场,150904,B0L2B5KFT0,交通设施服务,停车场,公共停车场,
104.47577620415693,25.711637377539347,群益大厦地下停车场,江源路与仁和路交叉口西北80米,贵州省,六盘水市,,交通设施服务;停车场;公共停车场,150904,B0HU3UZHI1,交通设施服务,停车场,公共停车场,
104.48625096578606,25.72782074469048,南城小区(公交站),盘县5路;盘州19路;盘州1路,贵州省,六盘水市,,交通设施服务;公交车站;公交车站相关,150700,BV11376942,交通设施服务,公交车站,公交车站相关,
104.51033403484963,25.74357676600912,旧铺居委会(公交站),盘州25路,贵州省,六盘水市,,交通设施服务;公交车站;公交车站相关,150700,BV09188494,交通设施服务,公交车站,公交车站相关,
104.46884828486303,25.69858720742923,盘南电厂小区停车场,金秋路与凤鸣南路交叉口东160米,贵州省,六盘水市,,交通设施服务;停车场;公共停车场,150904,B0MGUGAXLJ,交通设施服务,停车场,公共停车场,
104.47588647091631,25.71170072275351,群益大厦地下停车场(出入口),江源路与仁和路交叉口西北80米,贵州省,六盘水市,,交通设施服务;停车场;停车场出入口,150909,B0HU3UY9P1,交通设施服务,停车场,停车场出入口,
104.49076259942845,25.730267547370506,福泽家园路口(公交站),盘州19路;盘州1路,贵州省,六盘水市,,交通设施服务;公交车站;公交车站相关,150700,BV09467885,交通设施服务,公交车站,公交车站相关,
104.5103420549852,25.743581792532247,石牛(公交站),盘州25路;盘州2路,贵州省,六盘水市,,交通设施服务;公交车站;公交车站相关,150700,BV09448424,交通设施服务,公交车站,公交车站相关,
104.46617714912686,25.649817923988554,韩家洞(公交站),盘县8路;盘州20路,贵州省,六盘水市,,交通设施服务;公交车站;公交车站相关,150700,BV10815305,交通设施服务,公交车站,公交车站相关,
104.50520999877543,25.740946044727146,小岩永攀停车场,320国道与环东线交叉口北340米,贵州省,六盘水市,,交通设施服务;停车场;公共停车场,150904,B0FFFGLSH1,交通设施服务,停车场,公共停车场,
104.46838612189399,25.701256426726893,市法院(公交站),盘县10路;盘县3路;盘州20路;盘州24路;盘州7路,贵州省,六盘水市,亦资,交通设施服务;公交车站;公交车站相关,150700,BV09371258,交通设施服务,公交车站,公交车站相关,
104.4632626761644,25.67761551029684,盘州市第八幼儿园(公交站),35路学生专线;盘州35路;盘州35路(盘州市第十四小学),贵州省,六盘水市,,交通设施服务;公交车站;公交车站相关,150700,BV11555768,交通设施服务,公交车站,公交车站相关,
104.46516726661775,25.691811883897593,国际花园酒店(公交站),35路学生专线;盘县12路;盘州17路;盘州19路;盘州35路;盘州35路(盘州市第十四小学),贵州省,六盘水市,,交通设施服务;公交车站;公交车站相关,150700,BV11025883,交通设施服务,公交车站,公交车站相关,
104.46395994369861,25.683714480599075,市中心血库(公交站),盘州17路,贵州省,六盘水市,,交通设施服务;公交车站;公交车站相关,150700,BV09396821,交通设施服务,公交车站,公交车站相关,
104.46516726661775,25.691811883897593,盘州国际花园酒店(公交站),35路学生专线,贵州省,六盘水市,,交通设施服务;公交车站;公交车站相关,150700,BV11371579,交通设施服务,公交车站,公交车站相关,
104.47518571462854,25.712957454359294,市税务局(公交站),盘州24路;盘州7路,贵州省,六盘水市,,交通设施服务;公交车站;公交车站相关,150700,BV09448422,交通设施服务,公交车站,公交车站相关,
104.47517468744559,25.71296742902948,税务局(公交站),盘县11路;盘县14路(环线);盘县15路(环线);盘县15路(盘州市第十四小学);盘县8路;盘州11路(盘州市第十四小学);盘州14路(盘州市第十四小学),贵州省,六盘水市,,交通设施服务;公交车站;公交车站相关,150700,BV10815351,交通设施服务,公交车站,公交车站相关,
104.49575246540135,25.735896741509936,盘龙花园(公交站),盘州2路,贵州省,六盘水市,,交通设施服务;公交车站;公交车站相关,150700,BV11685378,交通设施服务,公交车站,公交车站相关,
104.4674529684513,25.702072399473597,中黔金交盘州分中心(公交站),盘县12路;盘县13路;盘县6路;盘县6路(盘州市第十四小学);盘县9路;盘州17路;盘州22路,贵州省,六盘水市,三圆盘,交通设施服务;公交车站;公交车站相关,150700,BV11070333,交通设施服务,公交车站,公交车站相关,
104.46521037302352,25.691520839385706,盘州国际花园酒店地下停车场,顺成路与金海路交叉口南120米,贵州省,六盘水市,,交通设施服务;停车场;公共停车场,150904,B0IAL72KUA,交通设施服务,停车场,公共停车场,
104.46926114989941,25.700754489853875,东湖大厦地下停车场,竹海东路与凤鸣南路交叉口东南40米,贵州省,六盘水市,,交通设施服务;停车场;公共停车场,150904,B0H1S5IPCX,交通设施服务,停车场,公共停车场,
104.46564941535412,25.68968399441446,盘江电投小区停车场,凤鸣南路409-1红果盘江电投公租房小区,贵州省,六盘水市,,交通设施服务;停车场;公共停车场,150904,B0L1M6F6U7,交通设施服务,停车场,公共停车场,
104.4784996267884,25.71903422693401,盘州职业技术学校(公交站),盘州7路,贵州省,六盘水市,,交通设施服务;公交车站;公交车站相关,150700,BV11376946,交通设施服务,公交车站,公交车站相关,
104.46879809919322,25.70038805174914,东湖大厦停车场,凤鸣南路与竹海东路交叉口南60米,贵州省,六盘水市,,交通设施服务;停车场;公共停车场,150904,B0MG9HP6C7,交通设施服务,停车场,公共停车场,
104.46926215189619,25.700762496899344,东湖大厦地下停车场(出入口),竹海东路与凤鸣南路交叉口东南40米,贵州省,六盘水市,,交通设施服务;停车场;停车场出入口,150909,B0H1S5JJVE,交通设施服务,停车场,停车场出入口,
104.46550302535303,25.691365513381562,盘州国际花园酒店地下停车场(入口),顺成路与金海路交叉口南140米,贵州省,六盘水市,,交通设施服务;停车场;停车场入口,150907,B0IAL707AR,交通设施服务,停车场,停车场入口,
104.49063117011832,25.73248342526796,盘江总医院地面停车场,盘江总医院,贵州省,六盘水市,,交通设施服务;停车场;公共停车场,150904,B0H1AA33TG,交通设施服务,停车场,公共停车场,
104.47542030282142,25.712504860104183,市税务分局(公交站),盘县3路;盘县4路,贵州省,六盘水市,,交通设施服务;公交车站;公交车站相关,150700,BV09477950,交通设施服务,公交车站,公交车站相关,
104.46984138986723,25.703353467227362,湖畔酒店立体停车场,盘州市湖畔酒店(凤鸣中路东),贵州省,六盘水市,凤鸣南路,交通设施服务;停车场;公共停车场,150904,B0FFHJTCAV,交通设施服务,停车场,公共停车场,
104.46953363824649,25.704351185762075,盘州保罗利亚假日酒店地下停车场,凤鸣中路与惠湖巷交叉口北200米,贵州省,六盘水市,凤鸣南路,交通设施服务;停车场;公共停车场,150904,B0I67ZPJSF,交通设施服务,停车场,公共停车场,
104.49651147246306,25.73555082317662,盘龙花园停车场,盘龙花园,贵州省,六盘水市,,交通设施服务;停车场;公共停车场,150904,B0MB5BJNI0,交通设施服务,停车场,公共停车场,
104.4674529684513,25.702072399473597,市电视台(公交站),盘县10路;盘县12路;盘县13路;盘州16路;盘州19路;盘州1路;盘州21路;盘州25路,贵州省,六盘水市,三圆盘,交通设施服务;公交车站;公交车站相关,150700,BV09363561,交通设施服务,公交车站,公交车站相关,
104.46821673351772,25.70130000018969,法院(公交站),盘县14路(环线);盘县15路(环线);盘县15路(盘州市第十四小学);盘县9路;盘州14路(盘州市第十四小学);盘州20路;盘州25路;盘州7路,贵州省,六盘水市,凤鸣南路,交通设施服务;公交车站;公交车站相关,150700,BV10815327,交通设施服务,公交车站,公交车站相关,
104.46500666027113,25.698260944615892,市第三幼儿园(公交站),盘县12路;盘县13路;盘县3路;盘县4路;盘州1路;盘州21路;盘州24路,贵州省,六盘水市,亦资,交通设施服务;公交车站;公交车站相关,150700,BV09363563,交通设施服务,公交车站,公交车站相关,
104.46501081400072,25.69457296294904,市第七中学(公交站),盘县12路;盘州17路;盘州19路,贵州省,六盘水市,凤鸣南路,交通设施服务;公交车站;公交车站相关,150700,BV09396818,交通设施服务,公交车站,公交车站相关,
104.46937331937062,25.70303603549872,蓝湾·汇典停车场,凤鸣中路与竹海东路交叉口北220米,贵州省,六盘水市,凤鸣南路,交通设施服务;停车场;专用停车场,150905,B0G11NBI73,交通设施服务,停车场,专用停车场,
104.467689548902,25.700933403300766,鸿福菜市场停车场,竹海东路70号鸿福农贸市场,贵州省,六盘水市,三圆盘,交通设施服务;停车场;停车场相关,150900,B0K3CA0ANP,交通设施服务,停车场,停车场相关,
104.46701413785095,25.697997027744936,停车场(凤鸣南路),凤鸣南路南方云鼎尚城,贵州省,六盘水市,亦资,交通设施服务;停车场;路边停车场,150906,B0FFHJWS6K,交通设施服务,停车场,路边停车场,
104.46361477902704,25.694349268096445,银杏广场地下停车场,胜境大道705号银杏广场,贵州省,六盘水市,,交通设施服务;停车场;公共停车场,150904,B0H1C73SYS,交通设施服务,停车场,公共停车场,
104.46953363824649,25.704351185762075,盘州保罗利亚假日酒店地下停车场(出入口),亦资街道凤鸣中路168号盘州保罗利亚假日酒店地下停车场,贵州省,六盘水市,凤鸣南路,交通设施服务;停车场;停车场出入口,150909,B0I67ZQDAS,交通设施服务,停车场,停车场出入口,
104.4696498957734,25.704642657985552,盘州东融主题酒店停车场,凤鸣中路与军民路交叉口南180米,贵州省,六盘水市,凤鸣南路,交通设施服务;停车场;公共停车场,150904,B0M60GL5VZ,交通设施服务,停车场,公共停车场,
104.46438557092935,25.691342621814503,顺城怡景小区停车场,凤鸣南路338号顺城怡境小区,贵州省,六盘水市,,交通设施服务;停车场;公共停车场,150904,B0M64CJQFF,交通设施服务,停车场,公共停车场,
104.46859453405827,25.70290488140009,盘州市平靖停车场,亦资街道东河居委会胜境大道465号,贵州省,六盘水市,凤鸣南路,交通设施服务;停车场;停车场相关,150900,B0GR5S1A54,交通设施服务,停车场,停车场相关,
104.46588364677862,25.697041555186107,停车场(龙祥华府北),凤鸣南路与平川路交叉口西南40米,贵州省,六盘水市,凤鸣南路,交通设施服务;停车场;路边停车场,150906,B0FFFGLTFR,交通设施服务,停车场,路边停车场,
104.47521563391713,25.716887731851717,盘州市第九小学(公交站),盘县10路;盘县11路;盘州11路(盘州市第十四小学),贵州省,六盘水市,,交通设施服务;公交车站;公交车站相关,150700,BV11426444,交通设施服务,公交车站,公交车站相关,
104.46747804190743,25.70164523257482,御景园小区停车场,竹海东路与胜境大道交叉口东60米,贵州省,六盘水市,亦资,交通设施服务;停车场;公共停车场,150904,B0LRC4FFW1,交通设施服务,停车场,公共停车场,
104.48185074790959,25.72661616801497,盘江技校(公交站),盘州7路,贵州省,六盘水市,,交通设施服务;公交车站;公交车站相关,150700,BV11376941,交通设施服务,公交车站,公交车站相关,
104.46402363760225,25.69504668528589,银杏广场停车场,金海路与顺成路交叉口西北280米,贵州省,六盘水市,凤鸣南路,交通设施服务;停车场;公共停车场,150904,B0JBKRRV3I,交通设施服务,停车场,公共停车场,
104.49042262014228,25.73261587872159,盘江总医院地面停车场(出入口),盘江总医院地面停车场,贵州省,六盘水市,,交通设施服务;停车场;停车场出入口,150909,B0H1AA3WUZ,交通设施服务,停车场,停车场出入口,
104.46778166719464,25.703249911364914,大浪淘沙假日酒店地下停车点(出入口),大浪淘沙假日酒店地下停车点,贵州省,六盘水市,亦资,交通设施服务;停车场;停车场出入口,150909,B0IBY7611R,交通设施服务,停车场,停车场出入口,
104.46500666027113,25.698260944615892,盘州市第三幼儿园(公交站),盘县13路;盘县6路;盘县6路(盘州市第十四小学);盘州17路;盘州22路;盘州35路;盘州35路(盘州市第十四小学),贵州省,六盘水市,亦资,交通设施服务;公交车站;公交车站相关,150700,BV09036370,交通设施服务,公交车站,公交车站相关,
104.46454567409909,25.697630417189387,检察院(公交站),盘州27路,贵州省,六盘水市,,交通设施服务;公交车站;公交车站相关,150700,BV10815353,交通设施服务,公交车站,公交车站相关,
104.4674168341777,25.703414037304828,大浪淘沙假日酒店地下停车点,红果胜境大道300号大浪淘沙假日酒店,贵州省,六盘水市,亦资,交通设施服务;停车场;公共停车场,150904,B0IBY7860Q,交通设施服务,停车场,公共停车场,
104.46450859681131,25.697534269995447,市检察院(公交站),盘州1路;盘州22路;盘州24路,贵州省,六盘水市,,交通设施服务;公交车站;公交车站相关,150700,BV09264832,交通设施服务,公交车站,公交车站相关,
104.46766542327134,25.702744327514758,梧桐商务宾馆停车场,胜境大道与竹海东路交叉口北160米,贵州省,六盘水市,亦资,交通设施服务;停车场;公共停车场,150904,B0I6HC06EJ,交通设施服务,停车场,公共停车场,
104.46292835272172,25.693058835632407,金融服务中心(公交站),盘县13路;盘县6路;盘州1路;盘州21路;盘州24路;盘州26路(盘州市第十四小学),贵州省,六盘水市,,交通设施服务;公交车站;公交车站相关,150700,BV09264830,交通设施服务,公交车站,公交车站相关,
104.46560087473108,25.700733824599485,轩华大厦停车场,竹海西路11号5栋轩华大厦,贵州省,六盘水市,三圆盘,交通设施服务;停车场;公共停车场,150904,B0HRFA2DEC,交通设施服务,停车场,公共停车场,
104.46921885152109,25.70588718417968,审计局宿舍停车场,审计局宿舍,贵州省,六盘水市,亦资,交通设施服务;停车场;公共停车场,150904,B0MBYG4S4Y,交通设施服务,停车场,公共停车场,
104.46745278488336,25.70674796159404,胜境大道中(公交站),盘县10路;盘县12路;盘县13路;盘县5路;盘县6路;盘县6路(盘州市第十四小学);盘县9路;盘州16路;盘州17路;盘州1路;盘州21路;盘州22路;盘州25路,贵州省,六盘水市,凤鸣南路,交通设施服务;公交车站;公交车站相关,150700,BV10815070,交通设施服务,公交车站,公交车站相关,
104.46289127725521,25.692958688309787,盘州金融服务中心(公交站),盘县13路;盘县5路;盘县6路(盘州市第十四小学);盘州22路;盘州35路;盘州35路(盘州市第十四小学),贵州省,六盘水市,,交通设施服务;公交车站;公交车站相关,150700,BV11070334,交通设施服务,公交车站,公交车站相关,
104.46359172867076,25.69436321701126,银杏广场停车场 (入口),胜境大道559号,贵州省,六盘水市,,交通设施服务;停车场;停车场入口,150907,B0IRAHWLR2,交通设施服务,停车场,停车场入口,
104.50916495060872,25.746505034817684,欧亚达建材家居(公交站),盘州25路;盘州2路,贵州省,六盘水市,,交通设施服务;公交车站;公交车站相关,150700,BV11685380,交通设施服务,公交车站,公交车站相关,
104.4675871409134,25.705423588266427,盘州市交通局(公交站),盘县12路;盘县13路;盘县6路;盘县6路(盘州市第十四小学);盘县9路,贵州省,六盘水市,凤鸣南路,交通设施服务;公交车站;公交车站相关,150700,BV09091381,交通设施服务,公交车站,公交车站相关,
104.46570313641152,25.69983960341335,格林祥瑞酒店地下停车场,胜境大道与金秋路交叉口东北20米,贵州省,六盘水市,亦资,交通设施服务;停车场;公共停车场,150904,B0I675PKZ0,交通设施服务,停车场,公共停车场,
104.46574115370062,25.70154963315769,市交警大队(公交站),盘州16路;盘州20路;盘州7路,贵州省,六盘水市,亦资,交通设施服务;公交车站;公交车站相关,150700,BV11226575,交通设施服务,公交车站,公交车站相关,
104.47227864467571,25.715202644471123,蛾螂铺大桥(公交站),盘县14路(环线);盘县15路(环线);盘县15路(盘州市第十四小学);盘州14路(盘州市第十四小学);盘州16路;盘州7路,贵州省,六盘水市,,交通设施服务;公交车站;公交车站相关,150700,BV10815330,交通设施服务,公交车站,公交车站相关,
104.46549671656115,25.698887551010394,建中大厦停车场,胜境大道与金秋路交叉口南80米,贵州省,六盘水市,亦资,交通设施服务;停车场;路边停车场,150906,B0MB6UNOC0,交通设施服务,停车场,路边停车场,
104.46607697123758,25.69973651952586,停车场,胜境大道与金秋路交叉口东60米,贵州省,六盘水市,凤鸣南路,交通设施服务;停车场;公共停车场,150904,B0JB6RKE3E,交通设施服务,停车场,公共停车场,
104.46757511229494,25.705458575704725,市交通局(公交站),盘县10路;盘州16路;盘州19路;盘州1路;盘州21路;盘州22路;盘州25路,贵州省,六盘水市,凤鸣南路,交通设施服务;公交车站;公交车站相关,150700,BV09396822,交通设施服务,公交车站,公交车站相关,
104.48188790630482,25.72496633837447,翰林农贸市场停车场,翰林农贸市场,贵州省,六盘水市,,交通设施服务;停车场;公共停车场,150904,B0L2SN4MWA,交通设施服务,停车场,公共停车场,
104.46333825621461,25.69246955625806,宏财投资大厦地下停车场,宏财投资大厦,贵州省,六盘水市,,交通设施服务;停车场;公共停车场,150904,B0H26SZBI7,交通设施服务,停车场,公共停车场,
104.46570313641152,25.69983960341335,格林祥瑞酒店地下停车场(出入口),胜境大道与金秋路交叉口东北20米,贵州省,六盘水市,亦资,交通设施服务;停车场;停车场出入口,150909,B0I675PZFP,交通设施服务,停车场,停车场出入口,
104.46944934278048,25.706923372233604,晋程教育停车场,凤鸣中路99号,贵州省,六盘水市,凤鸣南路,交通设施服务;停车场;公共停车场,150904,B0L1MKFW6V,交通设施服务,停车场,公共停车场,
104.46492045841713,25.69857689377188,第三幼儿园(公交站),盘县26路;盘州26路(盘州市第十四小学),贵州省,六盘水市,丹霞,交通设施服务;公交车站;公交车站相关,150700,BV11648839,交通设施服务,公交车站,公交车站相关,
104.4656309557191,25.70036770333235,轩华大厦停车场(出入口),轩华大厦停车场,贵州省,六盘水市,三圆盘,交通设施服务;停车场;停车场出入口,150909,B0HRFA2KV0,交通设施服务,停车场,停车场出入口,
104.48235592431443,25.729332185372606,盘州四小(公交站),六盘水-盘州;盘县12路;盘县13路;盘县14路(环线);盘县15路(环线);盘县15路(盘州市第十四小学);盘县5路;盘县9路;盘州14路(盘州市第十四小学),贵州省,六盘水市,,交通设施服务;公交车站;公交车站相关,150700,BV11070559,交通设施服务,公交车站,公交车站相关,
104.46765717726534,25.708547493302756,合力生活广场地下停车场,胜境大道与兴华东路交叉口东北80米,贵州省,六盘水市,凤鸣南路,交通设施服务;停车场;公共停车场,150904,B0HRUCHBJS,交通设施服务,停车场,公共停车场,
104.47327506430118,25.71404374264146,金江园停车场,江源路南100米金江园小区,贵州省,六盘水市,,交通设施服务;停车场;专用停车场,150905,B0FFHJTN3B,交通设施服务,停车场,专用停车场,
104.46502156861065,25.701434708400562,交警大队(公交站),盘县26路;盘州26路(盘州市第十四小学);盘州35路;盘州35路(盘州市第十四小学),贵州省,六盘水市,三圆盘,交通设施服务;公交车站;公交车站相关,150700,BV11025891,交通设施服务,公交车站,公交车站相关,
104.46505175479142,25.69838012551846,临时站(公交站),盘县5路,贵州省,六盘水市,亦资,交通设施服务;公交车站;公交车站相关,150700,BV09259209,交通设施服务,公交车站,公交车站相关,
104.459235500709,25.67117519769191,仁和村路口(公交站),盘州19路,贵州省,六盘水市,,交通设施服务;公交车站;公交车站相关,150700,BV11115288,交通设施服务,公交车站,公交车站相关,
104.50977349225948,25.746698943580213,欧亚达建材家居(盘州店)-停车场,两河新区旧铺欧亚达建材家居(盘州店),贵州省,六盘水市,,交通设施服务;停车场;公共停车场,150904,B0MD6492SD,交通设施服务,停车场,公共停车场,
104.47299835209917,25.715343703753717,观月广场地下停车场,公园路与团结东路交叉口东北460米,贵州省,六盘水市,,交通设施服务;停车场;公共停车场,150904,B0HU3M092R,交通设施服务,停车场,公共停车场,
104.46359874256866,25.694395252080266,银杏广场地下停车场(入口),银杏广场地下停车场,贵州省,六盘水市,,交通设施服务;停车场;停车场入口,150907,B0H1C74MB4,交通设施服务,停车场,停车场入口,
104.46949136318874,25.708882565478167,国强大厦A栋地下停车场,环湖路与凤鸣中路交叉口东南80米,贵州省,六盘水市,凤鸣南路,交通设施服务;停车场;公共停车场,150904,B0H2FRLJ2O,交通设施服务,停车场,公共停车场,
104.46617109486074,25.701933961553085,人保大厦停车场,竹海西路与胜境大道交叉口北60米,贵州省,六盘水市,三圆盘,交通设施服务;停车场;公共停车场,150904,B0H2UUP9P9,交通设施服务,停车场,公共停车场,
104.46241701733307,25.699269902464863,盘州市第二人民医院停车场,民福路88号盘州市第二人民医院,贵州省,六盘水市,亦资,交通设施服务;停车场;公共停车场,150904,B0H1S5IHPI,交通设施服务,停车场,公共停车场,
104.46838583893961,25.708466380762783,合力生活广场停车场,凤鸣中路与环湖路交叉口西南100米,贵州省,六盘水市,凤鸣南路,交通设施服务;停车场;公共停车场,150904,B0HRUCIGPX,交通设施服务,停车场,公共停车场,
104.46757511229494,25.705458575704725,盘州市交通运输局(公交站),盘州17路,贵州省,六盘水市,凤鸣南路,交通设施服务;公交车站;公交车站相关,150700,BV09387505,交通设施服务,公交车站,公交车站相关,
104.46066879380504,25.6877703770078,南湖公园南(公交站),盘县13路;盘县6路;盘县6路(盘州市第十四小学);盘州1路;盘州22路;盘州24路;盘州26路(盘州市第十四小学),贵州省,六盘水市,,交通设施服务;公交车站;公交车站相关,150700,BV10815300,交通设施服务,公交车站,公交车站相关,
104.46433819754526,25.69822820910545,恒宇大厦停车场,平川西路与胜境大道交叉口西北60米,贵州省,六盘水市,丹霞,交通设施服务;停车场;公共停车场,150904,B0HRLS032H,交通设施服务,停车场,公共停车场,
104.48113389202808,25.727700707520125,市第四小学(公交站),盘县12路;盘州19路;盘州1路;盘州21路;盘州22路;盘州24路,贵州省,六盘水市,,交通设施服务;公交车站;公交车站相关,150700,BV09264831,交通设施服务,公交车站,公交车站相关,
104.46388527925181,25.69652613064071,南湖御景地下停车场(入口),胜境大道与平川西路交叉口西南160米,贵州省,六盘水市,,交通设施服务;停车场;停车场入口,150907,B0JARC7IRI,交通设施服务,停车场,停车场入口,
104.46574115370062,25.70154963315769,交警队(公交站),盘县14路(环线),贵州省,六盘水市,亦资,交通设施服务;公交车站;公交车站相关,150700,BV09387333,交通设施服务,公交车站,公交车站相关,
104.48600615951611,25.732309590413156,电力小区(公交站),盘县14路(环线);盘县15路(环线);盘县15路(盘州市第十四小学);盘县5路;盘州14路(盘州市第十四小学);盘州19路;盘州1路;盘州7路,贵州省,六盘水市,,交通设施服务;公交车站;公交车站相关,150700,BV10815346,交通设施服务,公交车站,公交车站相关,
104.46144536691968,25.688999951540936,金城明珠地下停车场,金城明珠,贵州省,六盘水市,,交通设施服务;停车场;专用停车场,150905,B0L01OGWYI,交通设施服务,停车场,专用停车场,
104.46808623224345,25.706505504204234,贵州省电信公司盘州市电信局停车场,盘州市电信局,贵州省,六盘水市,凤鸣南路,交通设施服务;停车场;公共停车场,150904,B0L3ARVNSI,交通设施服务,停车场,公共停车场,
104.46187719106605,25.69116818418581,南湖壹号停车场,胜境大道与文笔路交叉口西南100米,贵州省,六盘水市,,交通设施服务;停车场;公共停车场,150904,B0HR0ZTQ9L,交通设施服务,停车场,公共停车场,
104.46919769027909,25.70876071053311,国强大厦停车场,凤鸣中路与环湖路交叉口东南60米,贵州省,六盘水市,凤鸣南路,交通设施服务;停车场;专用停车场,150905,B0L19LI3SX,交通设施服务,停车场,专用停车场,
104.46674912707321,25.708591127022075,供电局(公交站),盘县12路;盘县13路;盘县5路;盘县6路;盘县6路(盘州市第十四小学);盘县9路,贵州省,六盘水市,亦资,交通设施服务;公交车站;公交车站相关,150700,BV10815349,交通设施服务,公交车站,公交车站相关,
104.48174446465899,25.726974063183906,贵州盘江能源技师学院停车场,红果镇贵州盘江能源技师学院,贵州省,六盘水市,,交通设施服务;停车场;公共停车场,150904,B0LRLKLK9T,交通设施服务,停车场,公共停车场,
104.46770628384215,25.708669690602488,合力生活广场地下停车场(入口),胜境大道与兴华东路交叉口东北100米,贵州省,六盘水市,凤鸣南路,交通设施服务;停车场;停车场入口,150907,B0HRUCGHQT,交通设施服务,停车场,停车场入口,
104.46324686055935,25.6975400568486,东河健康体检中心地下停车场,丹霞南路与平川西路交叉口南80米,贵州省,六盘水市,,交通设施服务;停车场;公共停车场,150904,B0IDGATNJ6,交通设施服务,停车场,公共停车场,
104.48326522157564,25.729804106403137,红岩幼儿园(公交站),盘县14路(环线);盘州14路(盘州市第十四小学);盘州19路;盘州1路;盘州7路,贵州省,六盘水市,,交通设施服务;公交车站;公交车站相关,150700,BV11434324,交通设施服务,公交车站,公交车站相关,
104.46634128106791,25.706874113262852,万豪水艺停车场,胜境大道与军民路交叉口西北100米,贵州省,六盘水市,丹霞,交通设施服务;停车场;公共停车场|交通设施服务;停车场;路边停车场,150904|150906,B0FFG69FRT,交通设施服务,停车场,公共停车场|交通设施服务,停车场
104.46913515374467,25.71878512739949,红果汽车站(公交站),盘县11路;盘县13路;盘州11路(盘州市第十四小学);盘州18路;盘州1路,贵州省,六盘水市,,交通设施服务;公交车站;公交车站相关,150700,BV10815083,交通设施服务,公交车站,公交车站相关,
104.46768323478055,25.708587584321474,尚品国际地下停车场,胜境大道215-6号尚品国际,贵州省,六盘水市,凤鸣南路,交通设施服务;停车场;公共停车场,150904,B0HUJH1IVK,交通设施服务,停车场,公共停车场,
104.46697670547601,25.706882782417633,秀城小区停车场,亦资街道办胜境大道中邮政储蓄银行正对面金华大酒店隔壁,贵州省,六盘水市,丹霞,交通设施服务;停车场;专用停车场,150905,B0FFLI97HO,交通设施服务,停车场,专用停车场,
104.46495944886634,25.701005314254857,盘州市公安局交通警察大队停车场,丹霞南路与竹海西路交叉口南60米,贵州省,六盘水市,三圆盘,交通设施服务;停车场;公共停车场,150904,B0MBP51FCC,交通设施服务,停车场,公共停车场,
104.46303849741194,25.69538836722055,华泰阳光大厦地下停车场,胜境大道与平川西路交叉口西南300米,贵州省,六盘水市,,交通设施服务;停车场;公共停车场,150904,B0HRKCCRFL,交通设施服务,停车场,公共停车场,
104.46225269077874,25.698692176769203,二医院(公交站),35路学生专线,贵州省,六盘水市,亦资,交通设施服务;公交车站;公交车站相关,150700,BV10815331,交通设施服务,公交车站,公交车站相关,
104.46674912707321,25.708591127022075,市供电局(公交站),盘县10路;盘州16路;盘州17路;盘州19路;盘州1路;盘州22路;盘州25路,贵州省,六盘水市,亦资,交通设施服务;公交车站;公交车站相关,150700,BV09036655,交通设施服务,公交车站,公交车站相关,
104.46427494150686,25.70123968393899,黔锦假日酒店地下停车场,竹海西路与丹霞南路交叉口西60米,贵州省,六盘水市,丹霞,交通设施服务;停车场;公共停车场,150904,B0H0C7XSJ7,交通设施服务,停车场,公共停车场,
104.47090041817809,25.71460854976699,市第一小学(公交站),盘县3路;盘县4路;盘州16路;盘州24路,贵州省,六盘水市,,交通设施服务;公交车站;公交车站相关,150700,BV09448616,交通设施服务,公交车站,公交车站相关,
104.4657571047208,25.703701850447715,华都商务酒店停车场,丹霞中路与竹海西路交叉口北240米,贵州省,六盘水市,丹霞,交通设施服务;停车场;公共停车场,150904,B035A0NJDZ,交通设施服务,停车场,公共停车场,
104.64312894552685,25.390404436575363,瓦窑田站,[],贵州省,六盘水市,,交通设施服务;火车站;火车站,150200,B0K63MNIID,交通设施服务,火车站,火车站,
104.70047657969768,25.37962007857247,保田站,[],贵州省,六盘水市,,交通设施服务;火车站;火车站,150200,B0LAF7VQY7,交通设施服务,火车站,火车站,
104.70030902556839,25.379707352899644,保田站(进站口),[],贵州省,六盘水市,,交通设施服务;火车站;进站口/检票口,150202,B0L03MC6O4,交通设施服务,火车站,进站口/检票口,
104.70009259612023,25.37998073427581,保田站(出站口),[],贵州省,六盘水市,,交通设施服务;火车站;出站口,150203,B0L02SNP5G,交通设施服务,火车站,出站口,
104.71678726102704,25.410482783732984,保田客运站,246国道与111乡道交叉口西南160米,贵州省,六盘水市,,交通设施服务;长途汽车站;长途汽车站,150400,B0HUPKN6BK,交通设施服务,长途汽车站,长途汽车站,
104.71327730874972,25.408252417851237,露天停车场,246国道与247县道交叉口东北380米,贵州省,六盘水市,,交通设施服务;停车场;停车场相关,150900,B0HANDMT33,交通设施服务,停车场,停车场相关,
104.7143225740966,25.416337796411902,蒋记陈猪脚馆停车场,保田镇街上蒋记陈猪脚肚包肉,贵州省,六盘水市,,交通设施服务;停车场;公共停车场,150904,B0G225VCLM,交通设施服务,停车场,公共停车场,
104.71563663037983,25.41537306910642,祥义餐馆停车场,祥义餐馆,贵州省,六盘水市,,交通设施服务;停车场;公共停车场,150904,B0MBH5IIEH,交通设施服务,停车场,公共停车场,
104.72075476919588,25.41027359935146,保田镇保田小学停车场,保田镇保田小学,贵州省,六盘水市,,交通设施服务;停车场;公共停车场,150904,B0M6VPHOWH,交通设施服务,停车场,公共停车场,
104.74080898568559,25.4038497347295,保田服务区停车场,S77水兴高速与保田服务区交叉口南260米,贵州省,六盘水市,,交通设施服务;停车场;公共停车场,150904,B0FFHO9V0F,交通设施服务,停车场,公共停车场,
104.74201442054195,25.404445561474553,保田服务区停车场,S77水兴高速与保田服务区交叉口东南280米,贵州省,六盘水市,,交通设施服务;停车场;公共停车场,150904,B0FFHOAMQT,交通设施服务,停车场,公共停车场,
105.04911676527996,26.625022082003834,马家营停车区停车场,官家营脚杭瑞高速公路南马家营停车区,贵州省,六盘水市,,交通设施服务;停车场;公共停车场,150904,B0FFGK33V9,交通设施服务,停车场,公共停车场,
105.04780135336154,26.62271754848097,马家营停车区停车场,马家营停车区与G56杭瑞高速交叉口西南480米,贵州省,六盘水市,,交通设施服务;停车场;公共停车场,150904,B0FFGK30PC,交通设施服务,停车场,公共停车场,
105.03538017775793,26.597122020910536,岔河边路口(公交站),凉都37路,贵州省,六盘水市,,交通设施服务;公交车站;公交车站相关,150700,BV09187167,交通设施服务,公交车站,公交车站相关,
105.03209919550119,26.59594810442125,中坡社区(公交站),凉都37路,贵州省,六盘水市,,交通设施服务;公交车站;公交车站相关,150700,BV09383353,交通设施服务,公交车站,公交车站相关,
105.03658066929685,26.593971713160617,董地中心小学(公交站),凉都37路,贵州省,六盘水市,,交通设施服务;公交车站;公交车站相关,150700,BV09185123,交通设施服务,公交车站,公交车站相关,
105.02791635512737,26.592613610058734,小河矿牌坊路口(公交站),凉都37路,贵州省,六盘水市,,交通设施服务;公交车站;公交车站相关,150700,BV09187170,交通设施服务,公交车站,公交车站相关,
105.039493771156,26.58989527999218,大营路口(公交站),凉都37路,贵州省,六盘水市,,交通设施服务;公交车站;公交车站相关,150700,BV09187177,交通设施服务,公交车站,公交车站相关,
105.02495674945669,26.591178416163736,小高炉广场(公交站),凉都37路,贵州省,六盘水市,,交通设施服务;公交车站;公交车站相关,150700,BV09411109,交通设施服务,公交车站,公交车站相关,
105.01941748303297,26.58940365452356,八八煤矿(公交站),凉都37路,贵州省,六盘水市,,交通设施服务;公交车站;公交车站相关,150700,BV09329767,交通设施服务,公交车站,公交车站相关,
104.97837501494652,26.608948559486468,六盘水月照机场,月照社区大坝村,贵州省,六盘水市,,交通设施服务;机场相关;飞机场,150104,B0FFFQ738F,交通设施服务,机场相关,飞机场,
105.03350028268768,26.581600700385884,董地中学(公交站),凉都37路,贵州省,六盘水市,,交通设施服务;公交车站;公交车站相关,150700,BV09187176,交通设施服务,公交车站,公交车站相关,
105.01444941461124,26.58554450455501,小河三岔路(公交站),凉都37路,贵州省,六盘水市,,交通设施服务;公交车站;公交车站相关,150700,BV09221914,交通设施服务,公交车站,公交车站相关,
105.028248661221,26.57798276522709,经开区收费站(公交站),凉都37路,贵州省,六盘水市,,交通设施服务;公交车站;公交车站相关,150700,BV09187169,交通设施服务,公交车站,公交车站相关,
104.96942261247813,26.606923538850715,六盘水月照机场停车场,月照乡华竹林坝子六盘水月照机场,贵州省,六盘水市,,交通设施服务;停车场;公共停车场,150904,B0FFG281HD,交通设施服务,停车场,公共停车场,
104.97000718084583,26.60628787609838,六盘水月照机场航站楼,[],贵州省,六盘水市,,交通设施服务;机场相关;飞机场,150104,B0FFL7YFHE,交通设施服务,机场相关,飞机场,
105.00793466956524,26.582533452937668,木桥居委(公交站),凉都37路,贵州省,六盘水市,,交通设施服务;公交车站;公交车站相关,150700,BV09383347,交通设施服务,公交车站,公交车站相关,
104.96988369586775,26.606407226441263,六盘水月照机场(国内出发),[],贵州省,六盘水市,,交通设施服务;机场相关;机场出发/到达,150105,B0FFL7YFHC,交通设施服务,机场相关,机场出发/到达,
104.97009779030266,26.606482648622112,六盘水月照机场(国内到达),[],贵州省,六盘水市,,交通设施服务;机场相关;机场出发/到达,150105,B0FFL8JPIU,交通设施服务,机场相关,机场出发/到达,
104.97009279778565,26.606791694809235,月照机场(公交站),机场大巴;机场巴士市职院线;机场巴士龙井北路线,贵州省,六盘水市,,交通设施服务;公交车站;公交车站相关,150700,BV11106037,交通设施服务,公交车站,公交车站相关,
104.95080329404836,26.637521191585865,神雕峰停车场,神雕峰,贵州省,六盘水市,,交通设施服务;停车场;公共停车场,150904,B0H3ZZG395,交通设施服务,停车场,公共停车场,
104.96898543000802,26.60729476616323,六盘水月照机场停车场(入口),六盘水月照机场停车场,贵州省,六盘水市,,交通设施服务;停车场;停车场入口,150907,B0HGBLPONE,交通设施服务,停车场,停车场入口,
105.02967115006555,26.571165000759592,新业社区(公交站),凉都29路,贵州省,六盘水市,,交通设施服务;公交车站;公交车站相关,150700,BV11381967,交通设施服务,公交车站,公交车站相关,
105.0267421641095,26.57210392072815,锅儿厂(公交站),29路;凉都29路;凉都37路,贵州省,六盘水市,,交通设施服务;公交车站;公交车站相关,150700,BV09185119,交通设施服务,公交车站,公交车站相关,
105.03379178305516,26.567512872391877,新桥社区(公交站),凉都29路,贵州省,六盘水市,,交通设施服务;公交车站;公交车站相关,150700,BV11381968,交通设施服务,公交车站,公交车站相关,
105.0232490338583,26.567933815188972,新桥社区(公交站),29路,贵州省,六盘水市,,交通设施服务;公交车站;公交车站相关,150700,BV09070057,交通设施服务,公交车站,公交车站相关,
105.03641369563624,26.564217875702074,双元铝业(公交站),29路;凉都29路,贵州省,六盘水市,,交通设施服务;公交车站;公交车站相关,150700,BV11020092,交通设施服务,公交车站,公交车站相关,
105.02523479842415,26.564752847603447,109(公交站),凉都37路,贵州省,六盘水市,,交通设施服务;公交车站;公交车站相关,150700,BV09185122,交通设施服务,公交车站,公交车站相关,
105.02513722755475,26.564327044451915,董地109(公交站),29路;凉都29路;凉都37路,贵州省,六盘水市,,交通设施服务;公交车站;公交车站相关,150700,BV11381972,交通设施服务,公交车站,公交车站相关,
104.95051951444195,26.609750520800798,独山游乐园(公交站),L2路,贵州省,六盘水市,,交通设施服务;公交车站;公交车站相关,150700,BV11507788,交通设施服务,公交车站,公交车站相关,
105.02358686581964,26.56217394752733,老鹰山中学(公交站),凉都37路,贵州省,六盘水市,,交通设施服务;公交车站;公交车站相关,150700,BV09013411,交通设施服务,公交车站,公交车站相关,
104.93987098362923,26.61964457660616,双洞(公交站),火车站-双洞专线,贵州省,六盘水市,,交通设施服务;公交车站;公交车站相关,150700,BV10759105,交通设施服务,公交车站,公交车站相关,
104.96252591479109,26.58450005513607,玉顶村(公交站),31路,贵州省,六盘水市,,交通设施服务;公交车站;公交车站相关,150700,BV11605230,交通设施服务,公交车站,公交车站相关,
105.03136853131775,26.544003914863005,滥坝站,[],贵州省,六盘水市,,交通设施服务;火车站;火车站,150200,B035A0NJCX,交通设施服务,火车站,火车站,
105.03073999363541,26.545577836402362,滥坝火车站(公交站),凉都37路,贵州省,六盘水市,,交通设施服务;公交车站;公交车站相关,150700,BV09185117,交通设施服务,公交车站,公交车站相关,
104.92138378879791,26.62630889035918,六盘水恒顺通驾校停车场,恒顺通机动车驾驶员技能考试中心南侧170米,贵州省,六盘水市,,交通设施服务;停车场;公共停车场,150904,B0MB4KXZ7H,交通设施服务,停车场,公共停车场,
105.03371410293823,26.545638267270828,堰湖(公交站),凉都29路,贵州省,六盘水市,,交通设施服务;公交车站;公交车站相关,150700,BV09221230,交通设施服务,公交车站,公交车站相关,
105.03443133906045,26.54431622557832,经开区第三人民医院(公交站),29路,贵州省,六盘水市,,交通设施服务;公交车站;公交车站相关,150700,BV09331997,交通设施服务,公交车站,公交车站相关,
104.9209247564551,26.627811457736527,六盘水恒顺通驾校停车场,恒顺通机动车驾驶员技能考试中心西南侧,贵州省,六盘水市,,交通设施服务;停车场;公共停车场,150904,B0MBPN0EHY,交通设施服务,停车场,公共停车场,
104.94564745352753,26.58817121083529,金钟村(公交站),31路,贵州省,六盘水市,,交通设施服务;公交车站;公交车站相关,150700,BV11605229,交通设施服务,公交车站,公交车站相关,
105.03781044248379,26.54037723280839,老鹰山街道办(公交站),29路;凉都29路;凉都37路,贵州省,六盘水市,,交通设施服务;公交车站;公交车站相关,150700,BV09230160,交通设施服务,公交车站,公交车站相关,
105.03731530745034,26.540961531450343,水城区人民医院经开区分院(公交站),凉都37路,贵州省,六盘水市,,交通设施服务;公交车站;公交车站相关,150700,BV09187172,交通设施服务,公交车站,公交车站相关,
105.04055525967252,26.53719317744,滥坝技校(公交站),凉都37路,贵州省,六盘水市,,交通设施服务;公交车站;公交车站相关,150700,BV09185116,交通设施服务,公交车站,公交车站相关,
105.04128554214891,26.537519575129476,水城职校(公交站),凉都37路,贵州省,六盘水市,,交通设施服务;公交车站;公交车站相关,150700,BV10650112,交通设施服务,公交车站,公交车站相关,
104.93859630016834,26.58818838131629,污水处理厂(公交站),31路,贵州省,六盘水市,,交通设施服务;公交车站;公交车站相关,150700,BV11605231,交通设施服务,公交车站,公交车站相关,
105.04225403226177,26.536592204673827,水矿技校(公交站),29路;凉都29路,贵州省,六盘水市,,交通设施服务;公交车站;公交车站相关,150700,BV11020094,交通设施服务,公交车站,公交车站相关,
105.06079065898493,26.532913314315152,广义宏驾校(公交站),29路,贵州省,六盘水市,,交通设施服务;公交车站;公交车站相关,150700,BV09425064,交通设施服务,公交车站,公交车站相关,
105.04191740455417,26.53355534201214,尖山小学(公交站),凉都37路,贵州省,六盘水市,,交通设施服务;公交车站;公交车站相关,150700,BV09013409,交通设施服务,公交车站,公交车站相关,
105.06079065898493,26.532913314315152,广义宏驾校(临时站)(公交站),凉都29路,贵州省,六盘水市,,交通设施服务;公交车站;公交车站相关,150700,BV11675228,交通设施服务,公交车站,公交车站相关,
105.04748566275484,26.53244112041604,科技研发中心(公交站),29路;凉都29路,贵州省,六盘水市,,交通设施服务;公交车站;公交车站相关,150700,BV09227985,交通设施服务,公交车站,公交车站相关,
105.03166525751972,26.524117075327496,六盘水东站,[],贵州省,六盘水市,,交通设施服务;火车站;火车站,150200,B0FFKP87HM,交通设施服务,火车站,火车站,
105.06429120088691,26.527815157318443,花泥巴(公交站),29路;凉都29路,贵州省,六盘水市,,交通设施服务;公交车站;公交车站相关,150700,BV11287375,交通设施服务,公交车站,公交车站相关,
105.03155868205332,26.52419136505413,六盘水东站(进站口),[],贵州省,六盘水市,,交通设施服务;火车站;进站口/检票口,150202,B0GRM706Q6,交通设施服务,火车站,进站口/检票口,
105.02951588746983,26.52556896585918,六盘水东站东停车场,[],贵州省,六盘水市,,交通设施服务;停车场;公共停车场,150904,B0GRM71NMD,交通设施服务,停车场,公共停车场,
105.04145630656116,26.529062444933746,尖山中学(公交站),凉都37路,贵州省,六盘水市,,交通设施服务;公交车站;公交车站相关,150700,BV09013412,交通设施服务,公交车站,公交车站相关,
104.93455781040046,26.578240664803417,水泥厂小区(公交站),31路,贵州省,六盘水市,,交通设施服务;公交车站;公交车站相关,150700,BV10814075,交通设施服务,公交车站,公交车站相关,
105.03122596557265,26.525377479306098,六盘水高铁东站(公交站),凉都37路,贵州省,六盘水市,,交通设施服务;公交车站;公交车站相关,150700,BV09185121,交通设施服务,公交车站,公交车站相关,
105.03257960469179,26.524020720902104,六盘水东站(出站口),[],贵州省,六盘水市,,交通设施服务;火车站;出站口,150203,B0H6YY8E8M,交通设施服务,火车站,出站口,
104.92090436031701,26.591014733402027,新华中学(公交站),L2路,贵州省,六盘水市,,交通设施服务;公交车站;公交车站相关,150700,BV09340895,交通设施服务,公交车站,公交车站相关,
105.04492697198984,26.524594825750725,滥坝四岔路口(公交站),凉都37路,贵州省,六盘水市,,交通设施服务;公交车站;公交车站相关,150700,BV09216424,交通设施服务,公交车站,公交车站相关,
105.03122596557265,26.525377479306098,六盘水东站(公交站),29路;凉都29路,贵州省,六盘水市,,交通设施服务;公交车站;公交车站相关,150700,BV11390136,交通设施服务,公交车站,公交车站相关,
105.0392437246706,26.52508068405207,水钢水泥厂(公交站),凉都37路,贵州省,六盘水市,,交通设施服务;公交车站;公交车站相关,150700,BV09187175,交通设施服务,公交车站,公交车站相关,
104.97716418258804,26.544067547774596,明硐湖国际新城(二期)东门(公交站),30路,贵州省,六盘水市,,交通设施服务;公交车站;公交车站相关,150700,BV09345617,交通设施服务,公交车站,公交车站相关,
104.9594436394932,26.54941518438667,水城区财政局(公交站),29路;30路;35路;40路;L3路;凉都14路;凉都29路,贵州省,六盘水市,,交通设施服务;公交车站;公交车站相关,150700,BV09070054,交通设施服务,公交车站,公交车站相关,
104.96545772277462,26.545949212744503,明硐社区(公交站),1路;29路;L3路;凉都14路,贵州省,六盘水市,,交通设施服务;公交车站;公交车站相关,150700,BV09225424,交通设施服务,公交车站,公交车站相关,
104.96344579134262,26.548364900963065,水城区政务中心(公交站),1路;29路;30路;35路;40路;L3路;凉都14路;凉都29路,贵州省,六盘水市,,交通设施服务;公交车站;公交车站相关,150700,BV09070058,交通设施服务,公交车站,公交车站相关,
105.0311273497565,26.525661795195866,六盘水东站西停车场,246国道与东红大道交叉口西380米,贵州省,六盘水市,,交通设施服务;停车场;公共停车场,150904,B0L65ANNF7,交通设施服务,停车场,公共停车场,
104.96396373167283,26.547601421099216,六盘水市水城区人民政府政务服务中心停车场,双水大道23号,贵州省,六盘水市,,交通设施服务;停车场;公共停车场,150904,B0LDOC1REM,交通设施服务,停车场,公共停车场,
105.03009058931342,26.524687271665602,六盘水市水城区公安局交通警察大队车辆管理所地上停车场,246国道与东红大道交叉口西500米,贵州省,六盘水市,,交通设施服务;停车场;公共停车场,150904,B0MBTSB177,交通设施服务,停车场,公共停车场,
104.96348064114436,26.548585852102594,区政务中心(公交站),41路,贵州省,六盘水市,,交通设施服务;公交车站;公交车站相关,150700,BV11558700,交通设施服务,公交车站,公交车站相关,
105.05335462372359,26.52294068160836,五里桥(公交站),29路;凉都29路,贵州省,六盘水市,,交通设施服务;公交车站;公交车站相关,150700,BV11287371,交通设施服务,公交车站,公交车站相关,
104.95966179654233,26.549178602582536,水城区人大(公交站),1路;1路(周二);30路,贵州省,六盘水市,,交通设施服务;公交车站;公交车站相关,150700,BV09070062,交通设施服务,公交车站,公交车站相关,
104.96396574292547,26.547156332749527,水城区政务大厅(公交站),35路,贵州省,六盘水市,,交通设施服务;公交车站;公交车站相关,150700,BV09043292,交通设施服务,公交车站,公交车站相关,
104.95636648114979,26.549946722009924,水城区政府(公交站),29路;30路;35路;40路;L3路;凉都14路,贵州省,六盘水市,,交通设施服务;公交车站;公交车站相关,150700,BV09036350,交通设施服务,公交车站,公交车站相关,
104.95730085389994,26.551301740409922,停车场,南苑路与双水大道交叉口北180米,贵州省,六盘水市,,交通设施服务;停车场;公共停车场,150904,B0G2AD63FO,交通设施服务,停车场,公共停车场,
104.95239554465518,26.54424681531278,车之家(公交站),1路;1路(周二);21路;29路;2路;35路;3路;40路;41路;L3路;凉都14路;凉都29路,贵州省,六盘水市,,交通设施服务;公交车站;公交车站相关,150700,BV10638523,交通设施服务,公交车站,公交车站相关,
104.95022293891127,26.555002581401606,锦绣名门东(公交站),2路,贵州省,六盘水市,,交通设施服务;公交车站;公交车站相关,150700,BV09211083,交通设施服务,公交车站,公交车站相关,
104.95610647511769,26.54979931030115,天奕栖凤苑(公交站),30路,贵州省,六盘水市,,交通设施服务;公交车站;公交车站相关,150700,BV09070059,交通设施服务,公交车站,公交车站相关,
104.90871556528509,26.597082940035705,三块田社区(公交站),凉都17路,贵州省,六盘水市,,交通设施服务;公交车站;公交车站相关,150700,BV09199520,交通设施服务,公交车站,公交车站相关,
104.98018341580877,26.5328005559875,以朵安置小区(公交站),21路;29路;2路;3路;41路;凉都29路,贵州省,六盘水市,,交通设施服务;公交车站;公交车站相关,150700,BV10650099,交通设施服务,公交车站,公交车站相关,
104.95283563632444,26.551074098593908,合力超市(雨田境界店停车场),人民路与钟山大道交叉口西北60米,贵州省,六盘水市,,交通设施服务;停车场;公共停车场,150904,B0KG05943W,交通设施服务,停车场,公共停车场,
104.96490804715893,26.544124306905353,百花园(公交站),35路,贵州省,六盘水市,,交通设施服务;公交车站;公交车站相关,150700,BV09218510,交通设施服务,公交车站,公交车站相关,
104.94180556506892,26.55562764798497,六盘水市一中(公交站),2路;41路,贵州省,六盘水市,,交通设施服务;公交车站;公交车站相关,150700,BV11219518,交通设施服务,公交车站,公交车站相关,
104.99788282074917,26.52833554641451,六盘水幼师专(公交站),21路;29路;2路,贵州省,六盘水市,,交通设施服务;公交车站;公交车站相关,150700,BV09061506,交通设施服务,公交车站,公交车站相关,
104.95270510312538,26.551365445727065,雨田·境界停车场,雨田·境界,贵州省,六盘水市,,交通设施服务;停车场;公共停车场,150904,B0HU3ZZFTZ,交通设施服务,停车场,公共停车场,
104.95301098644515,26.55118772306118,水城区委党校(公交站),2路;40路,贵州省,六盘水市,,交通设施服务;公交车站;公交车站相关,150700,BV09135941,交通设施服务,公交车站,公交车站相关,
104.98731663624721,26.530986046687442,外国语学校(公交站),21路;2路;3路;凉都29路,贵州省,六盘水市,,交通设施服务;公交车站;公交车站相关,150700,BV10875659,交通设施服务,公交车站,公交车站相关,
104.95275411881019,26.546834499513555,世纪佳苑(公交站),1路;1路(周二);21路;29路;2路;35路;3路;40路;41路;L3路;凉都14路;凉都29路,贵州省,六盘水市,,交通设施服务;公交车站;公交车站相关,150700,BV10638513,交通设施服务,公交车站,公交车站相关,
104.95013545254045,26.550337933503105,塞纳华城(公交站),1路;1路(周二);21路;30路;3路,贵州省,六盘水市,,交通设施服务;公交车站;公交车站相关,150700,BV10879134,交通设施服务,公交车站,公交车站相关,
104.99788282074917,26.52833554641451,市幼师专科学校(公交站),21路;3路,贵州省,六盘水市,,交通设施服务;公交车站;公交车站相关,150700,BV09061505,交通设施服务,公交车站,公交车站相关,
104.98763818964382,26.53091806807095,住武社区(公交站),29路,贵州省,六盘水市,,交通设施服务;公交车站;公交车站相关,150700,BV09425062,交通设施服务,公交车站,公交车站相关,
104.96372794032675,26.541750916195767,水城区卫健局(公交站),1路;35路;凉都37路,贵州省,六盘水市,,交通设施服务;公交车站;公交车站相关,150700,BV09043291,交通设施服务,公交车站,公交车站相关,
104.94042394467158,26.556475323098752,水城区五小(公交站),40路,贵州省,六盘水市,,交通设施服务;公交车站;公交车站相关,150700,BV09135943,交通设施服务,公交车站,公交车站相关,
104.94991026231801,26.550187392437383,贵阳银行(公交站),1路;1路(周二);21路;30路;3路;40路,贵州省,六盘水市,,交通设施服务;公交车站;公交车站相关,150700,BV11124493,交通设施服务,公交车站,公交车站相关,
104.95510759448634,26.5417631349769,织金街社区停车场,诚信路与龙泉路交叉口东南40米,贵州省,六盘水市,,交通设施服务;停车场;专用停车场,150905,B0FFK4GVNU,交通设施服务,停车场,专用停车场,
104.94693865834363,26.55054270807227,世纪雅苑(公交站),1路;1路(周二);21路;30路;3路;40路;41路,贵州省,六盘水市,,交通设施服务;公交车站;公交车站相关,150700,BV10638525,交通设施服务,公交车站,公交车站相关,
104.94444196225189,26.55437940080748,锦绣名门(公交站),2路;40路;41路,贵州省,六盘水市,,交通设施服务;公交车站;公交车站相关,150700,BV11219519,交通设施服务,公交车站,公交车站相关,
104.92846396993461,26.569425080107198,返修桥(公交站),31路,贵州省,六盘水市,,交通设施服务;公交车站;公交车站相关,150700,BV10814067,交通设施服务,公交车站,公交车站相关,
104.93781920988646,26.55247217203731,双水站,[],贵州省,六盘水市,,交通设施服务;火车站;火车站,150200,B0G2AU6HFM,交通设施服务,火车站,火车站,
104.97491346257279,26.532702708228594,市二十三中(公交站),21路;29路;2路;3路;凉都29路,贵州省,六盘水市,,交通设施服务;公交车站;公交车站相关,150700,BV11219521,交通设施服务,公交车站,公交车站相关,
104.92358397296279,26.572668419564103,市十一中(公交站),31路,贵州省,六盘水市,,交通设施服务;公交车站;公交车站相关,150700,BV11583750,交通设施服务,公交车站,公交车站相关,
104.94230197083691,26.55532966953818,市一中(公交站),40路,贵州省,六盘水市,,交通设施服务;公交车站;公交车站相关,150700,BV09231222,交通设施服务,公交车站,公交车站相关,
104.95836208024738,26.544019819084614,金山路口(公交站),1路(周二),贵州省,六盘水市,,交通设施服务;公交车站;公交车站相关,150700,BV10472615,交通设施服务,公交车站,公交车站相关,
104.94182849813431,26.555462576431133,六盘水市第一中学(公交站),2路,贵州省,六盘水市,,交通设施服务;公交车站;公交车站相关,150700,BV09522671,交通设施服务,公交车站,公交车站相关,
104.93357838118472,26.560546408096638,奔牛食品公司(公交站),2路,贵州省,六盘水市,,交通设施服务;公交车站;公交车站相关,150700,BV11219516,交通设施服务,公交车站,公交车站相关,
104.93752585538931,26.558254685005878,六盘水市中医医院(公交站),2路,贵州省,六盘水市,,交通设施服务;公交车站;公交车站相关,150700,BV09329768,交通设施服务,公交车站,公交车站相关,
104.95245914620148,26.548086396603036,双水停车场,腾庆路与水城大道交叉口西北60米,贵州省,六盘水市,,交通设施服务;停车场;路边停车场|交通设施服务;停车场;公共停车场,150906|150904,B035A009CA,交通设施服务,停车场,路边停车场|交通设施服务,停车场
104.91700037573418,26.574892953531062,市车管所理论考场(公交站),L2路,贵州省,六盘水市,,交通设施服务;公交车站;公交车站相关,150700,BV09392455,交通设施服务,公交车站,公交车站相关,
104.95648936097585,26.541923915407207,滥坝派出所(公交站),凉都37路,贵州省,六盘水市,,交通设施服务;公交车站;公交车站相关,150700,BV11393765,交通设施服务,公交车站,公交车站相关,
104.92993062590322,26.55689005263604,塔山路口(公交站),1路;1路(周二);21路;30路;3路,贵州省,六盘水市,,交通设施服务;公交车站;公交车站相关,150700,BV10639282,交通设施服务,公交车站,公交车站相关,
104.91747951211602,26.5721061478482,月照乡政府(公交站),31路,贵州省,六盘水市,,交通设施服务;公交车站;公交车站相关,150700,BV11145448,交通设施服务,公交车站,公交车站相关,
104.91594379716356,26.567811677723373,九洞桥(公交站),2路;31路;3路;L2路,贵州省,六盘水市,,交通设施服务;公交车站;公交车站相关,150700,BV10814065,交通设施服务,公交车站,公交车站相关,
104.92712154531617,26.56662434724245,俊义停车场,金竹大道,贵州省,六盘水市,,交通设施服务;停车场;停车场相关,150900,B0FFH28M79,交通设施服务,停车场,停车场相关,
104.94025365684362,26.5524139100694,双水汽贸城(公交站),1路;1路(周二);21路;30路;3路;40路;41路,贵州省,六盘水市,,交通设施服务;公交车站;公交车站相关,150700,BV10638516,交通设施服务,公交车站,公交车站相关,
104.95259400221788,26.539976540562073,水城区供电局(公交站),21路;29路;2路;35路;3路;40路;L3路;凉都37路,贵州省,六盘水市,,交通设施服务;公交车站;公交车站相关,150700,BV09025411,交通设施服务,公交车站,公交车站相关,
104.95654514255278,26.542062809899704,双水派出所(公交站),1路;1路(周二);凉都37路,贵州省,六盘水市,,交通设施服务;公交车站;公交车站相关,150700,BV09185125,交通设施服务,公交车站,公交车站相关,
104.90298406858294,26.595275382466234,水钢技师学院(公交站),6路;凉都17路,贵州省,六盘水市,,交通设施服务;公交车站;公交车站相关,150700,BV11124491,交通设施服务,公交车站,公交车站相关,
104.89919666636118,26.59687286540712,三块田(公交站),6路;凉都17路,贵州省,六盘水市,,交通设施服务;公交车站;公交车站相关,150700,BV10649016,交通设施服务,公交车站,公交车站相关,
104.95224505154016,26.54524834308684,车之家停车场,水城大道与金山北巷交叉口西40米,贵州省,六盘水市,,交通设施服务;停车场;公共停车场,150904,B035A00O0O,交通设施服务,停车场,公共停车场,
104.95324338949342,26.545176079830902,停车场,金山北巷与金山西巷交叉口西20米,贵州省,六盘水市,,交通设施服务;停车场;路边停车场,150906,B0FFHJV90S,交通设施服务,停车场,路边停车场,
105.02937289392075,26.51639229221962,以朵二号隧道路口(公交站),29路;凉都29路,贵州省,六盘水市,,交通设施服务;公交车站;公交车站相关,150700,BV11287374,交通设施服务,公交车站,公交车站相关,
104.92608542123732,26.560290570686664,水泥厂路口(公交站),1路;1路(周二);21路;2路;30路;3路;41路;机场大巴,贵州省,六盘水市,,交通设施服务;公交车站;公交车站相关,150700,BV09123905,交通设施服务,公交车站,公交车站相关,
104.92608043382877,26.560286575993022,水泥厂路口(钟山大道)(公交站),3路,贵州省,六盘水市,,交通设施服务;公交车站;公交车站相关,150700,BV09070052,交通设施服务,公交车站,公交车站相关,
104.95585677010246,26.541740375475868,豪林酒店地下停车场,沙龙巷与诚信路交叉口东南20米,贵州省,六盘水市,,交通设施服务;停车场;公共停车场,150904,B0I6Y5RJLE,交通设施服务,停车场,公共停车场,
104.93411312214012,26.554136478503203,市十九中(公交站),1路;1路(周二);21路;30路;3路;40路;41路,贵州省,六盘水市,,交通设施服务;公交车站;公交车站相关,150700,BV11124495,交通设施服务,公交车站,公交车站相关,
104.95322957581713,26.542041509037833,金兰湾(公交站),凉都37路,贵州省,六盘水市,,交通设施服务;公交车站;公交车站相关,150700,BV09187173,交通设施服务,公交车站,公交车站相关,
104.95152979687934,26.54194229894038,环球购物广场停车场,环球购物广场,贵州省,六盘水市,,交通设施服务;停车场;公共停车场,150904,B0H1OHS5A8,交通设施服务,停车场,公共停车场,
104.95088511423008,26.54221577113997,水城区医院(公交站),凉都14路,贵州省,六盘水市,,交通设施服务;公交车站;公交车站相关,150700,BV09036656,交通设施服务,公交车站,公交车站相关,
104.9694078998507,26.53331614411713,中共六盘水市市委党校(新校区)地上停车场,中共六盘水市委党校,贵州省,六盘水市,,交通设施服务;停车场;公共停车场,150904,B0L0HHQTK7,交通设施服务,停车场,公共停车场,
104.95045761248426,26.543083872197407,水城区人民医院停车场,凉都大道与水之宛路交叉口北100米,贵州省,六盘水市,,交通设施服务;停车场;公共停车场,150904,B0H1OZRWP5,交通设施服务,停车场,公共停车场,
104.8929690629065,26.59071422430661,水钢巴西(公交站),21路;6路;凉都17路,贵州省,六盘水市,,交通设施服务;公交车站;公交车站相关,150700,BV11124496,交通设施服务,公交车站,公交车站相关,
104.90489304820633,26.58093411830495,水月易扶点(公交站),6路,贵州省,六盘水市,,交通设施服务;公交车站;公交车站相关,150700,BV11124492,交通设施服务,公交车站,公交车站相关,
104.95238969896961,26.541166232758773,县供电局(公交站),41路;凉都29路,贵州省,六盘水市,,交通设施服务;公交车站;公交车站相关,150700,BV10638510,交通设施服务,公交车站,公交车站相关,
104.95145207639635,26.541991480334808,环球购物广场停车场(出入口),环球购物广场停车场,贵州省,六盘水市,,交通设施服务;停车场;停车场出入口,150909,B0H1OHSKPH,交通设施服务,停车场,停车场出入口,
104.93362847132568,26.55507338792215,六盘水市第十九中学停车场,六盘水市第十九中学,贵州省,六盘水市,,交通设施服务;停车场;公共停车场,150904,B0L2O1WJER,交通设施服务,停车场,公共停车场,
104.96768917593582,26.531014311283794,市委党校(公交站),21路;3路,贵州省,六盘水市,,交通设施服务;公交车站;公交车站相关,150700,BV10505460,交通设施服务,公交车站,公交车站相关,
104.95378886091349,26.533839594312536,两江公园(公交站),41路;凉都29路,贵州省,六盘水市,,交通设施服务;公交车站;公交车站相关,150700,BV10651862,交通设施服务,公交车站,公交车站相关,
104.91253622397998,26.56858007741114,搬迁一街(公交站),2路;31路;3路;L2路,贵州省,六盘水市,,交通设施服务;公交车站;公交车站相关,150700,BV10814071,交通设施服务,公交车站,公交车站相关,
104.8896144361912,26.594622550788557,水钢八冶(公交站),7路;9路;凉都18路,贵州省,六盘水市,,交通设施服务;公交车站;公交车站相关,150700,BV11144788,交通设施服务,公交车站,公交车站相关,
104.94515904258768,26.543054892283514,麒龙香山美域(公交站),凉都14路,贵州省,六盘水市,,交通设施服务;公交车站;公交车站相关,150700,BV11632513,交通设施服务,公交车站,公交车站相关,
104.92035669778394,26.564484411707813,塔山转播塔(公交站),2路;3路,贵州省,六盘水市,,交通设施服务;公交车站;公交车站相关,150700,BV10814072,交通设施服务,公交车站,公交车站相关,
104.90000417493475,26.586301524251926,十四中路口(公交站),6路,贵州省,六盘水市,,交通设施服务;公交车站;公交车站相关,150700,BV09162322,交通设施服务,公交车站,公交车站相关,
104.95293196537892,26.535247830959705,双水两江公园(公交站),40路,贵州省,六盘水市,,交通设施服务;公交车站;公交车站相关,150700,BV11393764,交通设施服务,公交车站,公交车站相关,
104.95460584300969,26.533259594716586,两江公园停车场,水城大道与福利路交叉口东南440米,贵州省,六盘水市,,交通设施服务;停车场;公共停车场,150904,B0H3N91ZFK,交通设施服务,停车场,公共停车场,
104.95378886091349,26.533839594312536,水城区妇幼保健院(公交站),21路;29路;2路;35路;3路;凉都37路,贵州省,六盘水市,,交通设施服务;公交车站;公交车站相关,150700,BV09122955,交通设施服务,公交车站,公交车站相关,
104.91493494977442,26.563569721437865,矿山机电市场(公交站),1路;1路(周二);21路;30路,贵州省,六盘水市,,交通设施服务;公交车站;公交车站相关,150700,BV10639284,交通设施服务,公交车站,公交车站相关,
104.96245962592184,26.528324432763423,以朵大道路口(公交站),21路;29路;2路;3路;凉都29路,贵州省,六盘水市,,交通设施服务;公交车站;公交车站相关,150700,BV11064482,交通设施服务,公交车站,公交车站相关,
104.8896144361912,26.594622550788557,八冶(公交站),9路,贵州省,六盘水市,,交通设施服务;公交车站;公交车站相关,150700,BV10648290,交通设施服务,公交车站,公交车站相关,
104.88366590729954,26.61262033428163,六盘水市殡仪馆北地面停车场,内环快线北30米,贵州省,六盘水市,,交通设施服务;停车场;公共停车场,150904,B0IA7CDFMZ,交通设施服务,停车场,公共停车场,
104.93972170674675,26.543612221833346,营脚(公交站),凉都14路,贵州省,六盘水市,,交通设施服务;公交车站;公交车站相关,150700,BV11067374,交通设施服务,公交车站,公交车站相关,
104.88370889453897,26.612504351070964,六盘水市殡仪馆南地面停车场,[],贵州省,六盘水市,,交通设施服务;停车场;公共停车场,150904,B0IA7CDMXR,交通设施服务,停车场,公共停车场,
104.88295627113321,26.61059165943788,双坝村(公交站),13路;13路(六盘水监狱),贵州省,六盘水市,,交通设施服务;公交车站;公交车站相关,150700,BV09022687,交通设施服务,公交车站,公交车站相关,
104.95698396879236,26.530492423627795,麒龙公园里(公交站),21路;29路;2路;35路;3路;40路,贵州省,六盘水市,,交通设施服务;公交车站;公交车站相关,150700,BV09036362,交通设施服务,公交车站,公交车站相关,
104.89159826344034,26.58832649935595,小车库(公交站),21路;6路;7路;9路;凉都17路;凉都18路,贵州省,六盘水市,,交通设施服务;公交车站;公交车站相关,150700,BV10648301,交通设施服务,公交车站,公交车站相关,
104.90785210028321,26.569516497600734,二十二中(公交站),L2路,贵州省,六盘水市,,交通设施服务;公交车站;公交车站相关,150700,BV09300234,交通设施服务,公交车站,公交车站相关,
104.8872467972129,26.597351779249777,地下公园(公交站),7路;凉都18路,贵州省,六盘水市,,交通设施服务;公交车站;公交车站相关,150700,BV10650546,交通设施服务,公交车站,公交车站相关,
104.96487718812276,26.520832553608145,大型地面停车场,水城大道与红桥大道交叉口东北120米,贵州省,六盘水市,,交通设施服务;停车场;公共停车场,150904,B0G2N53FAT,交通设施服务,停车场,公共停车场,
104.95748306571492,26.530270180289566,麒麟公园里(公交站),凉都29路,贵州省,六盘水市,,交通设施服务;公交车站;公交车站相关,150700,BV11686237,交通设施服务,公交车站,公交车站相关,
104.89246516830482,26.57421279381464,水城站,水东路,贵州省,六盘水市,,交通设施服务;火车站;火车站,150200,B0FFMGAT2E,交通设施服务,火车站,火车站,
104.89126138360416,26.59159380380341,钟山区十小(公交站),7路;9路;凉都18路,贵州省,六盘水市,,交通设施服务;公交车站;公交车站相关,150700,BV09015443,交通设施服务,公交车站,公交车站相关,
104.88381543001105,26.598643937213353,水钢五号点(公交站),7路;凉都18路,贵州省,六盘水市,,交通设施服务;公交车站;公交车站相关,150700,BV10648295,交通设施服务,公交车站,公交车站相关,
104.90524317903962,26.56589075805121,钢城花园东(公交站),1路;1路(周二);21路;30路;32路;3路;机场大巴,贵州省,六盘水市,,交通设施服务;公交车站;公交车站相关,150700,BV10638512,交通设施服务,公交车站,公交车站相关,
104.96326651262066,26.525423742109883,六盘水东收费站(公交站),35路;40路;41路;L3路,贵州省,六盘水市,,交通设施服务;公交车站;公交车站相关,150700,BV11168489,交通设施服务,公交车站,公交车站相关,
104.95299588750174,26.53160293458273,水城区妇幼保健院停车场,水城区妇幼保健院西南侧110米,贵州省,六盘水市,,交通设施服务;停车场;公共停车场,150904,B0GUJKO964,交通设施服务,停车场,公共停车场,
104.90662711175476,26.566541457230056,能扬物流-货运停车场,能扬物流,贵州省,六盘水市,,交通设施服务;停车场;公共停车场,150904,B0IG7SPT2A,交通设施服务,停车场,公共停车场,
104.90502236475737,26.569007311004533,市二十二中(公交站),2路;31路;3路;L2路,贵州省,六盘水市,,交通设施服务;公交车站;公交车站相关,150700,BV11219522,交通设施服务,公交车站,公交车站相关,
104.901536191288,26.5653543350424,钢城花园西(公交站),1路;1路(周二);21路;30路;32路;3路;L2路,贵州省,六盘水市,,交通设施服务;公交车站;公交车站相关,150700,BV10650131,交通设施服务,公交车站,公交车站相关,
104.88894421999099,26.586492226680246,笔架山公园(公交站),21路;6路;7路;9路;凉都17路;凉都18路,贵州省,六盘水市,,交通设施服务;公交车站;公交车站相关,150700,BV10648303,交通设施服务,公交车站,公交车站相关,
104.89608307305926,26.570557032039087,花园边(公交站),2路;31路,贵州省,六盘水市,,交通设施服务;公交车站;公交车站相关,150700,BV10814074,交通设施服务,公交车站,公交车站相关,
104.88774248141146,26.574106911457726,场坝批发市场(公交站),2路;31路,贵州省,六盘水市,,交通设施服务;公交车站;公交车站相关,150700,BV10649232,交通设施服务,公交车站,公交车站相关,
104.8750299866351,26.609387953106538,双坝村路口(公交站),13路;13路(六盘水监狱),贵州省,六盘水市,,交通设施服务;公交车站;公交车站相关,150700,BV11161212,交通设施服务,公交车站,公交车站相关,
104.89159499381675,26.570926019440346,六盘水四通客运站,人民东路232号,贵州省,六盘水市,,交通设施服务;长途汽车站;长途汽车站,150400,B035A00948,交通设施服务,长途汽车站,长途汽车站,
104.89981513782057,26.568620957847514,教场(公交站),2路;31路,贵州省,六盘水市,,交通设施服务;公交车站;公交车站相关,150700,BV10814073,交通设施服务,公交车站,公交车站相关,
104.96282950242441,26.52006967937551,水黄路口(公交站),35路,贵州省,六盘水市,,交通设施服务;公交车站;公交车站相关,150700,BV11168490,交通设施服务,公交车站,公交车站相关,
104.88395230095233,26.576428101724197,场坝(公交站),21路;2路;31路;6路;7路;凉都17路,贵州省,六盘水市,,交通设施服务;公交车站;公交车站相关,150700,BV10639278,交通设施服务,公交车站,公交车站相关,
104.92416287075389,26.542522572161396,市七中(公交站),凉都14路,贵州省,六盘水市,,交通设施服务;公交车站;公交车站相关,150700,BV11067370,交通设施服务,公交车站,公交车站相关,
104.96839685110658,26.51682129199784,司机之家停车场,水黄公路与水黄路交叉口东北60米,贵州省,六盘水市,,交通设施服务;停车场;停车场相关,150900,B0J24C2KUC,交通设施服务,停车场,停车场相关,
104.87488691035298,26.61136901246943,西福园(公交站),13路(六盘水监狱),贵州省,六盘水市,,交通设施服务;公交车站;公交车站相关,150700,BV11583748,交通设施服务,公交车站,公交车站相关,
104.88590300706534,26.5857155867101,巴西派出所(公交站),9路,贵州省,六盘水市,,交通设施服务;公交车站;公交车站相关,150700,BV10813412,交通设施服务,公交车站,公交车站相关,
104.88908635022972,26.58116856166043,水钢交警大队(公交站),21路;6路;7路;凉都17路;凉都18路,贵州省,六盘水市,,交通设施服务;公交车站;公交车站相关,150700,BV11144250,交通设施服务,公交车站,公交车站相关,
104.89155398813493,26.57181614266305,茶叶林(公交站),2路;31路,贵州省,六盘水市,,交通设施服务;公交车站;公交车站相关,150700,BV10650125,交通设施服务,公交车站,公交车站相关,
104.92574201881254,26.54270479233466,鱼塘安置点(公交站),凉都14路,贵州省,六盘水市,,交通设施服务;公交车站;公交车站相关,150700,BV11166522,交通设施服务,公交车站,公交车站相关,
104.96651062374005,26.517890586423963,六盘水欣鑫淼物流园停车场,市科技集团有限公司西北150米(水黄公路),贵州省,六盘水市,,交通设施服务;停车场;公共停车场,150904,B0JAJC1BFP,交通设施服务,停车场,公共停车场,
104.88189154335747,26.589179454232408,肖家寨(公交站),7路;9路,贵州省,六盘水市,,交通设施服务;公交车站;公交车站相关,150700,BV10813409,交通设施服务,公交车站,公交车站相关,
104.88615298763608,26.583108372778867,指挥部(公交站),21路;6路;7路;凉都17路;凉都18路,贵州省,六盘水市,,交通设施服务;公交车站;公交车站相关,150700,BV10648298,交通设施服务,公交车站,公交车站相关,
104.89602636863681,26.564828113540848,凉都太阳城(公交站),16路;1路;1路(周二);21路;30路;32路;3路,贵州省,六盘水市,,交通设施服务;公交车站;公交车站相关,150700,BV11043777,交通设施服务,公交车站,公交车站相关,
104.88779332347912,26.577165388953027,水钢桥洞(公交站),21路;6路;7路;凉都17路;凉都18路,贵州省,六盘水市,,交通设施服务;公交车站;公交车站相关,150700,BV10648297,交通设施服务,公交车站,公交车站相关,
104.85894140522414,26.62584964817527,红旗矿食堂(公交站),20路,贵州省,六盘水市,,交通设施服务;公交车站;公交车站相关,150700,BV10648218,交通设施服务,公交车站,公交车站相关,
104.8883114142015,26.56748816154109,水钢医院(公交站),机场大巴,贵州省,六盘水市,,交通设施服务;公交车站;公交车站相关,150700,BV11367452,交通设施服务,公交车站,公交车站相关,
104.95575209800757,26.52019210318892,钟山区职校(公交站),35路,贵州省,六盘水市,,交通设施服务;公交车站;公交车站相关,150700,BV11168478,交通设施服务,公交车站,公交车站相关,
104.91768334775378,26.542325817884535,严家寨(公交站),凉都14路,贵州省,六盘水市,,交通设施服务;公交车站;公交车站相关,150700,BV11062638,交通设施服务,公交车站,公交车站相关,
104.92262749017048,26.542509228380762,六盘水市第七中学停车场,凉都大道旁六盘水市第七中学,贵州省,六盘水市,,交通设施服务;停车场;公共停车场,150904,B0L3VPGSRP,交通设施服务,停车场,公共停车场,
104.8923103889441,26.57192640101753,钟山区第八小学东南侧停车场,水东路与菜园路交叉口北20米,贵州省,六盘水市,,交通设施服务;停车场;公共停车场,150904,B0LKBXVFCA,交通设施服务,停车场,公共停车场,
104.89025609359534,26.568276121493515,首钢水钢医院停车场,钟山大道中段564号,贵州省,六盘水市,,交通设施服务;停车场;公共停车场,150904,B0H26721GF,交通设施服务,停车场,公共停车场,
104.8817610610346,26.577809800169415,安居小区(公交站),21路;2路;31路;6路;7路;凉都17路,贵州省,六盘水市,,交通设施服务;公交车站;公交车站相关,150700,BV10639286,交通设施服务,公交车站,公交车站相关,
104.94768846493565,26.51796647750037,六盘水八公里物流地面停车场,红桥大道与纸红公路交叉口东南方向50米,贵州省,六盘水市,,交通设施服务;停车场;公共停车场,150904,B0HKDDW2SX,交通设施服务,停车场,公共停车场,
104.87754494032703,26.580633800626718,官厅(公交站),2路;31路;6路;7路;凉都17路,贵州省,六盘水市,,交通设施服务;公交车站;公交车站相关,150700,BV10639283,交通设施服务,公交车站,公交车站相关,
104.87385943949363,26.57528652349788,水城古镇(公交站),16路;1路;1路(周二);30路;32路;L2路;机场大巴,贵州省,六盘水市,,交通设施服务;公交车站;公交车站相关,150700,BV11043776,交通设施服务,公交车站,公交车站相关,
104.89832907002317,26.562625969994833,凉都体育中心(公交站),16路;3路,贵州省,六盘水市,,交通设施服务;公交车站;公交车站相关,150700,BV09036356,交通设施服务,公交车站,公交车站相关,
105.10601607906497,26.4960549416896,茨冲站,陡箐乡,贵州省,六盘水市,,交通设施服务;火车站;火车站,150200,B0L6GDFKE2,交通设施服务,火车站,火车站,
104.87556138054094,26.57525319566931,水城古镇东门停车场,南门停车门口右转,贵州省,六盘水市,,交通设施服务;停车场;公共停车场,150904,B0LB152MF8,交通设施服务,停车场,公共停车场,
104.87288130629199,26.578089925304447,荷城南门停车场,钟山大道水城古镇,贵州省,六盘水市,,交通设施服务;停车场;公共停车场,150904,B0GRAS4DZV,交通设施服务,停车场,公共停车场,
104.88412551064278,26.569644184502955,场坝路口(公交站),16路;1路;1路(周二);21路;30路;32路;L2路;凉都18路;机场大巴,贵州省,六盘水市,,交通设施服务;公交车站;公交车站相关,150700,BV10472589,交通设施服务,公交车站,公交车站相关,
104.90171105223187,26.539562674475125,六盘水南客运站,红桥大道附近,贵州省,六盘水市,,交通设施服务;长途汽车站;长途汽车站,150400,B0FFFE0YQS,交通设施服务,长途汽车站,长途汽车站,
104.91556360615647,26.542684533080305,水城区二小严家寨校区(公交站),凉都14路,贵州省,六盘水市,,交通设施服务;公交车站;公交车站相关,150700,BV09244314,交通设施服务,公交车站,公交车站相关,
104.86865760409728,26.607333847048626,北站路口(公交站),13路,贵州省,六盘水市,,交通设施服务;公交车站;公交车站相关,150700,BV09467657,交通设施服务,公交车站,公交车站相关,
104.86860860389243,26.607113765854297,双坝停车场,麒麟路与内环快线入口交叉口东南60米,贵州省,六盘水市,,交通设施服务;停车场;公共停车场,150904,B0G1BC9L1Y,交通设施服务,停车场,公共停车场,
104.943602185002,26.520937327870172,红山社区(公交站),22路;35路,贵州省,六盘水市,,交通设施服务;公交车站;公交车站相关,150700,BV11168475,交通设施服务,公交车站,公交车站相关,
104.90248462645766,26.549939559742164,山语城(公交站),35路;36路;凉都23路,贵州省,六盘水市,,交通设施服务;公交车站;公交车站相关,150700,BV10649505,交通设施服务,公交车站,公交车站相关,
104.93831590410912,26.52403364660511,西南煤机(公交站),22路;35路,贵州省,六盘水市,,交通设施服务;公交车站;公交车站相关,150700,BV11168480,交通设施服务,公交车站,公交车站相关,
104.88694617803273,26.568355620631852,水钢总医院(公交站),16路;1路;1路(周二);21路;30路;32路;L2路,贵州省,六盘水市,,交通设施服务;公交车站;公交车站相关,150700,BV10546693,交通设施服务,公交车站,公交车站相关,
104.87555951644048,26.571998703285484,市一中(公交站),22路;28路;3路;K1路;六盘水-盘州;凉都14路,贵州省,六盘水市,,交通设施服务;公交车站;公交车站相关,150700,BV10638511,交通设施服务,公交车站,公交车站相关,
104.8842152035428,26.57607321733676,场坝商业城停车场,人民路与巴西南路交叉口西北100米,贵州省,六盘水市,,交通设施服务;停车场;公共停车场,150904,B0M6ZY054E,交通设施服务,停车场,公共停车场,
104.88570359165324,26.57412682668053,荷城街道办下钟山便民疏导点停车场,荷城街道办事处钢城大道场坝下钟山190号,贵州省,六盘水市,,交通设施服务;停车场;停车场相关,150900,B0J1FS4N7K,交通设施服务,停车场,停车场相关,
104.92497840067432,26.53071526383492,千誉酱油厂(公交站),22路;35路,贵州省,六盘水市,,交通设施服务;公交车站;公交车站相关,150700,BV11168477,交通设施服务,公交车站,公交车站相关,
104.88397563111081,26.568285875145254,帝都新城二期停车场,茶叶林路东150米帝都新城2期附近,贵州省,六盘水市,,交通设施服务;停车场;专用停车场,150905,B0FFHJTFZR,交通设施服务,停车场,专用停车场,
104.90304730287382,26.540013584692694,南客运站(公交站),16路;22路;24路;35路;K1路;六盘水-盘州;凉都18路;凉都23路,贵州省,六盘水市,,交通设施服务;公交车站;公交车站相关,150700,BV10648396,交通设施服务,公交车站,公交车站相关,
104.94745926066528,26.517948948615,六盘水八公里物流地面停车场(出入口),八公里物流地面停车场,贵州省,六盘水市,,交通设施服务;停车场;停车场出入口,150909,B0K115QMMQ,交通设施服务,停车场,停车场出入口,
104.89295922345998,26.56317219604377,凉都体育中心停车场,凉都体育中心,贵州省,六盘水市,,交通设施服务;停车场;公共停车场,150904,B0IDSSINUQ,交通设施服务,停车场,公共停车场,
104.91659989180602,26.534465115992262,红桥车管所(公交站),22路;35路,贵州省,六盘水市,,交通设施服务;公交车站;公交车站相关,150700,BV10648433,交通设施服务,公交车站,公交车站相关,
104.88394363440524,26.5685298931052,帝都新城二期停车场(出入口),钟山大道与钢城大道交叉口南160米,贵州省,六盘水市,,交通设施服务;停车场;停车场出入口,150909,B0FFHJV6FB,交通设施服务,停车场,停车场出入口,
104.87844312717311,26.57255639627698,钟山脚(公交站),16路;1路;1路(周二);30路;32路,贵州省,六盘水市,,交通设施服务;公交车站;公交车站相关,150700,BV10472597,交通设施服务,公交车站,公交车站相关,
104.88165614178159,26.57668856015081,安居医院停车场,荷城东路与人民路交叉口西120米,贵州省,六盘水市,,交通设施服务;停车场;公共停车场,150904,B0H3O52MBE,交通设施服务,停车场,公共停车场,
104.87946677945094,26.57581173763265,安居工程(公交站),21路;凉都18路,贵州省,六盘水市,,交通设施服务;公交车站;公交车站相关,150700,BV09039523,交通设施服务,公交车站,公交车站相关,
104.88485007767095,26.572296044979936,上海花园(公交站),21路;凉都18路,贵州省,六盘水市,,交通设施服务;公交车站;公交车站相关,150700,BV10648389,交通设施服务,公交车站,公交车站相关,
104.8836527332093,26.56904978599798,大润发六盘水店地下停车场,大润发(六盘水店),贵州省,六盘水市,,交通设施服务;停车场;公共停车场,150904,B0H3GZ37MG,交通设施服务,停车场,公共停车场,
105.01068100162777,26.14655356219819,六盘水市野钟码头,[],贵州省,六盘水市,,交通设施服务;港口码头;港口码头,150300,B0H6ROA9LE,交通设施服务,港口码头,港口码头,
105.12786513366194,26.232894433223446,猴场(出口),水黄公路入口与水黄公路出口交叉口北50米,贵州省,六盘水市,,交通设施服务;交通服务相关;交通服务相关,150000,B0FFG3IRKA,交通设施服务,交通服务相关,交通服务相关,
105.18407712166497,26.154665453146883,凉风洞码头,牂牁镇扁朝村西嘎,贵州省,六盘水市,,交通设施服务;港口码头;港口码头,150300,B0KKTD8WH2,交通设施服务,港口码头,港口码头,
104.98709222853188,26.26921420573861,水城区果布戛彝族苗族布依族乡人民政府地上停车场,果布戛街与果罗路交叉口西南60米,贵州省,六盘水市,,交通设施服务;停车场;公共停车场,150904,B0MG7XJ42W,交通设施服务,停车场,公共停车场,
105.1870140219827,26.169953360206765,牂牁江西嘎码头停车点,牂牁江西嘎码头,贵州省,六盘水市,,交通设施服务;停车场;公共停车场,150904,B0I02RG9X2,交通设施服务,停车场,公共停车场,
105.18697099921252,26.169639087032643,牂牁江湖滨度假区小车停车场,长流乡牂牁江湖滨度假区附近,贵州省,六盘水市,,交通设施服务;停车场;停车场相关,150900,B0FFFSC45H,交通设施服务,停车场,停车场相关,
104.93655291705383,26.10617677721928,花戛天坑停车场,[],贵州省,六盘水市,,交通设施服务;停车场;公共停车场,150904,B0HATR0HVH,交通设施服务,停车场,公共停车场,
105.2017137479969,26.128786912288177,老王山羊场坝停车场,下干沟2号大桥,贵州省,六盘水市,,交通设施服务;停车场;公共停车场,150904,B0K345XIBV,交通设施服务,停车场,公共停车场,
105.20995858488286,26.106925836547536,何家寨山底停车场,何家寨,贵州省,六盘水市,,交通设施服务;停车场;公共停车场,150904,B0K37SLSBR,交通设施服务,停车场,公共停车场,
105.22834967872636,26.098544335998227,文刚1号停车场,牂牁镇大坪子,贵州省,六盘水市,,交通设施服务;停车场;公共停车场,150904,B0K0MURBFH,交通设施服务,停车场,公共停车场,
105.22866952744481,26.099738350107128,老王山陈家停车场,003县道,贵州省,六盘水市,,交通设施服务;停车场;公共停车场,150904,B0L0VKH46I,交通设施服务,停车场,公共停车场,
105.22863758435405,26.09872364962815,老王山兴林停车场,牂牁镇牂牁村坪子组80号,贵州省,六盘水市,,交通设施服务;停车场;公共停车场,150904,B0MB1HWE8B,交通设施服务,停车场,公共停车场,
105.10876197395847,26.33963654246852,中国石化(六盘水水城龙城加油站)北侧停车场,水城君康医院南侧140米,贵州省,六盘水市,,交通设施服务;停车场;公共停车场,150904,B0M6O7MSAL,交通设施服务,停车场,公共停车场,
105.21429250043947,26.048492470483556,王城码头,[],贵州省,六盘水市,,交通设施服务;港口码头;港口码头,150300,B0FFI49R7Y,交通设施服务,港口码头,港口码头,
105.22065497260968,26.288453137597404,关寨站,关寨村,贵州省,六盘水市,,交通设施服务;火车站;火车站,150200,B035A0NJDK,交通设施服务,火车站,火车站,
105.22924292469982,26.065754753371227,老王山停车场,003县道,贵州省,六盘水市,,交通设施服务;停车场;公共停车场,150904,B0MALC74YU,交通设施服务,停车场,公共停车场,
105.23039750572546,26.066078696045818,江夜郎王宫东停车场,夜郎王宫内(东侧),贵州省,六盘水市,,交通设施服务;停车场;公共停车场,150904,B0FFKKA41S,交通设施服务,停车场,公共停车场,
105.23018058148008,26.066166624060497,老王山游客接待中心停车场,牂牁江景区夜郎福地文化展厅东侧70米,贵州省,六盘水市,,交通设施服务;停车场;停车场相关,150900,B0MA9UBTG9,交通设施服务,停车场,停车场相关,
105.22927491415597,26.065755774706446,夜郎王宫西停车场,夜郎王宫,贵州省,六盘水市,,交通设施服务;停车场;公共停车场,150904,B0I1RMZ9AQ,交通设施服务,停车场,公共停车场,
105.2309752711579,26.06635822986991,牂牁江夜郎王宫地上停车场,夜郎福地酒店东南侧250米,贵州省,六盘水市,,交通设施服务;停车场;公共停车场,150904,B0MB1OX0DV,交通设施服务,停车场,公共停车场,
105.228236263524,26.065137664315007,牂牁江夜郎王宫地上停车场,夜郎福地酒店南侧250米,贵州省,六盘水市,,交通设施服务;停车场;公共停车场,150904,B0MGPO1OH4,交通设施服务,停车场,公共停车场,
105.24076368116192,26.08394812280671,打那停车地场,003县道东侧,贵州省,六盘水市,,交通设施服务;停车场;公共停车场,150904,B0FFJ34Q76,交通设施服务,停车场,公共停车场,
105.23339062640534,26.057242304447435,牂牁江海事码头,滨江酒店东南侧270米,贵州省,六盘水市,,生活服务;生活服务场所;生活服务场所|交通设施服务;交通服务相关;交通服务相关,070000|150000,B0FFJ35M79,生活服务,生活服务场所,生活服务场所|交通设施服务,交通服务相关
105.23223730138932,26.054305696556824,牂牁江湖滨旅游度假区停车场,003县道附近,贵州省,六盘水市,,交通设施服务;停车场;公共停车场,150904,B0FFFSCME3,交通设施服务,停车场,公共停车场,
105.27081958312338,26.148909682845247,中寨汽车站,中国信合24小时自助银行(中寨信用社)西南侧240米,贵州省,六盘水市,,交通设施服务;长途汽车站;长途汽车站,150400,B035A002HP,交通设施服务,长途汽车站,长途汽车站,
105.23633282411902,26.061298378337646,老王山-3号地上停车场,唐坊牛肉馆东侧50米,贵州省,六盘水市,,交通设施服务;停车场;公共停车场,150904,B0MDN6E69B,交通设施服务,停车场,公共停车场,
105.23602301625597,26.0611721703532,牂牁江景区莲花岩停车场,唐坊牛肉馆东侧,贵州省,六盘水市,,交通设施服务;停车场;公共停车场,150904,B0LUBZG38F,交通设施服务,停车场,公共停车场,
104.85409436886442,26.07674637047117,盘州市娘娘山旅游景区停车场,普古乡舍烹村盘州市娘娘山旅游景区,贵州省,六盘水市,,交通设施服务;停车场;公共停车场,150904,B0L197HO32,交通设施服务,停车场,公共停车场,
104.85638482546057,26.07485763651266,娘娘山温泉度假小镇地上停车场,枕宿·山隐温泉野奢度假民宿东北侧,贵州省,六盘水市,,交通设施服务;停车场;公共停车场,150904,B0M6O7MS7L,交通设施服务,停车场,公共停车场,
104.85586252570772,26.074788790990432,盘州市娘娘山旅游景区-东南侧地上停车场,娘娘山旅游景区东南侧250米,贵州省,六盘水市,,交通设施服务;停车场;公共停车场,150904,B0MBFS41RN,交通设施服务,停车场,公共停车场,
104.85408036966115,26.076511188765195,同心广场地上停车场,盘州市娘娘山旅游景区东北侧80米,贵州省,六盘水市,,交通设施服务;停车场;公共停车场,150904,B0LKV75WQZ,交通设施服务,停车场,公共停车场,
105.16156138877426,26.362588350063042,二道岩站,[],贵州省,六盘水市,,交通设施服务;火车站;火车站,150200,B0K6L5IBEY,交通设施服务,火车站,火车站,
105.00085878909826,26.382246616698733,米箩镇人民政府停车场,米箩乡司法所一楼附近,贵州省,六盘水市,,交通设施服务;交通服务相关;交通服务相关,150000,B0FFKKWCMA,交通设施服务,交通服务相关,交通服务相关,
104.81916240537018,26.092927323165437,娘娘山国家湿地公园停车场,马场村娘娘山国家湿地公园,贵州省,六盘水市,,交通设施服务;停车场;公共停车场,150904,B0JB3CDONR,交通设施服务,停车场,公共停车场,
105.2708216151698,26.3174262726589,长箐站,[],贵州省,六盘水市,,交通设施服务;火车站;火车站,150200,B0FFLGLLRX,交通设施服务,火车站,火车站,
105.27110209663863,26.316543589073735,长箐站停车场,长箐站,贵州省,六盘水市,,交通设施服务;停车场;公共停车场,150904,B0GK57B8HN,交通设施服务,停车场,公共停车场,
105.27117092140715,26.317329912442677,长箐站(进站口),堕却乡狼树根村,贵州省,六盘水市,,交通设施服务;火车站;进站口/检票口,150202,B0GRMU1KB1,交通设施服务,火车站,进站口/检票口,
104.81224345611264,26.075483728143688,盘州市娘娘山旅游景区地上停车场,娘娘山观景台西侧470米,贵州省,六盘水市,,交通设施服务;停车场;公共停车场,150904,B0MGTL7W7C,交通设施服务,停车场,公共停车场,
105.27097830053793,26.317467152763903,长箐站(出站口),[],贵州省,六盘水市,,交通设施服务;火车站;出站口,150203,B0GRMUZ8Q8,交通设施服务,火车站,出站口,
105.27116197904803,26.316492510075598,长箐站停车场(出入口),长箐站停车场,贵州省,六盘水市,,交通设施服务;停车场;停车场出入口,150909,B0HGX5YKQO,交通设施服务,停车场,停车场出入口,
105.10088856291223,26.418312903144738,淀粉厂(公交站),L3路,贵州省,六盘水市,,交通设施服务;公交车站;公交车站相关,150700,BV09478064,交通设施服务,公交车站,公交车站相关,
104.94858131750401,26.14382987391423,天门服务区停车场(暂停营业),G60沪昆高速与天门服务区交叉口东北380米,贵州省,六盘水市,,交通设施服务;停车场;公共停车场,150904,BY0001KVA1,交通设施服务,停车场,公共停车场,
104.94344783442598,26.14134660453106,天门服务区停车场(暂停营业),G60沪昆高速与天门服务区交叉口西200米,贵州省,六盘水市,,交通设施服务;停车场;公共停车场,150904,BY0001KVAQ,交通设施服务,停车场,公共停车场,
104.83913714015523,25.64626863644474,大洞竹海景区停车场,X210大洞竹海景区(西北角),贵州省,六盘水市,,交通设施服务;停车场;公共停车场,150904,B0H3T7JS78,交通设施服务,停车场,公共停车场,
104.8411390036642,25.64451340325602,大洞竹海景区地上停车场,竹海镇大洞竹海景区城区户外劳动者综合服务站东南侧210米,贵州省,六盘水市,,交通设施服务;停车场;公共停车场,150904,B0LKOMF7CC,交通设施服务,停车场,公共停车场,
104.8394074127453,25.645587796465907,大洞竹海景区游客接待中心地上停车场,黑牛坪小学南侧200米,贵州省,六盘水市,,交通设施服务;停车场;公共停车场,150904,B0MGHDT1UN,交通设施服务,停车场,公共停车场,
104.83886684835446,25.647401696815024,大洞竹海景区地上停车场,黑牛坪小学西侧,贵州省,六盘水市,,交通设施服务;停车场;公共停车场,150904,B0M60GLPTF,交通设施服务,停车场,公共停车场,
104.86740231887437,25.805810162021878,普安县站,英武镇林家屋基村,贵州省,六盘水市,,交通设施服务;火车站;火车站,150200,B0FFFOC16Y,交通设施服务,火车站,火车站,
104.84196977172697,25.618759770793098,狗跳崖停车点,狗跳崖,贵州省,六盘水市,,交通设施服务;停车场;公共停车场,150904,B0KGOALG8Y,交通设施服务,停车场,公共停车场,
104.86780344440074,25.80497312256339,普安县站停车场,英武镇林家屋基村普安县站,贵州省,六盘水市,,交通设施服务;停车场;公共停车场,150904,B0FFM9S8O6,交通设施服务,停车场,公共停车场,
104.86744533281356,25.805715154687487,普安县站(进站口),[],贵州省,六盘水市,,交通设施服务;火车站;进站口/检票口,150202,B0FFM9RWSF,交通设施服务,火车站,进站口/检票口,
104.86766237979838,25.805787465405906,普安县站(出站口),[],贵州省,六盘水市,,交通设施服务;火车站;出站口,150203,B0FFM9SBOM,交通设施服务,火车站,出站口,
104.86744869559361,25.79678954700006,盘州市英武镇卫生院地上停车场,胡记牛肉馆东南侧140米,贵州省,六盘水市,,交通设施服务;停车场;公共停车场,150904,B0MAFLU39J,交通设施服务,停车场,公共停车场,
104.82577433185777,25.619258942269084,竹海镇老厂幼儿园地上停车场,210县道与313省道交叉口北180米,贵州省,六盘水市,,交通设施服务;停车场;公共停车场,150904,B0MBPNZRAA,交通设施服务,停车场,公共停车场,
105.51564647496491,26.194792577857832,波帕桥(公交站),六枝8路,贵州省,六盘水市,,交通设施服务;公交车站;公交车站相关,150700,BV09380098,交通设施服务,公交车站,公交车站相关,
105.51732462847626,26.19506151264268,顺安驾校(公交站),六枝9路,贵州省,六盘水市,,交通设施服务;公交车站;公交车站相关,150700,BV09417830,交通设施服务,公交车站,公交车站相关,
105.53044649553703,26.189902768339543,停车场,226县道与356国道交叉口西南400米,贵州省,六盘水市,,交通设施服务;停车场;停车场相关,150900,B0FFJOL7CN,交通设施服务,停车场,停车场相关,
105.52236981761017,26.19573096651751,波帕村(公交站),六枝8路,贵州省,六盘水市,,交通设施服务;公交车站;公交车站相关,150700,BV09380092,交通设施服务,公交车站,公交车站相关,
105.50633647466493,26.19895295634612,花鸟市场(公交站),六枝3路,贵州省,六盘水市,,交通设施服务;公交车站;公交车站相关,150700,BV11671397,交通设施服务,公交车站,公交车站相关,
105.53303285533389,26.193451438455906,仙鹤山路口(公交站),六枝8路,贵州省,六盘水市,,交通设施服务;公交车站;公交车站相关,150700,BV09380100,交通设施服务,公交车站,公交车站相关,
105.48313159054908,26.1865141233438,龙潭口(公交站),六枝6路,贵州省,六盘水市,,交通设施服务;公交车站;公交车站相关,150700,BV09362119,交通设施服务,公交车站,公交车站相关,
105.50400027908239,26.200913196659652,国际建材城(公交站),六枝3路,贵州省,六盘水市,,交通设施服务;公交车站;公交车站相关,150700,BV11671398,交通设施服务,公交车站,公交车站相关,
105.48439665391811,26.18949066655199,污水处理厂(公交站),六枝6路,贵州省,六盘水市,,交通设施服务;公交车站;公交车站相关,150700,BV09362120,交通设施服务,公交车站,公交车站相关,
105.53344756602336,26.196740467641526,大用站,[],贵州省,六盘水市,,交通设施服务;火车站;火车站,150200,B035A0NKEK,交通设施服务,火车站,火车站,
105.50019024263041,26.20155919206766,六枝东(公交站),六枝3路,贵州省,六盘水市,,交通设施服务;公交车站;公交车站相关,150700,BV10719593,交通设施服务,公交车站,公交车站相关,
105.53512805556547,26.196284293147034,大用火车站(公交站),六枝8路,贵州省,六盘水市,,交通设施服务;公交车站;公交车站相关,150700,BV09380094,交通设施服务,公交车站,公交车站相关,
105.48348730146483,26.190374538123628,九方御景(公交站),六枝9路,贵州省,六盘水市,,交通设施服务;公交车站;公交车站相关,150700,BV09417831,交通设施服务,公交车站,公交车站相关,
105.48307228155016,26.18975694342249,九方御景地上停车场,九方御景,贵州省,六盘水市,,交通设施服务;停车场;专用停车场,150905,B0MG1ASQK2,交通设施服务,停车场,专用停车场,
105.49808165478609,26.202308317024126,六枝天顺汽摩机电城停车场,六枝天顺汽摩机电城,贵州省,六盘水市,,交通设施服务;停车场;公共停车场,150904,B0L1MKFDRZ,交通设施服务,停车场,公共停车场,
105.53727629136569,26.197726294157643,大用镇政府(公交站),六枝8路,贵州省,六盘水市,,交通设施服务;公交车站;公交车站相关,150700,BV09380091,交通设施服务,公交车站,公交车站相关,
105.48240533230384,26.195188314374338,瓦窑小区(公交站),六枝1路;六枝2路;六枝5路;六枝6路;六枝9路,贵州省,六盘水市,,交通设施服务;公交车站;公交车站相关,150700,BV11380971,交通设施服务,公交车站,公交车站相关,
105.5442084075534,26.191929305542494,大用花园(公交站),六枝8路,贵州省,六盘水市,,交通设施服务;公交车站;公交车站相关,150700,BV09380096,交通设施服务,公交车站,公交车站相关,
105.5387972768644,26.197152488886417,六枝特区大用镇卫生院停车场,大用镇人民政府东南侧200米,贵州省,六盘水市,,交通设施服务;停车场;公共停车场,150904,B0M625VW2T,交通设施服务,停车场,公共停车场,
105.49246389531311,26.202232409103367,金鑫建材城(公交站),六枝106路;六枝1路;六枝2路;六枝2路(21:40);六枝3路;六枝3路(21:40);六枝6路;六枝9路,贵州省,六盘水市,,交通设施服务;公交车站;公交车站相关,150700,BV10718984,交通设施服务,公交车站,公交车站相关,
105.54201740415178,26.194586185633426,农贸市场(公交站),六枝8路,贵州省,六盘水市,,交通设施服务;公交车站;公交车站相关,150700,BV09380093,交通设施服务,公交车站,公交车站相关,
105.54331778048562,26.19344132155241,大用中学(公交站),六枝8路,贵州省,六盘水市,,交通设施服务;公交车站;公交车站相关,150700,BV09380095,交通设施服务,公交车站,公交车站相关,
105.53940943488013,26.197377031009157,堰坝河路口(公交站),六枝8路,贵州省,六盘水市,,交通设施服务;公交车站;公交车站相关,150700,BV09380097,交通设施服务,公交车站,公交车站相关,
105.48091870353538,26.193177760237344,营兴加油站(公交站),六枝6路;六枝9路,贵州省,六盘水市,,交通设施服务;公交车站;公交车站相关,150700,BV09417829,交通设施服务,公交车站,公交车站相关,
105.49283788267999,26.202069431477497,东城惠民小区C区停车场,东城惠民小区C区,贵州省,六盘水市,,交通设施服务;停车场;专用停车场,150905,B0M6FSXMJH,交通设施服务,停车场,专用停车场,
105.49250100792028,26.20191632946446,东城惠民小区B区停车场,东城惠民小区B区,贵州省,六盘水市,,交通设施服务;停车场;专用停车场,150905,B0L1Z7NIT8,交通设施服务,停车场,专用停车场,
105.48532260372605,26.19789952782088,后山路口(公交站),六枝1路,贵州省,六盘水市,,交通设施服务;公交车站;公交车站相关,150700,BV09222998,交通设施服务,公交车站,公交车站相关,
105.48674017583993,26.199195505474158,加气站(公交站),六枝6路,贵州省,六盘水市,,交通设施服务;公交车站;公交车站相关,150700,BV09362126,交通设施服务,公交车站,公交车站相关,
105.4947869139813,26.203769303646734,汽贸城(公交站),六枝3路;六枝8路,贵州省,六盘水市,,交通设施服务;公交车站;公交车站相关,150700,BV09380099,交通设施服务,公交车站,公交车站相关,
105.4812023274327,26.194901635659605,瓦窑(公交站),六枝2路(21:40);六枝6路,贵州省,六盘水市,,交通设施服务;公交车站;公交车站相关,150700,BV09255718,交通设施服务,公交车站,公交车站相关,
105.49221420763661,26.20293208325352,金鑫建材城(北行)(公交站),六枝3路,贵州省,六盘水市,,交通设施服务;公交车站;公交车站相关,150700,BV10720166,交通设施服务,公交车站,公交车站相关,
105.49228540390313,26.20272817352843,驾驶人自助体检点,九龙街金鑫建材城中国移动六枝分公司,贵州省,六盘水市,,交通设施服务;交通服务相关;交通服务相关,150000,B0H0XC530L,交通设施服务,交通服务相关,交通服务相关,
105.48105597952492,26.194537988904315,七冶国际花园停车场,迎宾大道与牂牁大道交叉口东100米,贵州省,六盘水市,,交通设施服务;停车场;公共停车场,150904,B0MBZZCHFM,交通设施服务,停车场,公共停车场,
105.49022900155977,26.2034204397364,东兴小区停车场,东兴小区,贵州省,六盘水市,,交通设施服务;停车场;公共停车场,150904,B0MBSBDGWC,交通设施服务,停车场,公共停车场,
105.47498733158571,26.19061623476998,纽绅中学(公交站),六枝6路,贵州省,六盘水市,,交通设施服务;公交车站;公交车站相关,150700,BV09362117,交通设施服务,公交车站,公交车站相关,
105.48968651892649,26.20487669723861,六枝公交(公交站),六枝2路;六枝2路(21:40);六枝3路;六枝3路(21:40);六枝6路;六枝8路;六枝9路,贵州省,六盘水市,,交通设施服务;公交车站;公交车站相关,150700,BV11671396,交通设施服务,公交车站,公交车站相关,
105.48968651892649,26.20487669723861,云盘加油站(公交站),六枝1路,贵州省,六盘水市,,交通设施服务;公交车站;公交车站相关,150700,BV10718983,交通设施服务,公交车站,公交车站相关,
105.48947099358058,26.20416662709918,停车场(六枝特区中医医院东北),东兴街与迎宾大道交叉口西北260米,贵州省,六盘水市,,交通设施服务;停车场;路边停车场,150906,B0FFHIAZGH,交通设施服务,停车场,路边停车场,
105.48751592571185,26.204274874391697,六盘水市第二人民医院停车场,九龙路与胜利路交叉口东南280米,贵州省,六盘水市,,交通设施服务;停车场;公共停车场,150904,B0H3253TBE,交通设施服务,停车场,公共停车场,
105.4780534511421,26.19660859302057,武装部(公交站),六枝5路,贵州省,六盘水市,,交通设施服务;公交车站;公交车站相关,150700,BV09277466,交通设施服务,公交车站,公交车站相关,
105.55732184389494,26.168201318633265,大用停车区停车场,落别布依族彝族乡都香高速公路西大用停车区,贵州省,六盘水市,,交通设施服务;停车场;公共停车场,150904,B0FFHXDP4S,交通设施服务,停车场,公共停车场,
105.48706270256724,26.205390200433655,市二医(公交站),六枝106路;六枝1路;六枝2路;六枝2路(21:40);六枝3路(21:40);六枝6路;六枝8路;六枝9路,贵州省,六盘水市,,交通设施服务;公交车站;公交车站相关,150700,BV10719582,交通设施服务,公交车站,公交车站相关,
105.48748681157426,26.205071267082726,六盘水市第二人民医院停车场(出入口),九龙路与胜利路交叉口东南220米,贵州省,六盘水市,,交通设施服务;停车场;停车场出入口,150909,B0H3255U0X,交通设施服务,停车场,停车场出入口,
105.48706671270045,26.205394214738323,六盘水市二医(公交站),六枝3路;六枝6路;六枝8路,贵州省,六盘水市,,交通设施服务;公交车站;公交车站相关,150700,BV09446032,交通设施服务,公交车站,公交车站相关,
105.55850922514252,26.16847740349,大用停车区停车场,G7611都香高速与大用停车区交叉口北260米,贵州省,六盘水市,,交通设施服务;停车场;公共停车场,150904,B0FFG8BI1F,交通设施服务,停车场,公共停车场,
105.48451418781117,26.20509749482035,六枝胜利路城东停车场,胜利路碧桂园斜对面城东资产管理部,贵州省,六盘水市,,交通设施服务;停车场;公共停车场,150904,B0KAMHXUEE,交通设施服务,停车场,公共停车场,
105.47682238537674,26.197966907050215,至合(公交站),六枝5路,贵州省,六盘水市,,交通设施服务;公交车站;公交车站相关,150700,BV09277473,交通设施服务,公交车站,公交车站相关,
105.4723068589201,26.193669630540505,翡翠悦府(公交站),六枝6路,贵州省,六盘水市,,交通设施服务;公交车站;公交车站相关,150700,BV09448976,交通设施服务,公交车站,公交车站相关,
105.4856008917874,26.206545568195803,云盘新干线(公交站),六枝2路;六枝2路(21:40);六枝3路;六枝3路(21:40);六枝6路;六枝8路;六枝9路,贵州省,六盘水市,,交通设施服务;公交车站;公交车站相关,150700,BV10995307,交通设施服务,公交车站,公交车站相关,
105.4833863414016,26.20473096197812,云欣苑小区(公交站),六枝2路(21:40),贵州省,六盘水市,,交通设施服务;公交车站;公交车站相关,150700,BV11657210,交通设施服务,公交车站,公交车站相关,
105.4856008917874,26.206545568195803,云盘信用社(公交站),六枝1路,贵州省,六盘水市,,交通设施服务;公交车站;公交车站相关,150700,BV09374487,交通设施服务,公交车站,公交车站相关,
105.47212944585947,26.193675144135543,鱼塘(公交站),六枝6路,贵州省,六盘水市,,交通设施服务;公交车站;公交车站相关,150700,BV09362123,交通设施服务,公交车站,公交车站相关,
105.48255225446924,26.20431527101268,云欣路-路侧停车场,云欣路与胜利路交叉口东南80米,贵州省,六盘水市,,交通设施服务;停车场;公共停车场,150904,B0MB5BJGIO,交通设施服务,停车场,公共停车场,
105.482132165743,26.204948425630946,特区三小(公交站),六枝2路(21:40),贵州省,六盘水市,,交通设施服务;公交车站;公交车站相关,150700,BV11657199,交通设施服务,公交车站,公交车站相关,
105.47769234816562,26.201089277519994,停车场(东苑小区西区东北),底大湾七冶胜利花园附近,贵州省,六盘水市,,交通设施服务;停车场;停车场相关,150900,B0FFJMS3B8,交通设施服务,停车场,停车场相关,
105.48511564297358,26.206707233310517,松欣苑C区停车场,九龙路与后勤巷交叉口南40米,贵州省,六盘水市,,交通设施服务;停车场;专用停车场,150905,B0MAB7SSHV,交通设施服务,停车场,专用停车场,
105.47767226819902,26.201718600461472,东苑小区(公交站),六枝K1路,贵州省,六盘水市,,交通设施服务;公交车站;公交车站相关,150700,BV09089105,交通设施服务,公交车站,公交车站相关,
105.47864257188267,26.20320327458585,九龙社区(公交站),六枝2路(21:40);六枝5路;六枝K1路,贵州省,六盘水市,,交通设施服务;公交车站;公交车站相关,150700,BV11657201,交通设施服务,公交车站,公交车站相关,
105.47576571541182,26.200385378309093,胜利花园(公交站),六枝5路;六枝K1路,贵州省,六盘水市,,交通设施服务;公交车站;公交车站相关,150700,BV09277469,交通设施服务,公交车站,公交车站相关,
105.4784601621401,26.20242328078342,停车场(胜利花园A区东北),胜利路与团结路交叉口西南80米,贵州省,六盘水市,,交通设施服务;停车场;路边停车场,150906,B0FFHIE2ZX,交通设施服务,停车场,路边停车场,
105.47634007210603,26.200937337608483,中盛·山水城A区地下停车场(出入口),胜利路与牂牁大道交叉口东北120米,贵州省,六盘水市,,交通设施服务;停车场;停车场出入口,150909,B0JA2UFAZA,交通设施服务,停车场,停车场出入口,
105.47659568517051,26.201037123073917,停车场(东苑小区西区西南),胜利路与牂牁大道交叉口东北140米,贵州省,六盘水市,,交通设施服务;停车场;路边停车场,150906,B0FFHICMOK,交通设施服务,停车场,路边停车场,
105.48386237255893,26.208313508247578,牟家大寨(公交站),六枝1路;六枝2路,贵州省,六盘水市,,交通设施服务;公交车站;公交车站相关,150700,BV11657213,交通设施服务,公交车站,公交车站相关,
105.47279575593649,26.198625999369902,贵州六枝特区第七中学停车场,牂牁大道与胜利路交叉口西南280米,贵州省,六盘水市,,交通设施服务;停车场;公共停车场,150904,B0M62NTUB1,交通设施服务,停车场,公共停车场,
105.48385535267676,26.208355512779736,宏狮机械厂(公交站),六枝3路,贵州省,六盘水市,,交通设施服务;公交车站;公交车站相关,150700,BV09445028,交通设施服务,公交车站,公交车站相关,
105.48385535267676,26.208355512779736,云盘机厂(公交站),六枝8路;六枝9路,贵州省,六盘水市,,交通设施服务;公交车站;公交车站相关,150700,BV11682788,交通设施服务,公交车站,公交车站相关,
105.48385836026229,26.208356522214206,机厂(公交站),六枝106路,贵州省,六盘水市,,交通设施服务;公交车站;公交车站相关,150700,BV10719587,交通设施服务,公交车站,公交车站相关,
105.48382726281633,26.208733656591647,那克派出所(公交站),六枝106路;六枝3路(21:40);六枝6路,贵州省,六盘水市,,交通设施服务;公交车站;公交车站相关,150700,BV10720157,交通设施服务,公交车站,公交车站相关,
105.47788967946525,26.20415369017513,停车场(平寨镇卫生院东南),连城国际西南2门旁,贵州省,六盘水市,,交通设施服务;停车场;路边停车场,150906,B0FFHIAXX1,交通设施服务,停车场,路边停车场,
105.47878283086204,26.20495173008134,停车场(建国路),建国路与文化路交叉口东南200米,贵州省,六盘水市,,交通设施服务;停车场;路边停车场,150906,B0FFHIAYUO,交通设施服务,停车场,路边停车场,
105.48378414026902,26.209000689725872,九龙派出所(公交站),六枝3路;六枝8路,贵州省,六盘水市,,交通设施服务;公交车站;公交车站相关,150700,BV09445027,交通设施服务,公交车站,公交车站相关,
105.47747456109545,26.206290789283447,142队(公交站),六枝1路,贵州省,六盘水市,,交通设施服务;公交车站;公交车站相关,150700,BV11380968,交通设施服务,公交车站,公交车站相关,
105.48009197971174,26.206727569438257,六枝特区第一小学停车场,文化路六枝特区第一小学,贵州省,六盘水市,,交通设施服务;停车场;公共停车场,150904,B0L39RSYVJ,交通设施服务,停车场,公共停车场,
105.47385708061873,26.20210605761086,特区七中(公交站),六枝K1路,贵州省,六盘水市,,交通设施服务;公交车站;公交车站相关,150700,BV09445026,交通设施服务,公交车站,公交车站相关,
105.47385708061873,26.20210605761086,七中(公交站),六枝5路,贵州省,六盘水市,,交通设施服务;公交车站;公交车站相关,150700,BV09277476,交通设施服务,公交车站,公交车站相关,
105.4689860802039,26.197267760655365,六枝七中(公交站),六枝6路,贵州省,六盘水市,,交通设施服务;公交车站;公交车站相关,150700,BV09362121,交通设施服务,公交车站,公交车站相关,
105.47669671431785,26.20541504894859,一四二队路口(公交站),六枝2路;六枝2路(21:40),贵州省,六盘水市,,交通设施服务;公交车站;公交车站相关,150700,BV11657215,交通设施服务,公交车站,公交车站相关,
105.48024229167326,26.20797775346245,特区一中(公交站),六枝1路,贵州省,六盘水市,,交通设施服务;公交车站;公交车站相关,150700,BV11380966,交通设施服务,公交车站,公交车站相关,
105.48155653347693,26.208760034872622,特区三中(公交站),六枝1路;六枝2路;六枝9路,贵州省,六盘水市,,交通设施服务;公交车站;公交车站相关,150700,BV11380973,交通设施服务,公交车站,公交车站相关,
105.48173196784055,26.20887261287377,六枝三中(公交站),六枝6路,贵州省,六盘水市,,交通设施服务;公交车站;公交车站相关,150700,BV09362118,交通设施服务,公交车站,公交车站相关,
105.4772069175376,26.20612792851752,一四二队(公交站),六枝2路;六枝6路;六枝8路;六枝9路,贵州省,六盘水市,,交通设施服务;公交车站;公交车站相关,150700,BV11682791,交通设施服务,公交车站,公交车站相关,
105.47953756481571,26.207558466970006,六枝一小(公交站),六枝6路,贵州省,六盘水市,,交通设施服务;公交车站;公交车站相关,150700,BV09219590,交通设施服务,公交车站,公交车站相关,
105.48001272815735,26.207843009015853,特区一小(公交站),六枝2路;六枝9路,贵州省,六盘水市,,交通设施服务;公交车站;公交车站相关,150700,BV11657214,交通设施服务,公交车站,公交车站相关,
105.47724701387781,26.206152057238924,凉都一品小区(公交站),六枝2路,贵州省,六盘水市,,交通设施服务;公交车站;公交车站相关,150700,BV09235889,交通设施服务,公交车站,公交车站相关,
105.48115552792105,26.2087968910886,六枝特区第一中学停车场,文化路与科学路交叉口西80米,贵州省,六盘水市,,交通设施服务;停车场;公共停车场,150904,B0MAD9JS62,交通设施服务,停车场,公共停车场,
105.47383800516805,26.202722376282672,胜利花园(E区)地上停车场,牂牁大道与文化南路交叉口东南100米,贵州省,六盘水市,,交通设施服务;停车场;专用停车场,150905,B0MG7XIX9J,交通设施服务,停车场,专用停车场,
105.47600398928931,26.20646771731762,特区二中(公交站),六枝1路;六枝2路;六枝9路,贵州省,六盘水市,,交通设施服务;公交车站;公交车站相关,150700,BV09385393,交通设施服务,公交车站,公交车站相关,
105.4759839396751,26.206494676775062,特区第二中学(公交站),六枝K1路,贵州省,六盘水市,,交通设施服务;公交车站;公交车站相关,150700,BV09444443,交通设施服务,公交车站,公交车站相关,
105.48218499497949,26.2111312820872,特区第十小学(公交站),六枝3路,贵州省,六盘水市,,交通设施服务;公交车站;公交车站相关,150700,BV09445029,交通设施服务,公交车站,公交车站相关,
105.48199951412954,26.21142691740252,特区十小(公交站),六枝3路(21:40);六枝8路,贵州省,六盘水市,,交通设施服务;公交车站;公交车站相关,150700,BV09036360,交通设施服务,公交车站,公交车站相关,
105.47959251007455,26.211436943131133,停车场(六枝特区审计局东北),广场北路与九龙路交叉口西南200米,贵州省,六盘水市,,交通设施服务;停车场;路边停车场,150906,B0FFHIF164,交通设施服务,停车场,路边停车场,
105.47022750737014,26.205026811411958,滨河·万博广场停车场,滨河万博广场,贵州省,六盘水市,,交通设施服务;停车场;公共停车场,150904,B0JBMR05T1,交通设施服务,停车场,公共停车场,
105.47444615512988,26.208634629031362,电信大厦(公交站),六枝2路;六枝2路(21:40);六枝K1路,贵州省,六盘水市,,交通设施服务;公交车站;公交车站相关,150700,BV09106606,交通设施服务,公交车站,公交车站相关,
105.47447923330331,26.208643727179886,电信大楼(公交站),六枝1路;六枝5路;六枝6路,贵州省,六盘水市,,交通设施服务;公交车站;公交车站相关,150700,BV09090318,交通设施服务,公交车站,公交车站相关,
105.48078740821069,26.212876255820657,老财政局路口(公交站),六枝3路,贵州省,六盘水市,,交通设施服务;公交车站;公交车站相关,150700,BV09446589,交通设施服务,公交车站,公交车站相关,
105.47422261113084,26.208904164272038,丰鑫假日酒店(公交站),六枝2路;六枝6路;六枝8路;六枝9路,贵州省,六盘水市,,交通设施服务;公交车站;公交车站相关,150700,BV10718969,交通设施服务,公交车站,公交车站相关,
105.48052474542014,26.213042593446374,财政局路口(公交站),六枝3路;六枝3路(21:40);六枝8路,贵州省,六盘水市,,交通设施服务;公交车站;公交车站相关,150700,BV10719589,交通设施服务,公交车站,公交车站相关,
105.46666372284847,26.201487122166878,龙山御府地上停车场,龙山御府,贵州省,六盘水市,,交通设施服务;停车场;专用停车场,150905,B0MG7XILFO,交通设施服务,停车场,专用停车场,
105.47756855409072,26.211089928627796,停车场(广场路小区西北),广场路与人民路交叉口东南200米,贵州省,六盘水市,,交通设施服务;停车场;路边停车场,150906,B0FFHIF1IQ,交通设施服务,停车场,路边停车场,
105.47034769016261,26.206877249743975,六枝特区人民医院停车场,六枝特区人民医院内,贵州省,六盘水市,,交通设施服务;停车场;公共停车场,150904,B0H1DCPDCC,交通设施服务,停车场,公共停车场,
105.46559245276816,26.200363627447576,半坡(公交站),六枝6路,贵州省,六盘水市,,交通设施服务;公交车站;公交车站相关,150700,BV09362124,交通设施服务,公交车站,公交车站相关,
105.46950580753577,26.206270600936875,万博广场(公交站),六枝3路;六枝K1路,贵州省,六盘水市,,交通设施服务;公交车站;公交车站相关,150700,BV09169147,交通设施服务,公交车站,公交车站相关,
105.47403508096623,26.210644679509045,街心花园(公交站),六枝1路;六枝2路;六枝3路;六枝3路(21:40);六枝6路;六枝8路,贵州省,六盘水市,,交通设施服务;公交车站;公交车站相关,150700,BV10718982,交通设施服务,公交车站,公交车站相关,
105.4730067242842,26.209294008497302,工矿大厦停车场,人民路六枝工矿迎宾馆,贵州省,六盘水市,,交通设施服务;停车场;公共停车场,150904,B0H1USV9KY,交通设施服务,停车场,公共停车场,
105.47709636688228,26.211856039116753,六枝中央明珠停车场,广场路与和平街交叉口东北20米,贵州省,六盘水市,,交通设施服务;停车场;专用停车场,150905,B0L2GLTNNT,交通设施服务,停车场,专用停车场,
105.4682269941958,26.205110462718892,第九中学(公交站),六枝6路,贵州省,六盘水市,,交通设施服务;公交车站;公交车站相关,150700,BV09362125,交通设施服务,公交车站,公交车站相关,
105.47814783548127,26.21382321118399,滨湖壹号(公交站),六枝2路;六枝2路(21:40);六枝3路;六枝3路(21:40),贵州省,六盘水市,,交通设施服务;公交车站;公交车站相关,150700,BV11657202,交通设施服务,公交车站,公交车站相关,
105.47582929539436,26.212020542747318,移动公司(公交站),六枝2路;六枝3路;六枝3路(21:40);六枝8路,贵州省,六盘水市,,交通设施服务;公交车站;公交车站相关,150700,BV10720154,交通设施服务,公交车站,公交车站相关,
105.47011111609766,26.20758302927529,人民医院(公交站),六枝3路;六枝3路(21:40);六枝5路;六枝6路;六枝9路,贵州省,六盘水市,,交通设施服务;公交车站;公交车站相关,150700,BV10719585,交通设施服务,公交车站,公交车站相关,
105.47656003066892,26.21258094600868,桃源小区(公交站),六枝3路,贵州省,六盘水市,,交通设施服务;公交车站;公交车站相关,150700,BV10719598,交通设施服务,公交车站,公交车站相关,
105.47248148878779,26.209434637217857,老工行(公交站),六枝3路;六枝5路;六枝6路,贵州省,六盘水市,,交通设施服务;公交车站;公交车站相关,150700,BV10720164,交通设施服务,公交车站,公交车站相关,
105.47662822047948,26.21207784015219,停车场(糖酒公司住宅小区西北),广场路与人民路交叉口东南40米,贵州省,六盘水市,,交通设施服务;停车场;路边停车场,150906,B0FFHIF1FV,交通设施服务,停车场,路边停车场,
105.47229105776695,26.2091739550612,停车场(牂牁江假日酒店西南),人民路六枝工矿迎宾馆,贵州省,六盘水市,,交通设施服务;停车场;路边停车场,150906,B0FFHICLPW,交通设施服务,停车场,路边停车场,
105.4741593707144,26.210740083943254,百货大楼(公交站),六枝2路;六枝2路(21:40);六枝3路,贵州省,六盘水市,,交通设施服务;公交车站;公交车站相关,150700,BV10719596,交通设施服务,公交车站,公交车站相关,
105.47248148878779,26.209434637217857,工矿大厦(公交站),六枝3路(21:40),贵州省,六盘水市,,交通设施服务;公交车站;公交车站相关,150700,BV09036373,交通设施服务,公交车站,公交车站相关,
105.47812177268317,26.213802124042672,迎宾馆(公交站),六枝3路;六枝8路,贵州省,六盘水市,,交通设施服务;公交车站;公交车站相关,150700,BV10719591,交通设施服务,公交车站,公交车站相关,
105.47275111855339,26.209437385295402,工矿大厦停车场(出入口),团结路与人民路交叉口西南60米,贵州省,六盘水市,,交通设施服务;停车场;停车场出入口,150909,B0H1USVORW,交通设施服务,停车场,停车场出入口,
105.47641568699993,26.212471471339466,桃源新区(公交站),六枝2路;六枝2路(21:40),贵州省,六盘水市,,交通设施服务;公交车站;公交车站相关,150700,BV09217779,交通设施服务,公交车站,公交车站相关,
105.47039175950214,26.207510749539853,六枝特区人民医院地面停车场(入口),人民路与牂牁大道交叉口东北160米,贵州省,六盘水市,,交通设施服务;停车场;停车场入口,150907,B0H1DCN9HB,交通设施服务,停车场,停车场入口,
105.47613202779635,26.21195235852036,红旗商住楼停车场,人民路与公园路交叉口东40米,贵州省,六盘水市,,交通设施服务;停车场;专用停车场,150905,B0L19LHWBA,交通设施服务,停车场,专用停车场,
105.46828809434983,26.205840064750404,九中(公交站),六枝6路,贵州省,六盘水市,,交通设施服务;公交车站;公交车站相关,150700,BV09385391,交通设施服务,公交车站,公交车站相关,
105.47248148878779,26.209434637217857,工矿集团(公交站),六枝K1路,贵州省,六盘水市,,交通设施服务;公交车站;公交车站相关,150700,BV10719588,交通设施服务,公交车站,公交车站相关,
105.47306678895377,26.21084009842288,夜郎大厦停车场,人民路70-86号夜郎大厦,贵州省,六盘水市,,交通设施服务;停车场;公共停车场,150904,B0H1S5JCCG,交通设施服务,停车场,公共停车场,
105.47137697113227,26.208520047401752,停车场(六枝特区人民医院急诊东北),六枝特区人民医院内,贵州省,六盘水市,,交通设施服务;停车场;路边停车场,150906,B0FFHICLNC,交通设施服务,停车场,路边停车场,
105.47028550345496,26.207785624927304,停车场(六枝特区环卫站南),人民路与牂牁大道交叉口东北160米,贵州省,六盘水市,,交通设施服务;停车场;路边停车场,150906,B0FFHICLPB,交通设施服务,停车场,路边停车场,
105.47690078305422,26.214068798411287,桃花公园东侧停车场,桃花公馆,贵州省,六盘水市,,交通设施服务;停车场;公共停车场,150904,B0L2LBONTT,交通设施服务,停车场,公共停车场,
105.47723763591522,26.213368341199352,停车场(桃源新区B座东),人民路与公园路交叉口东北140米,贵州省,六盘水市,,交通设施服务;停车场;路边停车场,150906,B0FFHIF1GR,交通设施服务,停车场,路边停车场,
105.47294350040092,26.210828749429634,夜郎大厦停车场(出入口),夜郎大厦停车场,贵州省,六盘水市,,交通设施服务;停车场;停车场出入口,150909,B0H1S5I1W4,交通设施服务,停车场,停车场出入口,
105.46914792062147,26.207876597205296,正兴-清水湾停车场,人民南路76号正西方向110米正兴清水湾,贵州省,六盘水市,,交通设施服务;停车场;公共停车场,150904,B0L2LBP2Z5,交通设施服务,停车场,公共停车场,
105.47494715357595,26.21258939476831,停车场(人民路),公园路与人民路交叉口西140米,贵州省,六盘水市,,交通设施服务;停车场;停车场相关,150900,B0G0XYY5DQ,交通设施服务,停车场,停车场相关,
105.47690175003152,26.214787227472797,万东国际大酒店-门前停车场,万东国际大酒店,贵州省,六盘水市,,交通设施服务;停车场;公共停车场,150904,B0L16SQZ1E,交通设施服务,停车场,公共停车场,
105.4669571509669,26.205827512811393,六枝特区第九中学停车场,茶山村下那摆组六枝特区第九中学,贵州省,六盘水市,,交通设施服务;停车场;公共停车场,150904,B0L3VPGEI0,交通设施服务,停车场,公共停车场,
105.47578913762405,26.213263168524076,桃源新区B座停车场,公园路与人民路交叉口西北100米,贵州省,六盘水市,,交通设施服务;停车场;专用停车场,150905,B0L19LHQJN,交通设施服务,停车场,专用停车场,
105.4680234197556,26.20756839351538,亲亲美蛙鱼停车场,团结路114号,贵州省,六盘水市,,交通设施服务;停车场;公共停车场,150904,B0K09709K3,交通设施服务,停车场,公共停车场,
105.47563777151659,26.213311769902152,桃源新区A座停车场,公园路与人民路交叉口西北120米,贵州省,六盘水市,,交通设施服务;停车场;专用停车场,150905,B0L199IBAJ,交通设施服务,停车场,专用停车场,
105.46810054306206,26.20854418395316,嘉年华商业广场地下停车场,矿业路嘉年华商业广场(东南角),贵州省,六盘水市,,交通设施服务;停车场;公共停车场,150904,B0HU7CYN8B,交通设施服务,停车场,公共停车场,
105.47608682639395,26.213829346813544,停车场(桃源新区B座东北),公园路桃花公园(东侧),贵州省,六盘水市,,交通设施服务;停车场;路边停车场,150906,B0FFHIF3HK,交通设施服务,停车场,路边停车场,
105.47199122045424,26.212014822761127,忠誉大厦地下停车场,那平路与人民路交叉口西北240米,贵州省,六盘水市,,交通设施服务;停车场;公共停车场,150904,B0HUJS13EH,交通设施服务,停车场,公共停车场,
105.47663810790652,26.2148505158004,停车场(桃源新区A座东北),公园路与人民路交叉口北280米,贵州省,六盘水市,,交通设施服务;停车场;路边停车场,150906,B0FFHIF3CK,交通设施服务,停车场,路边停车场,
105.47066119050135,26.21126172597164,景城国际地下停车场,那平路西100米景城国际,贵州省,六盘水市,,交通设施服务;停车场;公共停车场,150904,B0H2HRIDB6,交通设施服务,停车场,公共停车场,
105.4680744991683,26.208259944206578,天城地下停车场,地宗路与牂牁大道交叉口东40米,贵州省,六盘水市,,交通设施服务;停车场;公共停车场,150904,B0L0HPPQP9,交通设施服务,停车场,公共停车场,
105.47550133353516,26.215555716414148,血站(公交站),六枝2路;六枝2路(21:40),贵州省,六盘水市,,交通设施服务;公交车站;公交车站相关,150700,BV11657198,交通设施服务,公交车站,公交车站相关,
105.46811256704581,26.208600249653244,嘉年华商业广场地下停车场(出入口),牂牁大道与人民路交叉口西北220米,贵州省,六盘水市,,交通设施服务;停车场;停车场出入口,150909,B0HU7CXLBM,交通设施服务,停车场,停车场出入口,
105.47209245832903,26.211960069290747,忠誉大厦地下停车场(入口),忠誉大厦地下停车场,贵州省,六盘水市,,交通设施服务;停车场;停车场入口,150907,B0HUJS06GV,交通设施服务,停车场,停车场入口,
105.47069125996123,26.211249800942678,景城国际地下停车场(入口),景城国际地下停车场,贵州省,六盘水市,,交通设施服务;停车场;停车场入口,150907,B0FFHICM1B,交通设施服务,停车场,停车场入口,
105.47198320149212,26.212021804817233,忠誉大厦地下停车场(出口),那平路与人民路交叉口西北240米,贵州省,六盘水市,,交通设施服务;停车场;停车场出口,150908,B0HUJSZRI1,交通设施服务,停车场,停车场出口,
105.4759063138272,26.215408773087365,桃园小区停车场,桃园小区,贵州省,六盘水市,,交通设施服务;停车场;公共停车场,150904,B0L27LKTGF,交通设施服务,停车场,公共停车场,
105.47297239900765,26.21425887052473,桃花公园停车场,人民路桃花公园,贵州省,六盘水市,,交通设施服务;停车场;公共停车场,150904,B0H1VCSOSG,交通设施服务,停车场,公共停车场,
105.46704520169864,26.208712475365168,鸿铭大厦东停车场,鸿铭大厦,贵州省,六盘水市,,交通设施服务;停车场;公共停车场,150904,B0HRRLXHJO,交通设施服务,停车场,公共停车场,
105.46667134997858,26.209369879459153,玲珑小区(公交站),六枝3路;六枝5路;六枝9路;六枝K1路,贵州省,六盘水市,,交通设施服务;公交车站;公交车站相关,150700,BV11381227,交通设施服务,公交车站,公交车站相关,
105.46719153713391,26.208434697168144,鸿铭大厦地下停车场(出口),牂牁大道与人民南路交叉口西北260米,贵州省,六盘水市,,交通设施服务;停车场;停车场出口,150908,B0HRRLW75C,交通设施服务,停车场,停车场出口,
105.46727872512113,26.2085149766244,鸿铭大厦东停车场(出入口),鸿铭大厦东停车场,贵州省,六盘水市,,交通设施服务;停车场;停车场出入口,150909,B0HRRLW75B,交通设施服务,停车场,停车场出入口,
105.46988028463284,26.213795108341383,新广场(公交站),六枝K1路,贵州省,六盘水市,,交通设施服务;公交车站;公交车站相关,150700,BV09430054,交通设施服务,公交车站,公交车站相关,
105.46677356917871,26.209459202929942,嘉年华(公交站),六枝3路;六枝3路(21:40);六枝5路,贵州省,六盘水市,,交通设施服务;公交车站;公交车站相关,150700,BV09036364,交通设施服务,公交车站,公交车站相关,
105.46671546830892,26.20892773165999,鸿铭大厦地下停车场,牂牁大道与人民南路交叉口西北340米,贵州省,六盘水市,,交通设施服务;停车场;公共停车场,150904,B0HRRLX2P1,交通设施服务,停车场,公共停车场,
105.47024318571653,26.21226818640811,那平路-路侧停车位,那平路与矿业路交叉口东南160米,贵州省,六盘水市,,交通设施服务;停车场;停车场相关,150900,B0GRHZSKX2,交通设施服务,停车场,停车场相关,
105.47423229246618,26.215836316966175,特区社保局(公交站),六枝2路,贵州省,六盘水市,,交通设施服务;公交车站;公交车站相关,150700,BV09075502,交通设施服务,公交车站,公交车站相关,
105.46671546885409,26.20891672507899,鸿铭大厦地下停车场(入口),牂牁大道与人民南路交叉口西北340米,贵州省,六盘水市,,交通设施服务;停车场;停车场入口,150907,B0HRRLX2P2,交通设施服务,停车场,停车场入口,
105.46673851278643,26.20904786438986,贵州省六枝特区南环路玲珑居停车场,牂牁大道与地宗路交叉口西北120米,贵州省,六盘水市,,交通设施服务;停车场;公共停车场,150904,B0M6YYQOWD,交通设施服务,停车场,公共停车场,
105.46961672420575,26.213041946486836,停车场(六枝特区不动产登记局东),那平路与矿业路交叉口东南40米,贵州省,六盘水市,,交通设施服务;停车场;停车场相关,150900,B0H1KC4PVR,交通设施服务,停车场,停车场相关,
105.56932399608388,26.14770387533053,山泉湿地公园停车点,山泉湿地公园,贵州省,六盘水市,,交通设施服务;停车场;公共停车场,150904,B0I1KRW53S,交通设施服务,停车场,公共停车场,
105.47102591180794,26.21360311612284,停车场(六枝特区国土资源局东),矿业路与那平路交叉口东160米,贵州省,六盘水市,,交通设施服务;停车场;路边停车场,150906,B0FFHIF3RI,交通设施服务,停车场,路边停车场,
105.46595378651735,26.209408013242808,停车场(牂牁大道),牂牁大道与地宗路交叉口东南260米,贵州省,六盘水市,,交通设施服务;停车场;路边停车场,150906,B0FFHICM1M,交通设施服务,停车场,路边停车场,
105.4742322739775,26.216210538459944,六枝特区国贸燃气有限公司停车场,交通东路六枝特区国贸燃气有限公司,贵州省,六盘水市,,交通设施服务;停车场;专用停车场,150905,B0L1N9XCA7,交通设施服务,停车场,专用停车场,
105.4722085565484,26.21544245820375,烟草局(公交站),六枝K1路,贵州省,六盘水市,,交通设施服务;公交车站;公交车站相关,150700,BV11597197,交通设施服务,公交车站,公交车站相关,
105.46611511268003,26.209886722866074,六盘水金海国际大酒店停车场(出口),牂牁大道与矿业路交叉口东南220米,贵州省,六盘水市,,交通设施服务;停车场;停车场出口,150908,B0HKJC3VSR,交通设施服务,停车场,停车场出口,
105.47182066454191,26.215263282735318,停车场(公园路社区东北),矿业路与九龙路交叉口西南160米,贵州省,六盘水市,,交通设施服务;停车场;路边停车场,150906,B0FFHIF6HQ,交通设施服务,停车场,路边停车场,
105.46560297251612,26.210536768254915,六盘水金海国际大酒店停车场,牂牁大道与矿业路交叉口东南140米,贵州省,六盘水市,,交通设施服务;停车场;公共停车场,150904,B0HKJC3VSS,交通设施服务,停车场,公共停车场,
105.46573129286512,26.209658579747035,金海国际大酒店地下停车场(出口),牂牁大道与地宗路交叉口东南240米,贵州省,六盘水市,,交通设施服务;停车场;停车场出口,150908,B0HKJCZ1LZ,交通设施服务,停车场,停车场出口,
105.46868957590891,26.214258168177757,阳光花园(公交站),六枝1路,贵州省,六盘水市,,交通设施服务;公交车站;公交车站相关,150700,BV10719583,交通设施服务,公交车站,公交车站相关,
105.46558092786115,26.21047867593944,六盘水金海国际大酒店停车场(入口),牂牁大道与矿业路交叉口东南140米,贵州省,六盘水市,,交通设施服务;停车场;停车场入口,150907,B0HKJCZ91Q,交通设施服务,停车场,停车场入口,
105.47403777501684,26.21698145051001,国贸燃气西北侧停车场,九龙路与矿业路交叉口东北140米,贵州省,六盘水市,,交通设施服务;停车场;公共停车场,150904,B0L0SGIVLL,交通设施服务,停车场,公共停车场,
105.46871968340197,26.213447767818433,阳光-地下停车场,矿业路六枝特区阳光花园,贵州省,六盘水市,,交通设施服务;停车场;路边停车场,150906,B0FFHNNV8L,交通设施服务,停车场,路边停车场,
105.47208828278761,26.215322054985247,停车场(创鑫国际西南),矿业路与九龙路交叉口西南140米,贵州省,六盘水市,,交通设施服务;停车场;路边停车场,150906,B0FFHIF35L,交通设施服务,停车场,路边停车场,
105.4647972745005,26.209930306903036,金海国际大酒店地下停车场,牂牁大道与地宗路交叉口南180米,贵州省,六盘水市,,交通设施服务;停车场;公共停车场,150904,B0HKJC1D1X,交通设施服务,停车场,公共停车场,
105.46915062422609,26.214002257506923,OYO月亮河假日酒店(桃花公园那平路店)东南侧停车场,九龙路与矿业路交叉口西北60米,贵州省,六盘水市,,交通设施服务;停车场;公共停车场,150904,B0MAMO7MCC,交通设施服务,停车场,公共停车场,
105.4647972745005,26.209930306903036,金海国际大酒店地下停车场(入口),牂牁大道与地宗路交叉口南180米,贵州省,六盘水市,,交通设施服务;停车场;停车场入口,150907,B0HKJCYMBC,交通设施服务,停车场,停车场入口,
105.467806677533,26.212852969538314,停车场(六枝特区扶贫开发局南),矿业路与那平路交叉口西160米,贵州省,六盘水市,,交通设施服务;停车场;路边停车场,150906,B0FFHIB1V5,交通设施服务,停车场,路边停车场,
105.47221047878914,26.21710945002714,对外停车场,[],贵州省,六盘水市,,交通设施服务;停车场;公共停车场,150904,B0KD5ZRW1M,交通设施服务,停车场,公共停车场,
105.47135042819333,26.218282776068566,六十四加油站(公交站),六枝2路;六枝2路(21:40);六枝K1路,贵州省,六盘水市,,交通设施服务;公交车站;公交车站相关,150700,BV11657211,交通设施服务,公交车站,公交车站相关,
105.46725141705777,26.213531895572746,七冶国际新城停车场,矿业路与沿河路交叉口西北140米,贵州省,六盘水市,,交通设施服务;停车场;专用停车场,150905,B0LRDM6NCW,交通设施服务,停车场,专用停车场,
105.47101765139001,26.21849498943332,新世纪财富广场(公交站),六枝2路,贵州省,六盘水市,,交通设施服务;公交车站;公交车站相关,150700,BV09106605,交通设施服务,公交车站,公交车站相关,
105.46336208857923,26.21305847156226,春江花园(公交站),六枝3路;六枝3路(21:40);六枝5路;六枝9路;六枝K1路,贵州省,六盘水市,,交通设施服务;公交车站;公交车站相关,150700,BV11381218,交通设施服务,公交车站,公交车站相关,
105.464115675371,26.21300237413547,七冶国际新城A区停车场,七冶国际新城,贵州省,六盘水市,,交通设施服务;停车场;专用停车场,150905,B0M64CJF6W,交通设施服务,停车场,专用停车场,
105.46740264306372,26.21570358555346,7天酒店停车场,那平路47号7天酒店(六盘水六枝特区店),贵州省,六盘水市,,交通设施服务;停车场;停车场相关,150900,B0HBRX809Q,交通设施服务,停车场,停车场相关,
105.46336208857923,26.21305847156226,七冶国际新城(公交站),六枝3路;六枝5路,贵州省,六盘水市,,交通设施服务;公交车站;公交车站相关,150700,BV11381219,交通设施服务,公交车站,公交车站相关,
105.46408858878704,26.21359565690856,七冶国际新城-A区停车场,七冶国际新城A区,贵州省,六盘水市,,交通设施服务;停车场;公共停车场,150904,B0MBRGQ3L6,交通设施服务,停车场,公共停车场,
105.47128820733353,26.21985052939681,六枝特区职业技术学校停车场,六枝特区职业技术学校,贵州省,六盘水市,,交通设施服务;停车场;公共停车场,150904,B0L3D760M0,交通设施服务,停车场,公共停车场,
105.46837358143654,26.220083763137865,同心圆超市(公交站),六枝2路,贵州省,六盘水市,,交通设施服务;公交车站;公交车站相关,150700,BV09211085,交通设施服务,公交车站,公交车站相关,
105.46533006531031,26.217002895800412,建设路口(公交站),六枝1路,贵州省,六盘水市,,交通设施服务;公交车站;公交车站相关,150700,BV10718968,交通设施服务,公交车站,公交车站相关,
105.46386202095599,26.21541415241265,停车场(健康住宅小区东南),建设路与甘河路交叉口东北40米,贵州省,六盘水市,,交通设施服务;停车场;路边停车场,150906,B0FFG7I9LM,交通设施服务,停车场,路边停车场,
105.47165397863662,26.22134040985973,竹欣苑地上停车场,竹欣苑,贵州省,六盘水市,,交通设施服务;停车场;公共停车场,150904,B0MDTRDZG2,交通设施服务,停车场,公共停车场,
105.46430188875381,26.216653019656167,宝丰楼停车场,建设路宝丰楼,贵州省,六盘水市,,交通设施服务;停车场;停车场相关,150900,B0FFHXLR2G,交通设施服务,停车场,停车场相关,
105.4677903104114,26.21954788824039,煤机新苑124号楼地下停车场,平寨镇交通东路煤机新苑,贵州省,六盘水市,,交通设施服务;停车场;公共停车场,150904,B0LR37FB7V,交通设施服务,停车场,公共停车场,
105.46789951832767,26.220242588560268,同心圆(六枝店)地下停车场,同心圆(煤机新苑店),贵州省,六盘水市,,交通设施服务;停车场;公共停车场,150904,B0IATZN106,交通设施服务,停车场,公共停车场,
105.46221062962327,26.21450840310715,六枝特区房地产综合开发公司41号商住楼停车场,健康路与建设路交叉口西80米,贵州省,六盘水市,,交通设施服务;停车场;专用停车场,150905,B0L19LHQ6O,交通设施服务,停车场,专用停车场,
105.46789951832767,26.220242588560268,同心圆(六枝店)地下停车场(出入口),同心圆(六枝店)地下停车场,贵州省,六盘水市,,交通设施服务;停车场;停车场出入口,150909,B0IATZN105,交通设施服务,停车场,停车场出入口,
105.46478087457736,26.217307646883256,酒店停车场,那平路与建设路交叉口西20米,贵州省,六盘水市,,交通设施服务;停车场;停车场相关,150900,B0HAKKFS0X,交通设施服务,停车场,停车场相关,
105.46143397868569,26.215799212098613,停车场(健康路),健康路与建设路交叉口西北200米,贵州省,六盘水市,,交通设施服务;停车场;路边停车场,150906,B0FFGBAR5L,交通设施服务,停车场,路边停车场,
105.4676900150327,26.221028491901883,六十五办-公区停车场,九龙路与建设路交叉口北40米,贵州省,六盘水市,,交通设施服务;停车场;停车场相关,150900,B0FFKKWBRM,交通设施服务,停车场,停车场相关,
105.46452125762511,26.218605740241895,停车场(建设路),建设路与那平路交叉口西北140米,贵州省,六盘水市,,交通设施服务;停车场;停车场相关,150900,B0HUFPWME9,交通设施服务,停车场,停车场相关,
105.45712073976419,26.21138703369802,六枝特区-交安停车场,三线记忆亲子园西南侧,贵州省,六盘水市,,交通设施服务;停车场;停车场相关,150900,B0GRD9LH25,交通设施服务,停车场,停车场相关,
105.46703957413692,26.221158840127423,雅馨时尚酒店(公交站),六枝2路;六枝2路(21:40);六枝K1路,贵州省,六盘水市,,交通设施服务;公交车站;公交车站相关,150700,BV10995303,交通设施服务,公交车站,公交车站相关,
105.46382280792434,26.21805061072609,扬州大酒店停车场,那平路与建设路交叉口西北140米,贵州省,六盘水市,,交通设施服务;停车场;公共停车场,150904,B0FFK1NI9T,交通设施服务,停车场,公共停车场,
105.46030773377876,26.215344135051016,六枝特区公安局停车场,六枝特区公安局,贵州省,六盘水市,,交通设施服务;停车场;专用停车场,150905,B0LKDRONIJ,交通设施服务,停车场,专用停车场,
105.46351614658911,26.218401030244294,金龙大酒店(那平路)地面停车场,金龙大酒店(那平路),贵州省,六盘水市,,交通设施服务;停车场;公共停车场,150904,B0IBUSLRG5,交通设施服务,停车场,公共停车场,
105.45954914863039,26.216978231112172,六枝特区影剧院停车场,正兴苑东北门旁,贵州省,六盘水市,,交通设施服务;停车场;公共停车场,150904,B0FFFSGV9T,交通设施服务,停车场,公共停车场,
105.46348608520039,26.21836893426578,金龙大酒店(那平路)地面停车场(出入口),金龙大酒店(那平路)地面停车场,贵州省,六盘水市,,交通设施服务;停车场;停车场出入口,150909,B0IBUSF4MH,交通设施服务,停车场,停车场出入口,
105.46547309924371,26.222535526490812,货运路口(公交站),六枝2路;六枝2路(21:40);六枝K1路,贵州省,六盘水市,,交通设施服务;公交车站;公交车站相关,150700,BV11657205,交通设施服务,公交车站,公交车站相关,
105.4657587890503,26.22104740031524,六枝特区实验中学停车场,交通东路六枝特区实验中学,贵州省,六盘水市,,交通设施服务;停车场;公共停车场,150904,B0L3AOYA8A,交通设施服务,停车场,公共停车场,
105.45927367168737,26.21567478437274,银壶社区(公交站),六枝5路;六枝9路;六枝K1路,贵州省,六盘水市,,交通设施服务;公交车站;公交车站相关,150700,BV11381224,交通设施服务,公交车站,公交车站相关,
105.46189370523624,26.220050877978096,休闲广场(公交站),六枝1路,贵州省,六盘水市,,交通设施服务;公交车站;公交车站相关,150700,BV10719599,交通设施服务,公交车站,公交车站相关,
105.45950608290333,26.21659289751595,正兴苑地上停车场,平寨镇健康路正兴苑,贵州省,六盘水市,,交通设施服务;停车场;公共停车场,150904,B0MDY6U0VE,交通设施服务,停车场,公共停车场,
105.45812734960417,26.21760513875696,影剧院(公交站),六枝3路;六枝3路(21:40);六枝K1路;六枝K2路,贵州省,六盘水市,,交通设施服务;公交车站;公交车站相关,150700,BV10720165,交通设施服务,公交车站,公交车站相关,
105.4577577006311,26.2164055389736,兴业大厦地面停车场(入口),兴业大厦停车场,贵州省,六盘水市,,交通设施服务;停车场;停车场入口,150907,B0HRO7LAZ8,交通设施服务,停车场,停车场入口,
105.46212019566373,26.219520137099035,停车场(出入口),那平路与兴隆路交叉口东南140米,贵州省,六盘水市,,交通设施服务;停车场;停车场出入口,150909,B0FFKC974Z,交通设施服务,停车场,停车场出入口,
105.45921847946707,26.21736965190954,正兴苑西侧停车场,健康路与兴隆路交叉口东南100米,贵州省,六盘水市,,交通设施服务;停车场;公共停车场,150904,B0L3H7A231,交通设施服务,停车场,公共停车场,
105.46043276734581,26.21970602151008,教师小区(公交站),六枝3路;六枝3路(21:40);六枝K1路,贵州省,六盘水市,,交通设施服务;公交车站;公交车站相关,150700,BV10720159,交通设施服务,公交车站,公交车站相关,
105.46599918458766,26.223569509930183,七冶华府地上停车场,七冶华府,贵州省,六盘水市,,交通设施服务;停车场;公共停车场,150904,B0MG74GPBG,交通设施服务,停车场,公共停车场,
105.45993078702068,26.21931855156003,卫健局(公交站),六枝3路,贵州省,六盘水市,,交通设施服务;公交车站;公交车站相关,150700,BV09448320,交通设施服务,公交车站,公交车站相关,
105.45716256235418,26.216556202618673,兴业大厦停车场,兴隆路与牂牁大道交叉口西南40米,贵州省,六盘水市,,交通设施服务;停车场;公共停车场,150904,B0HRO7M555,交通设施服务,停车场,公共停车场,
105.45703233029985,26.216278727926053,兴业大厦地下停车场,兴隆路与牂牁大道交叉口西南80米,贵州省,六盘水市,,交通设施服务;停车场;公共停车场,150904,B0HRO7MCN3,交通设施服务,停车场,公共停车场,
105.45812734960417,26.21760513875696,发改局(公交站),六枝3路,贵州省,六盘水市,,交通设施服务;公交车站;公交车站相关,150700,BV09446033,交通设施服务,公交车站,公交车站相关,
105.46245067020175,26.223670410319308,老客车站(公交站),六枝1路;六枝3路,贵州省,六盘水市,,交通设施服务;公交车站;公交车站相关,150700,BV10457387,交通设施服务,公交车站,公交车站相关,
105.46541894712095,26.223254806558316,停车场(九龙路),九龙路与那平路交叉口东南300米,贵州省,六盘水市,,交通设施服务;停车场;停车场相关,150900,B0FFLG1TAV,交通设施服务,停车场,停车场相关,

